compound_id	external_id	source	url	name
DrugBank_DB09261	DB09261	DrugBank	https://go.drugbank.com/drugs/DB09261	Certoparin
DrugBank_DB03245	DB03245	DrugBank	https://go.drugbank.com/drugs/DB03245	S-4-nitrobutyryl-coa
DrugBank_DB01545	DB01545	DrugBank	https://go.drugbank.com/drugs/DB01545	Ethyl Loflazepate
DrugBank_DB02789	DB02789	DrugBank	https://go.drugbank.com/drugs/DB02789	Pregnenolone
DrugBank_DB06781	DB06781	DrugBank	https://go.drugbank.com/drugs/DB06781	Difluprednate
DrugBank_DB14232	DB14232	DrugBank	https://go.drugbank.com/drugs/DB14232	Deacetylbisacodyl
DrugBank_DB07500	DB07500	DrugBank	https://go.drugbank.com/drugs/DB07500	(2e)-1-[2-hydroxy-4-methoxy-5-(3-methylbut-2-en-1-yl)phenyl]-3-(4-hydroxyphenyl)prop-2-en-1-one
DrugBank_DB12061	DB12061	DrugBank	https://go.drugbank.com/drugs/DB12061	Pardoprunox
DrugBank_DB00030	DB00030	DrugBank	https://go.drugbank.com/drugs/DB00030	Insulin Human
DrugBank_DB13140	DB13140	DrugBank	https://go.drugbank.com/drugs/DB13140	Bezlotoxumab
DrugBank_DB08389	DB08389	DrugBank	https://go.drugbank.com/drugs/DB08389	6,7-dimethoxy-4-[(3r)-3-(2-naphthyloxy)pyrrolidin-1-yl]quinazoline
DrugBank_DB01108	DB01108	DrugBank	https://go.drugbank.com/drugs/DB01108	Trilostane
DrugBank_DB06715	DB06715	DrugBank	https://go.drugbank.com/drugs/DB06715	Potassium Iodide
DrugBank_DB07248	DB07248	DrugBank	https://go.drugbank.com/drugs/DB07248	7-pyridin-2-yl-n-(3,4,5-trimethoxyphenyl)-7h-pyrrolo[2,3-d]pyrimidin-2-amine
DrugBank_DB03333	DB03333	DrugBank	https://go.drugbank.com/drugs/DB03333	(4-sulfamoyl-phenyl)-thiocarbamic Acid O-(2-thiophen-3-yl-ethyl) Ester
DrugBank_DB07030	DB07030	DrugBank	https://go.drugbank.com/drugs/DB07030	(5-chloro-2-{[(3-nitrobenzyl)amino]carbonyl}phenoxy)acetic Acid
DrugBank_DB02448	DB02448	DrugBank	https://go.drugbank.com/drugs/DB02448	N-tridecanoic Acid
DrugBank_DB12771	DB12771	DrugBank	https://go.drugbank.com/drugs/DB12771	Hydroxytyrosol
DrugBank_DB00890	DB00890	DrugBank	https://go.drugbank.com/drugs/DB00890	Dienestrol
DrugBank_DB11871	DB11871	DrugBank	https://go.drugbank.com/drugs/DB11871	Pf-00610355
DrugBank_DB08838	DB08838	DrugBank	https://go.drugbank.com/drugs/DB08838	Agmatine
DrugBank_DB07347	DB07347	DrugBank	https://go.drugbank.com/drugs/DB07347	4-(2-aminoethyl)benzenesulfonyl Fluoride
DrugBank_DB08641	DB08641	DrugBank	https://go.drugbank.com/drugs/DB08641	(2s,3s)-3-formyl-2-({[(4-nitrophenyl)sulfonyl]amino}methyl)pentanoic Acid
DrugBank_DB08173	DB08173	DrugBank	https://go.drugbank.com/drugs/DB08173	5-chloro-n-(2-(4-(2-oxopyridin-1(2h)-yl)benzamido)ethyl)thiophene-2-carboxamide
DrugBank_DB04770	DB04770	DrugBank	https://go.drugbank.com/drugs/DB04770	O6-(r)-roscovitine, R-2-(6-benzyloxy-9-isopropyl-9h-purin-2-ylamino)-butan-1-ol
DrugBank_DB00035	DB00035	DrugBank	https://go.drugbank.com/drugs/DB00035	Desmopressin
DrugBank_DB04432	DB04432	DrugBank	https://go.drugbank.com/drugs/DB04432	Zk-805623
DrugBank_DB00157	DB00157	DrugBank	https://go.drugbank.com/drugs/DB00157	Nadh
DrugBank_DB11812	DB11812	DrugBank	https://go.drugbank.com/drugs/DB11812	Talaporfin
DrugBank_DB00224	DB00224	DrugBank	https://go.drugbank.com/drugs/DB00224	Indinavir
DrugBank_DB11193	DB11193	DrugBank	https://go.drugbank.com/drugs/DB11193	Papain
DrugBank_DB01155	DB01155	DrugBank	https://go.drugbank.com/drugs/DB01155	Gemifloxacin
DrugBank_DB05183	DB05183	DrugBank	https://go.drugbank.com/drugs/DB05183	Mln0415
DrugBank_DB06064	DB06064	DrugBank	https://go.drugbank.com/drugs/DB06064	Kai-1455
DrugBank_DB01612	DB01612	DrugBank	https://go.drugbank.com/drugs/DB01612	Amyl Nitrite
DrugBank_DB04619	DB04619	DrugBank	https://go.drugbank.com/drugs/DB04619	Acetophenone
DrugBank_DB01249	DB01249	DrugBank	https://go.drugbank.com/drugs/DB01249	Iodixanol
DrugBank_DB00997	DB00997	DrugBank	https://go.drugbank.com/drugs/DB00997	Doxorubicin
DrugBank_DB00067	DB00067	DrugBank	https://go.drugbank.com/drugs/DB00067	Vasopressin
DrugBank_DB00911	DB00911	DrugBank	https://go.drugbank.com/drugs/DB00911	Tinidazole
DrugBank_DB04230	DB04230	DrugBank	https://go.drugbank.com/drugs/DB04230	Nitromethyldethia Coenzyme A
DrugBank_DB00866	DB00866	DrugBank	https://go.drugbank.com/drugs/DB00866	Alprenolol
DrugBank_DB06977	DB06977	DrugBank	https://go.drugbank.com/drugs/DB06977	(2s)-1-{[5-(1h-indazol-5-yl)-3-pyridinyl]oxy}-3-(7ah-indol-3-yl)-2-propanamine
DrugBank_DB14509	DB14509	DrugBank	https://go.drugbank.com/drugs/DB14509	Lithium Carbonate
DrugBank_DB01565	DB01565	DrugBank	https://go.drugbank.com/drugs/DB01565	Dihydromorphine
DrugBank_DB07977	DB07977	DrugBank	https://go.drugbank.com/drugs/DB07977	3-({[3,5-difluoro-3'-(trifluoromethoxy)biphenyl-4-yl]amino}carbonyl)thiophene-2-carboxylic Acid
DrugBank_DB08887	DB08887	DrugBank	https://go.drugbank.com/drugs/DB08887	Icosapent Ethyl
DrugBank_DB05740	DB05740	DrugBank	https://go.drugbank.com/drugs/DB05740	Rpi-78m
DrugBank_DB12293	DB12293	DrugBank	https://go.drugbank.com/drugs/DB12293	Nefopam
DrugBank_DB00202	DB00202	DrugBank	https://go.drugbank.com/drugs/DB00202	Succinylcholine
DrugBank_DB01593	DB01593	DrugBank	https://go.drugbank.com/drugs/DB01593	Zinc
DrugBank_DB02604	DB02604	DrugBank	https://go.drugbank.com/drugs/DB02604	2-deoxy-glucose-6-phosphate
DrugBank_DB01509	DB01509	DrugBank	https://go.drugbank.com/drugs/DB01509	Tenamfetamine
DrugBank_DB03706	DB03706	DrugBank	https://go.drugbank.com/drugs/DB03706	1-hydroxy-2-s-glutathionyl-3-para-nitrophenoxy-propane
DrugBank_DB02538	DB02538	DrugBank	https://go.drugbank.com/drugs/DB02538	N-[4-(2-methylimidazo[1,2-a]pyridin-3-yl)-2-pyrimidinyl]acetamide
DrugBank_DB07877	DB07877	DrugBank	https://go.drugbank.com/drugs/DB07877	8-(6-bromo-benzo[1,3]dioxol-5-ylsulfanyl)-9-(3-isopropylamino-propyl)-adenine
DrugBank_DB07447	DB07447	DrugBank	https://go.drugbank.com/drugs/DB07447	5beta-dihydrotestosterone
DrugBank_DB04837	DB04837	DrugBank	https://go.drugbank.com/drugs/DB04837	Clofedanol
DrugBank_DB03557	DB03557	DrugBank	https://go.drugbank.com/drugs/DB03557	4-[[(2s)-1-[[6-[(1-amino-1-oxo-3-sulfanylpropan-2-yl)amino]-6-oxohexyl]amino]-3-[4-[difluoro(phosphono)methyl]phenyl]-1-oxopropan-2-yl]amino]-3-[[2-[4-[difluoro(phosphono)methyl]phenyl]acetyl]amino]-4-oxobutanoic Acid
DrugBank_DB11166	DB11166	DrugBank	https://go.drugbank.com/drugs/DB11166	Antithrombin Alfa
DrugBank_DB00939	DB00939	DrugBank	https://go.drugbank.com/drugs/DB00939	Meclofenamic Acid
DrugBank_DB06711	DB06711	DrugBank	https://go.drugbank.com/drugs/DB06711	Naphazoline
DrugBank_DB07100	DB07100	DrugBank	https://go.drugbank.com/drugs/DB07100	4-chloro-6-(4-piperazin-1-yl-1h-pyrazol-5-yl)benzene-1,3-diol
DrugBank_DB05848	DB05848	DrugBank	https://go.drugbank.com/drugs/DB05848	Humanized Smart Anti-il-12 Antibody
DrugBank_DB06985	DB06985	DrugBank	https://go.drugbank.com/drugs/DB06985	2-[({4-[2-(trifluoromethyl)phenyl]piperidin-1-yl}carbonyl)amino]benzoic Acid
DrugBank_DB05420	DB05420	DrugBank	https://go.drugbank.com/drugs/DB05420	Gallium Maltolate
DrugBank_DB07063	DB07063	DrugBank	https://go.drugbank.com/drugs/DB07063	Lidorestat
DrugBank_DB01645	DB01645	DrugBank	https://go.drugbank.com/drugs/DB01645	Genistein
DrugBank_DB05075	DB05075	DrugBank	https://go.drugbank.com/drugs/DB05075	Tg-100801
DrugBank_DB00103	DB00103	DrugBank	https://go.drugbank.com/drugs/DB00103	Agalsidase Beta
DrugBank_DB08577	DB08577	DrugBank	https://go.drugbank.com/drugs/DB08577	3-[(3-(2-carboxyethyl)-4-methylpyrrol-2-yl)methylene]-2-indolinone
DrugBank_DB06069	DB06069	DrugBank	https://go.drugbank.com/drugs/DB06069	Xmt-1001
DrugBank_DB07336	DB07336	DrugBank	https://go.drugbank.com/drugs/DB07336	4-[3-(1h-benzimidazol-2-yl)-1h-indazol-6-yl]-2-methoxyphenol
DrugBank_DB12363	DB12363	DrugBank	https://go.drugbank.com/drugs/DB12363	Dusigitumab
DrugBank_DB07847	DB07847	DrugBank	https://go.drugbank.com/drugs/DB07847	6-chloro-n-{(3s)-1-[(1s)-1-methyl-2-(4-morpholinyl)-2-oxo Ethyl]-2-oxo-3-pyrrolidinyl}-2-naphthalenesulfonamide
DrugBank_DB07007	DB07007	DrugBank	https://go.drugbank.com/drugs/DB07007	(3r)-3-[(1,2,3,4-tetrahydroisoquinolin-7-yloxy)methyl]-2,3-dihydrothieno[2,3-f][1,4]oxazepin-5-amine
DrugBank_DB11419	DB11419	DrugBank	https://go.drugbank.com/drugs/DB11419	Haloxon
DrugBank_DB01640	DB01640	DrugBank	https://go.drugbank.com/drugs/DB01640	6-(4-{[2-(3-iodobenzyl)-3-oxocyclohex-1-en-1-yl]amino}phenyl)-5-methyl-4,5-dihydropyridazin-3(2h)-one
DrugBank_DB01941	DB01941	DrugBank	https://go.drugbank.com/drugs/DB01941	Lg-100268
DrugBank_DB01163	DB01163	DrugBank	https://go.drugbank.com/drugs/DB01163	Amdinocillin
DrugBank_DB08345	DB08345	DrugBank	https://go.drugbank.com/drugs/DB08345	4-(2-(1h-imidazol-4-yl)ethylamino)-2-(phenylamino)pyrazolo[1,5-a][1,3,5]triazine-8-carbonitrile
DrugBank_DB07814	DB07814	DrugBank	https://go.drugbank.com/drugs/DB07814	Gibberellic Acid
DrugBank_DB05381	DB05381	DrugBank	https://go.drugbank.com/drugs/DB05381	Histamine
DrugBank_DB06700	DB06700	DrugBank	https://go.drugbank.com/drugs/DB06700	Desvenlafaxine
DrugBank_DB08182	DB08182	DrugBank	https://go.drugbank.com/drugs/DB08182	4-(4-propoxy-1h-pyrrolo[2,3-b]pyridin-3-yl)pyrimidin-2-amine
DrugBank_DB09325	DB09325	DrugBank	https://go.drugbank.com/drugs/DB09325	Sodium Fluoride
DrugBank_DB00645	DB00645	DrugBank	https://go.drugbank.com/drugs/DB00645	Dyclonine
DrugBank_DB06176	DB06176	DrugBank	https://go.drugbank.com/drugs/DB06176	Romidepsin
DrugBank_DB05990	DB05990	DrugBank	https://go.drugbank.com/drugs/DB05990	Obeticholic Acid
DrugBank_DB04714	DB04714	DrugBank	https://go.drugbank.com/drugs/DB04714	Isopentenyl Pyrophosphate
DrugBank_DB04254	DB04254	DrugBank	https://go.drugbank.com/drugs/DB04254	8-benzo[1,3]dioxol-,5-ylmethyl-9-butyl-2-fluoro-9h-purin-6-ylamine
DrugBank_DB02153	DB02153	DrugBank	https://go.drugbank.com/drugs/DB02153	3-sulfino-l-alanine
DrugBank_DB08601	DB08601	DrugBank	https://go.drugbank.com/drugs/DB08601	Tributyltin
DrugBank_DB15595	DB15595	DrugBank	https://go.drugbank.com/drugs/DB15595	Ebola Zaire Vaccine (live, Attenuated)
DrugBank_DB04752	DB04752	DrugBank	https://go.drugbank.com/drugs/DB04752	Phosphatidyl Ethanol
DrugBank_DB04612	DB04612	DrugBank	https://go.drugbank.com/drugs/DB04612	N-methylalanyl-3-methylvalyl-4-phenoxy-n-(1,2,3,4-tetrahydronaphthalen-1-yl)prolinamide
DrugBank_DB00017	DB00017	DrugBank	https://go.drugbank.com/drugs/DB00017	Salmon Calcitonin
DrugBank_DB07025	DB07025	DrugBank	https://go.drugbank.com/drugs/DB07025	3-(5-{[4-(aminomethyl)piperidin-1-yl]methyl}-1h-indol-2-yl)quinolin-2(1h)-one
DrugBank_DB08028	DB08028	DrugBank	https://go.drugbank.com/drugs/DB08028	But-3-enyl-[5-(4-chloro-phenyl)-3,6-dihydro-[1,3,4]thiadiazin-2-ylidene]-amine
DrugBank_DB14824	DB14824	DrugBank	https://go.drugbank.com/drugs/DB14824	Icrucumab
DrugBank_DB09331	DB09331	DrugBank	https://go.drugbank.com/drugs/DB09331	Daratumumab
DrugBank_DB08842	DB08842	DrugBank	https://go.drugbank.com/drugs/DB08842	Acetylcarnitine
DrugBank_DB03181	DB03181	DrugBank	https://go.drugbank.com/drugs/DB03181	2-[4-(4-hydroxy-3-isopropyl-phenoxy)-3,5-dimethyl-phenyl]-2h-[1,2,4]triazine-3,5-dione
DrugBank_DB11168	DB11168	DrugBank	https://go.drugbank.com/drugs/DB11168	Calcium Threonate
DrugBank_DB12447	DB12447	DrugBank	https://go.drugbank.com/drugs/DB12447	Nadifloxacin
DrugBank_DB04723	DB04723	DrugBank	https://go.drugbank.com/drugs/DB04723	2-(3-guanidinophenyl)-3-mercaptopropanoic Acid
DrugBank_DB01030	DB01030	DrugBank	https://go.drugbank.com/drugs/DB01030	Topotecan
DrugBank_DB13135	DB13135	DrugBank	https://go.drugbank.com/drugs/DB13135	Agn-201904
DrugBank_DB13713	DB13713	DrugBank	https://go.drugbank.com/drugs/DB13713	Quifenadine
DrugBank_DB07047	DB07047	DrugBank	https://go.drugbank.com/drugs/DB07047	2',4'-dichloro-4-hydroxy-1,1'-biphenyl-3-carboxylic Acid
DrugBank_DB04977	DB04977	DrugBank	https://go.drugbank.com/drugs/DB04977	Plitidepsin
DrugBank_DB08369	DB08369	DrugBank	https://go.drugbank.com/drugs/DB08369	1-(biphenyl-4-ylmethyl)-1h-imidazole
DrugBank_DB02359	DB02359	DrugBank	https://go.drugbank.com/drugs/DB02359	9-butyl-8-(2,5-dimethoxy-benzyl)-9h-purin-6-ylamine
DrugBank_DB12107	DB12107	DrugBank	https://go.drugbank.com/drugs/DB12107	Vaborbactam
DrugBank_DB07641	DB07641	DrugBank	https://go.drugbank.com/drugs/DB07641	Decyl(dimethyl)phosphine Oxide
DrugBank_DB04991	DB04991	DrugBank	https://go.drugbank.com/drugs/DB04991	Xl784
DrugBank_DB02424	DB02424	DrugBank	https://go.drugbank.com/drugs/DB02424	Geldanamycin
DrugBank_DB04697	DB04697	DrugBank	https://go.drugbank.com/drugs/DB04697	Trans-4-(guanidinomethyl)-cyclohexane-l-yl-d-3-cyclohexylalanyl-l-azetidine-2-yl-d-tyrosinyl-l-homoargininamide
DrugBank_DB13064	DB13064	DrugBank	https://go.drugbank.com/drugs/DB13064	Tramazoline
DrugBank_DB12470	DB12470	DrugBank	https://go.drugbank.com/drugs/DB12470	Dexelvucitabine
DrugBank_DB02376	DB02376	DrugBank	https://go.drugbank.com/drugs/DB02376	D-gluconhydroximo-1,5-lactam
DrugBank_DB01471	DB01471	DrugBank	https://go.drugbank.com/drugs/DB01471	Bolasterone
DrugBank_DB01090	DB01090	DrugBank	https://go.drugbank.com/drugs/DB01090	Pentolinium
DrugBank_DB08104	DB08104	DrugBank	https://go.drugbank.com/drugs/DB08104	N-(3,5-dibromo-4-hydroxyphenyl)benzamide
DrugBank_DB03935	DB03935	DrugBank	https://go.drugbank.com/drugs/DB03935	1,4-dideoxy-o2-sulfo-glucuronic Acid
DrugBank_DB09272	DB09272	DrugBank	https://go.drugbank.com/drugs/DB09272	Eluxadoline
DrugBank_DB00894	DB00894	DrugBank	https://go.drugbank.com/drugs/DB00894	Testolactone
DrugBank_DB02216	DB02216	DrugBank	https://go.drugbank.com/drugs/DB02216	S-methylcysteine
DrugBank_DB00199	DB00199	DrugBank	https://go.drugbank.com/drugs/DB00199	Erythromycin
DrugBank_DB05466	DB05466	DrugBank	https://go.drugbank.com/drugs/DB05466	R673
DrugBank_DB00842	DB00842	DrugBank	https://go.drugbank.com/drugs/DB00842	Oxazepam
DrugBank_DB07981	DB07981	DrugBank	https://go.drugbank.com/drugs/DB07981	2-[1-(4-chlorobenzoyl)-5-methoxy-2-methyl-1h-indol-3-yl]-n-[(1r)-1-(hydroxymethyl)propyl]acetamide
DrugBank_DB01840	DB01840	DrugBank	https://go.drugbank.com/drugs/DB01840	2-deoxy-d-glucitol 6-(e)-vinylhomophosphonate
DrugBank_DB00264	DB00264	DrugBank	https://go.drugbank.com/drugs/DB00264	Metoprolol
DrugBank_DB13396	DB13396	DrugBank	https://go.drugbank.com/drugs/DB13396	Neocitrullamon
DrugBank_DB04099	DB04099	DrugBank	https://go.drugbank.com/drugs/DB04099	Deamido-nad+
DrugBank_DB00759	DB00759	DrugBank	https://go.drugbank.com/drugs/DB00759	Tetracycline
DrugBank_DB04617	DB04617	DrugBank	https://go.drugbank.com/drugs/DB04617	(9s)-9-[(8-ammoniooctyl)amino]-1,2,3,4,9,10-hexahydroacridinium
DrugBank_DB13459	DB13459	DrugBank	https://go.drugbank.com/drugs/DB13459	Pecilocin
DrugBank_DB00485	DB00485	DrugBank	https://go.drugbank.com/drugs/DB00485	Dicloxacillin
DrugBank_DB06719	DB06719	DrugBank	https://go.drugbank.com/drugs/DB06719	Buserelin
DrugBank_DB01139	DB01139	DrugBank	https://go.drugbank.com/drugs/DB01139	Cefapirin
DrugBank_DB12177	DB12177	DrugBank	https://go.drugbank.com/drugs/DB12177	Eplivanserin
DrugBank_DB06899	DB06899	DrugBank	https://go.drugbank.com/drugs/DB06899	N-{2-[6-(2,4-diamino-6-ethylpyrimidin-5-yl)-2,2-dimethyl-3-oxo-2,3-dihydro-4h-1,4-benzothiazin-4-yl]ethyl}acetamide
DrugBank_DB00668	DB00668	DrugBank	https://go.drugbank.com/drugs/DB00668	Epinephrine
DrugBank_DB09015	DB09015	DrugBank	https://go.drugbank.com/drugs/DB09015	Canrenoic Acid
DrugBank_DB02661	DB02661	DrugBank	https://go.drugbank.com/drugs/DB02661	Adenosine-5'-diphosphate-2',3'-vanadate
DrugBank_DB13158	DB13158	DrugBank	https://go.drugbank.com/drugs/DB13158	Clobetasone
DrugBank_DB08513	DB08513	DrugBank	https://go.drugbank.com/drugs/DB08513	[4-({5-(aminocarbonyl)-4-[(3-methylphenyl)amino]pyrimidin-2-yl}amino)phenyl]acetic Acid
DrugBank_DB03456	DB03456	DrugBank	https://go.drugbank.com/drugs/DB03456	N2-[(benzyloxy)carbonyl]-n1-[(3s)-1-cyanopyrrolidin-3-yl]-l-leucinamide
DrugBank_DB00577	DB00577	DrugBank	https://go.drugbank.com/drugs/DB00577	Valaciclovir
DrugBank_DB05225	DB05225	DrugBank	https://go.drugbank.com/drugs/DB05225	Am103
DrugBank_DB06506	DB06506	DrugBank	https://go.drugbank.com/drugs/DB06506	Repinotan
DrugBank_DB07800	DB07800	DrugBank	https://go.drugbank.com/drugs/DB07800	N-(2-(((5-chloro-2-pyridinyl)amino)sulfonyl)phenyl)-4-(2-oxo-1(2h)-pyridinyl)benzamide
DrugBank_DB02143	DB02143	DrugBank	https://go.drugbank.com/drugs/DB02143	1-hydroxy-2-isopropylguanidine
DrugBank_DB09187	DB09187	DrugBank	https://go.drugbank.com/drugs/DB09187	Lortalamine
DrugBank_DB13003	DB13003	DrugBank	https://go.drugbank.com/drugs/DB13003	Cortivazol
DrugBank_DB08326	DB08326	DrugBank	https://go.drugbank.com/drugs/DB08326	2-(6-hydroxy-1,3-benzothiazol-2-yl)-1,3-thiazol-4(5h)-one
DrugBank_DB05087	DB05087	DrugBank	https://go.drugbank.com/drugs/DB05087	Ganaxolone
DrugBank_DB08179	DB08179	DrugBank	https://go.drugbank.com/drugs/DB08179	Methyl 4-(2,3-dihydroxy-5-methylphenoxy)-2-hydroxy-6-methylbenzoate
DrugBank_DB13261	DB13261	DrugBank	https://go.drugbank.com/drugs/DB13261	Sitafloxacin
DrugBank_DB01284	DB01284	DrugBank	https://go.drugbank.com/drugs/DB01284	Tetracosactide
DrugBank_DB08690	DB08690	DrugBank	https://go.drugbank.com/drugs/DB08690	Ubiquinone Q2
DrugBank_DB13211	DB13211	DrugBank	https://go.drugbank.com/drugs/DB13211	Guanoxan
DrugBank_DB00353	DB00353	DrugBank	https://go.drugbank.com/drugs/DB00353	Methylergometrine
DrugBank_DB08898	DB08898	DrugBank	https://go.drugbank.com/drugs/DB08898	Glucarpidase
DrugBank_DB04725	DB04725	DrugBank	https://go.drugbank.com/drugs/DB04725	Licofelone
DrugBank_DB09378	DB09378	DrugBank	https://go.drugbank.com/drugs/DB09378	Fluprednisolone
DrugBank_DB00867	DB00867	DrugBank	https://go.drugbank.com/drugs/DB00867	Ritodrine
DrugBank_DB12329	DB12329	DrugBank	https://go.drugbank.com/drugs/DB12329	Eravacycline
DrugBank_DB01188	DB01188	DrugBank	https://go.drugbank.com/drugs/DB01188	Ciclopirox
DrugBank_DB07206	DB07206	DrugBank	https://go.drugbank.com/drugs/DB07206	6-[2-(1h-indol-6-yl)ethyl]pyridin-2-amine
DrugBank_DB04473	DB04473	DrugBank	https://go.drugbank.com/drugs/DB04473	Alpha-l-fucose
DrugBank_DB05296	DB05296	DrugBank	https://go.drugbank.com/drugs/DB05296	Motexafin Lutetium
DrugBank_DB02555	DB02555	DrugBank	https://go.drugbank.com/drugs/DB02555	Sp4160
DrugBank_DB03845	DB03845	DrugBank	https://go.drugbank.com/drugs/DB03845	P1-(5'-adenosyl)p5-(5'-(3'azido-3'-deoxythymidyl))pentaphosphate
DrugBank_DB13846	DB13846	DrugBank	https://go.drugbank.com/drugs/DB13846	Pyrrobutamine
DrugBank_DB03886	DB03886	DrugBank	https://go.drugbank.com/drugs/DB03886	Biopterin
DrugBank_DB04518	DB04518	DrugBank	https://go.drugbank.com/drugs/DB04518	3-[4-(2,4-dimethyl-thiazol-5-yl)-pyrimidin-2-ylamino]-phenol
DrugBank_DB02520	DB02520	DrugBank	https://go.drugbank.com/drugs/DB02520	Ditiocarb
DrugBank_DB08370	DB08370	DrugBank	https://go.drugbank.com/drugs/DB08370	S-(4-bromobenzyl)cysteine
DrugBank_DB01745	DB01745	DrugBank	https://go.drugbank.com/drugs/DB01745	N-alpha-(2-naphthylsulfonyl)-n(3-amidino-l-phenylalaninyl)isopipecolinic Acid Methyl Ester
DrugBank_DB05787	DB05787	DrugBank	https://go.drugbank.com/drugs/DB05787	Lm-609
DrugBank_DB09109	DB09109	DrugBank	https://go.drugbank.com/drugs/DB09109	Turoctocog Alfa
DrugBank_DB03958	DB03958	DrugBank	https://go.drugbank.com/drugs/DB03958	7-methyl-guanosine-5'-triphosphate-5'-guanosine
DrugBank_DB04836	DB04836	DrugBank	https://go.drugbank.com/drugs/DB04836	Amineptine
DrugBank_DB00026	DB00026	DrugBank	https://go.drugbank.com/drugs/DB00026	Anakinra
DrugBank_DB00057	DB00057	DrugBank	https://go.drugbank.com/drugs/DB00057	Indium In-111 Satumomab Pendetide
DrugBank_DB04600	DB04600	DrugBank	https://go.drugbank.com/drugs/DB04600	4-[(3-bromo-4-o-sulfamoylbenzyl)(4-cyanophenyl)amino]-4h-[1,2,4]-triazole
DrugBank_DB08332	DB08332	DrugBank	https://go.drugbank.com/drugs/DB08332	9-(2-carboxyethyl)-10-methylanthracene Endoperoxide
DrugBank_DB13311	DB13311	DrugBank	https://go.drugbank.com/drugs/DB13311	Trepibutone
DrugBank_DB08831	DB08831	DrugBank	https://go.drugbank.com/drugs/DB08831	2-deoxyglucose
DrugBank_DB07116	DB07116	DrugBank	https://go.drugbank.com/drugs/DB07116	1-(2-deoxy-5-o-phosphono-beta-d-erythro-pentofuranosyl)-4-methyl-1h-indole
DrugBank_DB04793	DB04793	DrugBank	https://go.drugbank.com/drugs/DB04793	1,4:3,6-dianhydro-2-o-(3-carbamimidoylphenyl)-5-o-(4-carbamimidoylphenyl)-d-glucitol
DrugBank_DB09243	DB09243	DrugBank	https://go.drugbank.com/drugs/DB09243	Hydracarbazine
DrugBank_DB00695	DB00695	DrugBank	https://go.drugbank.com/drugs/DB00695	Furosemide
DrugBank_DB01126	DB01126	DrugBank	https://go.drugbank.com/drugs/DB01126	Dutasteride
DrugBank_DB12268	DB12268	DrugBank	https://go.drugbank.com/drugs/DB12268	Carmegliptin
DrugBank_DB11595	DB11595	DrugBank	https://go.drugbank.com/drugs/DB11595	Atezolizumab
DrugBank_DB14491	DB14491	DrugBank	https://go.drugbank.com/drugs/DB14491	Ferrous Fumarate
DrugBank_DB02811	DB02811	DrugBank	https://go.drugbank.com/drugs/DB02811	Diethyl Phosphonate
DrugBank_DB07406	DB07406	DrugBank	https://go.drugbank.com/drugs/DB07406	(4r)-n-[4-({[2-(dimethylamino)ethyl]amino}carbonyl)-1,3-thiazol-2-yl]-4-methyl-1-oxo-2,3,4,9-tetrahydro-1h-beta-carboline-6-carboxamide
DrugBank_DB04285	DB04285	DrugBank	https://go.drugbank.com/drugs/DB04285	{4-[(2s,4e)-2-(1,3-benzothiazol-2-yl)-2-(1h-1,2,3-benzotriazol-1-yl)-5-phenylpent-4-enyl]phenyl}(difluoro)methylphosphonic Acid
DrugBank_DB06738	DB06738	DrugBank	https://go.drugbank.com/drugs/DB06738	Ketobemidone
DrugBank_DB00965	DB00965	DrugBank	https://go.drugbank.com/drugs/DB00965	Ethiodized Oil
DrugBank_DB08394	DB08394	DrugBank	https://go.drugbank.com/drugs/DB08394	Para-nitrophenylphosphonobutanoyl-glycine
DrugBank_DB02955	DB02955	DrugBank	https://go.drugbank.com/drugs/DB02955	Ricinoleic Acid
DrugBank_DB02288	DB02288	DrugBank	https://go.drugbank.com/drugs/DB02288	Cra-9334
DrugBank_DB00023	DB00023	DrugBank	https://go.drugbank.com/drugs/DB00023	Asparaginase Escherichia Coli
DrugBank_DB01439	DB01439	DrugBank	https://go.drugbank.com/drugs/DB01439	3-methylthiofentanyl
DrugBank_DB13844	DB13844	DrugBank	https://go.drugbank.com/drugs/DB13844	Pipenzolate
DrugBank_DB09045	DB09045	DrugBank	https://go.drugbank.com/drugs/DB09045	Dulaglutide
DrugBank_DB08213	DB08213	DrugBank	https://go.drugbank.com/drugs/DB08213	1-methyl-5-(2-phenoxymethyl-pyrrolidine-1-sulfonyl)-1h-indole-2,3-dione
DrugBank_DB06963	DB06963	DrugBank	https://go.drugbank.com/drugs/DB06963	3-[3-(3-methyl-6-{[(1s)-1-phenylethyl]amino}-1h-pyrazolo[4,3-c]pyridin-1-yl)phenyl]propanamide
DrugBank_DB06730	DB06730	DrugBank	https://go.drugbank.com/drugs/DB06730	Gestodene
DrugBank_DB00683	DB00683	DrugBank	https://go.drugbank.com/drugs/DB00683	Midazolam
DrugBank_DB11248	DB11248	DrugBank	https://go.drugbank.com/drugs/DB11248	Zinc Gluconate
DrugBank_DB03217	DB03217	DrugBank	https://go.drugbank.com/drugs/DB03217	Dpi59
DrugBank_DB06880	DB06880	DrugBank	https://go.drugbank.com/drugs/DB06880	(1s)-2-[(2s,5r)-2-(aminomethyl)-5-prop-1-yn-1-ylpyrrolidin-1-yl]-1-cyclopentyl-2-oxoethanamine
DrugBank_DB13860	DB13860	DrugBank	https://go.drugbank.com/drugs/DB13860	Imidazole Salicylate
DrugBank_DB11383	DB11383	DrugBank	https://go.drugbank.com/drugs/DB11383	Carbomycin
DrugBank_DB13386	DB13386	DrugBank	https://go.drugbank.com/drugs/DB13386	Epimestrol
DrugBank_DB02545	DB02545	DrugBank	https://go.drugbank.com/drugs/DB02545	Fexaramine
DrugBank_DB03467	DB03467	DrugBank	https://go.drugbank.com/drugs/DB03467	Naringenin
DrugBank_DB14922	DB14922	DrugBank	https://go.drugbank.com/drugs/DB14922	Tislelizumab
DrugBank_DB07785	DB07785	DrugBank	https://go.drugbank.com/drugs/DB07785	1-{(1r,2s)-2-hydroxy-1-[2-(2-naphthyloxy)ethyl]propyl}-1h-imidazone-4-carboxamide
DrugBank_DB01486	DB01486	DrugBank	https://go.drugbank.com/drugs/DB01486	Cathine
DrugBank_DB06761	DB06761	DrugBank	https://go.drugbank.com/drugs/DB06761	Beractant
DrugBank_DB07740	DB07740	DrugBank	https://go.drugbank.com/drugs/DB07740	(7r,12r,13r)-13-formyl-12,14-dihydroxy-3,5,7-trimethyltetradeca-2,4-dienoic Acid
DrugBank_DB02975	DB02975	DrugBank	https://go.drugbank.com/drugs/DB02975	Ge-2270a
DrugBank_DB15113	DB15113	DrugBank	https://go.drugbank.com/drugs/DB15113	Utomilumab
DrugBank_DB07973	DB07973	DrugBank	https://go.drugbank.com/drugs/DB07973	N-(1-isopropylpiperidin-4-yl)-1-(3-methoxybenzyl)-1h-indole-2-carboxamide
DrugBank_DB06931	DB06931	DrugBank	https://go.drugbank.com/drugs/DB06931	(1-hydroxynonane-1,1-diyl)bis(phosphonic Acid)
DrugBank_DB08583	DB08583	DrugBank	https://go.drugbank.com/drugs/DB08583	2-amino-5-[3-(1-ethyl-1h-pyrazol-5-yl)-1h-pyrrolo[2,3-b]pyridin-5-yl]-n,n-dimethylbenzamide
DrugBank_DB06480	DB06480	DrugBank	https://go.drugbank.com/drugs/DB06480	Prucalopride
DrugBank_DB04409	DB04409	DrugBank	https://go.drugbank.com/drugs/DB04409	Naphthalene Trisulfonate
DrugBank_DB05271	DB05271	DrugBank	https://go.drugbank.com/drugs/DB05271	Rotigotine
DrugBank_DB12833	DB12833	DrugBank	https://go.drugbank.com/drugs/DB12833	Tandospirone
DrugBank_DB09472	DB09472	DrugBank	https://go.drugbank.com/drugs/DB09472	Sodium Sulfate
DrugBank_DB00938	DB00938	DrugBank	https://go.drugbank.com/drugs/DB00938	Salmeterol
DrugBank_DB00206	DB00206	DrugBank	https://go.drugbank.com/drugs/DB00206	Reserpine
DrugBank_DB00865	DB00865	DrugBank	https://go.drugbank.com/drugs/DB00865	Benzphetamine
DrugBank_DB09479	DB09479	DrugBank	https://go.drugbank.com/drugs/DB09479	Rubidium Rb-82
DrugBank_DB03512	DB03512	DrugBank	https://go.drugbank.com/drugs/DB03512	Uridine-2',3'-vanadate
DrugBank_DB08406	DB08406	DrugBank	https://go.drugbank.com/drugs/DB08406	[n-(2,4-diaminopteridin-6-yl)-methyl]-dibenz[b,f]azepine
DrugBank_DB03611	DB03611	DrugBank	https://go.drugbank.com/drugs/DB03611	L-2-amino-4-methoxy-cis-but-3-enoic Acid
DrugBank_DB06902	DB06902	DrugBank	https://go.drugbank.com/drugs/DB06902	P-cumylphenol
DrugBank_DB05967	DB05967	DrugBank	https://go.drugbank.com/drugs/DB05967	Anz-100
DrugBank_DB06479	DB06479	DrugBank	https://go.drugbank.com/drugs/DB06479	Propentofylline
DrugBank_DB13382	DB13382	DrugBank	https://go.drugbank.com/drugs/DB13382	Chlorproethazine
DrugBank_DB06605	DB06605	DrugBank	https://go.drugbank.com/drugs/DB06605	Apixaban
DrugBank_DB09481	DB09481	DrugBank	https://go.drugbank.com/drugs/DB09481	Magnesium Carbonate
DrugBank_DB15091	DB15091	DrugBank	https://go.drugbank.com/drugs/DB15091	Upadacitinib
DrugBank_DB07949	DB07949	DrugBank	https://go.drugbank.com/drugs/DB07949	({[(3e)-2'-oxo-2',7'-dihydro-2,3'-biindol-3(7h)-ylidene]amino}oxy)acetic Acid
DrugBank_DB00525	DB00525	DrugBank	https://go.drugbank.com/drugs/DB00525	Tolnaftate
DrugBank_DB02983	DB02983	DrugBank	https://go.drugbank.com/drugs/DB02983	Para-mercury-benzenesulfonic Acid
DrugBank_DB01098	DB01098	DrugBank	https://go.drugbank.com/drugs/DB01098	Rosuvastatin
DrugBank_DB15404	DB15404	DrugBank	https://go.drugbank.com/drugs/DB15404	Heparin, Bovine
DrugBank_DB13642	DB13642	DrugBank	https://go.drugbank.com/drugs/DB13642	Pridinol
DrugBank_DB00601	DB00601	DrugBank	https://go.drugbank.com/drugs/DB00601	Linezolid
DrugBank_DB09120	DB09120	DrugBank	https://go.drugbank.com/drugs/DB09120	Zucapsaicin
DrugBank_DB13221	DB13221	DrugBank	https://go.drugbank.com/drugs/DB13221	Apronalide
DrugBank_DB02272	DB02272	DrugBank	https://go.drugbank.com/drugs/DB02272	Porphobilinogen
DrugBank_DB11463	DB11463	DrugBank	https://go.drugbank.com/drugs/DB11463	Sulfanitran
DrugBank_DB07016	DB07016	DrugBank	https://go.drugbank.com/drugs/DB07016	(3r)-8-(dioxidosulfanyl)-3-methyl-1,2,3,4-tetrahydroquinoline
DrugBank_DB11930	DB11930	DrugBank	https://go.drugbank.com/drugs/DB11930	Varlilumab
DrugBank_DB07256	DB07256	DrugBank	https://go.drugbank.com/drugs/DB07256	3-({4-[(5-chloro-1,3-benzodioxol-4-yl)amino]pyrimidin-2-yl}amino)benzamide
DrugBank_DB06207	DB06207	DrugBank	https://go.drugbank.com/drugs/DB06207	Silodosin
DrugBank_DB01049	DB01049	DrugBank	https://go.drugbank.com/drugs/DB01049	Ergoloid Mesylate
DrugBank_DB03828	DB03828	DrugBank	https://go.drugbank.com/drugs/DB03828	Ru78299
DrugBank_DB08593	DB08593	DrugBank	https://go.drugbank.com/drugs/DB08593	1,2,5-thiadiazolidin-3-one-1,1-dioxide
DrugBank_DB00588	DB00588	DrugBank	https://go.drugbank.com/drugs/DB00588	Fluticasone Propionate
DrugBank_DB02581	DB02581	DrugBank	https://go.drugbank.com/drugs/DB02581	N(2)-carbamimidoyl-n-{2-[4-(3-{4-[(5-carboxyfuran-2-yl)methoxy]-2,3-dichlorophenyl}-1-methyl-1h-pyrazol-5-yl)piperidin-1-yl]-2-oxoethyl}-d-leucinamide
DrugBank_DB07780	DB07780	DrugBank	https://go.drugbank.com/drugs/DB07780	Farnesyl Diphosphate
DrugBank_DB13793	DB13793	DrugBank	https://go.drugbank.com/drugs/DB13793	Vinburnine
DrugBank_DB03991	DB03991	DrugBank	https://go.drugbank.com/drugs/DB03991	2-deoxy-2,3-dehydro-n-acetylneuraminic Acid
DrugBank_DB00009	DB00009	DrugBank	https://go.drugbank.com/drugs/DB00009	Alteplase
DrugBank_DB13378	DB13378	DrugBank	https://go.drugbank.com/drugs/DB13378	Norfenefrine
DrugBank_DB02542	DB02542	DrugBank	https://go.drugbank.com/drugs/DB02542	(4s)-5-fluoro-l-leucine
DrugBank_DB03809	DB03809	DrugBank	https://go.drugbank.com/drugs/DB03809	9-butyl-8-(3-methoxybenzyl)-9h-purin-6-amine
DrugBank_DB04849	DB04849	DrugBank	https://go.drugbank.com/drugs/DB04849	Cediranib
DrugBank_DB06153	DB06153	DrugBank	https://go.drugbank.com/drugs/DB06153	Pizotifen
DrugBank_DB11780	DB11780	DrugBank	https://go.drugbank.com/drugs/DB11780	Allicin
DrugBank_DB05773	DB05773	DrugBank	https://go.drugbank.com/drugs/DB05773	Trastuzumab Emtansine
DrugBank_DB12317	DB12317	DrugBank	https://go.drugbank.com/drugs/DB12317	Vanucizumab
DrugBank_DB00363	DB00363	DrugBank	https://go.drugbank.com/drugs/DB00363	Clozapine
DrugBank_DB14930	DB14930	DrugBank	https://go.drugbank.com/drugs/DB14930	Alovudine F-18
DrugBank_DB02032	DB02032	DrugBank	https://go.drugbank.com/drugs/DB02032	Epicaptopril
DrugBank_DB13914	DB13914	DrugBank	https://go.drugbank.com/drugs/DB13914	Volixibat
DrugBank_DB11195	DB11195	DrugBank	https://go.drugbank.com/drugs/DB11195	Xylitol
DrugBank_DB06866	DB06866	DrugBank	https://go.drugbank.com/drugs/DB06866	6-carbamimidoyl-2-[2-hydroxy-5-(3-methoxy-phenyl)-indan-1-yl]-hexanoic Acid
DrugBank_DB02328	DB02328	DrugBank	https://go.drugbank.com/drugs/DB02328	2-[(3-hydroxy-2-methyl-5-phosphonooxymethyl-pyridin-4-ylmethyl)-imino]-5-phosphono-pent-3-enoic Acid
DrugBank_DB12843	DB12843	DrugBank	https://go.drugbank.com/drugs/DB12843	Oleandrin
DrugBank_DB13414	DB13414	DrugBank	https://go.drugbank.com/drugs/DB13414	Fenyramidol
DrugBank_DB01234	DB01234	DrugBank	https://go.drugbank.com/drugs/DB01234	Dexamethasone
DrugBank_DB04250	DB04250	DrugBank	https://go.drugbank.com/drugs/DB04250	Butyrylthiocholine
DrugBank_DB05157	DB05157	DrugBank	https://go.drugbank.com/drugs/DB05157	Kc706
DrugBank_DB05790	DB05790	DrugBank	https://go.drugbank.com/drugs/DB05790	Sr 140333
DrugBank_DB06194	DB06194	DrugBank	https://go.drugbank.com/drugs/DB06194	Elocalcitol
DrugBank_DB03877	DB03877	DrugBank	https://go.drugbank.com/drugs/DB03877	Al-4623
DrugBank_DB00340	DB00340	DrugBank	https://go.drugbank.com/drugs/DB00340	Metixene
DrugBank_DB00632	DB00632	DrugBank	https://go.drugbank.com/drugs/DB00632	Docosanol
DrugBank_DB03616	DB03616	DrugBank	https://go.drugbank.com/drugs/DB03616	Kabiramide C
DrugBank_DB02391	DB02391	DrugBank	https://go.drugbank.com/drugs/DB02391	2-amino-7-[2-(2-hydroxy-1-hydroxymethyl-ethylamino)-ethyl]-1,7-dihydro-purin-6-one
DrugBank_DB06255	DB06255	DrugBank	https://go.drugbank.com/drugs/DB06255	Incadronic Acid
DrugBank_DB02220	DB02220	DrugBank	https://go.drugbank.com/drugs/DB02220	Al7089a
DrugBank_DB07286	DB07286	DrugBank	https://go.drugbank.com/drugs/DB07286	Bms-564929
DrugBank_DB13419	DB13419	DrugBank	https://go.drugbank.com/drugs/DB13419	Troxipide
DrugBank_DB08765	DB08765	DrugBank	https://go.drugbank.com/drugs/DB08765	6-hydroxy-1,3-benzothiazole-2-sulfonamide
DrugBank_DB14060	DB14060	DrugBank	https://go.drugbank.com/drugs/DB14060	Ns-398
DrugBank_DB13537	DB13537	DrugBank	https://go.drugbank.com/drugs/DB13537	Gitoformate
DrugBank_DB05679	DB05679	DrugBank	https://go.drugbank.com/drugs/DB05679	Ustekinumab
DrugBank_DB07755	DB07755	DrugBank	https://go.drugbank.com/drugs/DB07755	(2s)-1-[4-({4-[(2,5-dichlorophenyl)amino]-2-pyrimidinyl}amino)phenoxy]-3-(dimethylamino)-2-propanol
DrugBank_DB04961	DB04961	DrugBank	https://go.drugbank.com/drugs/DB04961	Troxacitabine
DrugBank_DB06152	DB06152	DrugBank	https://go.drugbank.com/drugs/DB06152	Nylidrin
DrugBank_DB00295	DB00295	DrugBank	https://go.drugbank.com/drugs/DB00295	Morphine
DrugBank_DB04188	DB04188	DrugBank	https://go.drugbank.com/drugs/DB04188	Mdl72527
DrugBank_DB11475	DB11475	DrugBank	https://go.drugbank.com/drugs/DB11475	Tylosin
DrugBank_DB05383	DB05383	DrugBank	https://go.drugbank.com/drugs/DB05383	Pimagedine
DrugBank_DB00597	DB00597	DrugBank	https://go.drugbank.com/drugs/DB00597	Gadoteridol
DrugBank_DB03127	DB03127	DrugBank	https://go.drugbank.com/drugs/DB03127	Benzamidine
DrugBank_DB00278	DB00278	DrugBank	https://go.drugbank.com/drugs/DB00278	Argatroban
DrugBank_DB00212	DB00212	DrugBank	https://go.drugbank.com/drugs/DB00212	Remikiren
DrugBank_DB01878	DB01878	DrugBank	https://go.drugbank.com/drugs/DB01878	Benzophenone
DrugBank_DB07754	DB07754	DrugBank	https://go.drugbank.com/drugs/DB07754	Dcfbc
DrugBank_DB14784	DB14784	DrugBank	https://go.drugbank.com/drugs/DB14784	Gancotamab
DrugBank_DB04824	DB04824	DrugBank	https://go.drugbank.com/drugs/DB04824	Phenolphthalein
DrugBank_DB06624	DB06624	DrugBank	https://go.drugbank.com/drugs/DB06624	Taranabant
DrugBank_DB03612	DB03612	DrugBank	https://go.drugbank.com/drugs/DB03612	3-hydroxybutyryl-coenzyme A
DrugBank_DB03672	DB03672	DrugBank	https://go.drugbank.com/drugs/DB03672	9-n-phenylmethylamino-tacrine
DrugBank_DB00507	DB00507	DrugBank	https://go.drugbank.com/drugs/DB00507	Nitazoxanide
DrugBank_DB00745	DB00745	DrugBank	https://go.drugbank.com/drugs/DB00745	Modafinil
DrugBank_DB01737	DB01737	DrugBank	https://go.drugbank.com/drugs/DB01737	Nalpha-(2-naphthylsulfonylglycyl)-3-amidino-d,l-phenylalanine-isopropylester
DrugBank_DB08320	DB08320	DrugBank	https://go.drugbank.com/drugs/DB08320	Diethyl (1r,2s,3r,4s)-5,6-bis(4-hydroxyphenyl)-7-oxabicyclo[2.2.1]hept-5-ene-2,3-dicarboxylate
DrugBank_DB06824	DB06824	DrugBank	https://go.drugbank.com/drugs/DB06824	Triethylenetetramine
DrugBank_DB00204	DB00204	DrugBank	https://go.drugbank.com/drugs/DB00204	Dofetilide
DrugBank_DB11662	DB11662	DrugBank	https://go.drugbank.com/drugs/DB11662	Rabusertib
DrugBank_DB09093	DB09093	DrugBank	https://go.drugbank.com/drugs/DB09093	Chlortetracycline
DrugBank_DB08693	DB08693	DrugBank	https://go.drugbank.com/drugs/DB08693	L-1-(4-chlorophenyl)-2-(acetamido)ethane Boronic Acid
DrugBank_DB07272	DB07272	DrugBank	https://go.drugbank.com/drugs/DB07272	N-(4-amino-5-cyano-6-ethoxypyridin-2-yl)-2-(4-bromo-2,5-dimethoxyphenyl)acetamide
DrugBank_DB05343	DB05343	DrugBank	https://go.drugbank.com/drugs/DB05343	Arundic Acid
DrugBank_DB05932	DB05932	DrugBank	https://go.drugbank.com/drugs/DB05932	Denibulin
DrugBank_DB00996	DB00996	DrugBank	https://go.drugbank.com/drugs/DB00996	Gabapentin
DrugBank_DB11132	DB11132	DrugBank	https://go.drugbank.com/drugs/DB11132	Silicon Dioxide
DrugBank_DB03788	DB03788	DrugBank	https://go.drugbank.com/drugs/DB03788	Gc-24
DrugBank_DB09374	DB09374	DrugBank	https://go.drugbank.com/drugs/DB09374	Indocyanine Green Acid Form
DrugBank_DB01127	DB01127	DrugBank	https://go.drugbank.com/drugs/DB01127	Econazole
DrugBank_DB12338	DB12338	DrugBank	https://go.drugbank.com/drugs/DB12338	Carisbamate
DrugBank_DB08323	DB08323	DrugBank	https://go.drugbank.com/drugs/DB08323	3-oxo-n-[(3s)-2-oxopyrrolidin-3-yl]dodecanamide
DrugBank_DB00982	DB00982	DrugBank	https://go.drugbank.com/drugs/DB00982	Isotretinoin
DrugBank_DB08933	DB08933	DrugBank	https://go.drugbank.com/drugs/DB08933	Luliconazole
DrugBank_DB00882	DB00882	DrugBank	https://go.drugbank.com/drugs/DB00882	Clomifene
DrugBank_DB08197	DB08197	DrugBank	https://go.drugbank.com/drugs/DB08197	(5e,7s)-2-amino-7-(4-fluoro-2-pyridin-3-ylphenyl)-4-methyl-7,8-dihydroquinazolin-5(6h)-one Oxime
DrugBank_DB11537	DB11537	DrugBank	https://go.drugbank.com/drugs/DB11537	Pirlimycin
DrugBank_DB05875	DB05875	DrugBank	https://go.drugbank.com/drugs/DB05875	Sar9, Met (o2)11-substance P
DrugBank_DB01296	DB01296	DrugBank	https://go.drugbank.com/drugs/DB01296	Glucosamine
DrugBank_DB00733	DB00733	DrugBank	https://go.drugbank.com/drugs/DB00733	Pralidoxime
DrugBank_DB07852	DB07852	DrugBank	https://go.drugbank.com/drugs/DB07852	1-(3,5-dichlorophenyl)-5-methyl-1h-1,2,4-triazole-3-carboxylic Acid
DrugBank_DB13827	DB13827	DrugBank	https://go.drugbank.com/drugs/DB13827	Indanazoline
DrugBank_DB13234	DB13234	DrugBank	https://go.drugbank.com/drugs/DB13234	Propanidid
DrugBank_DB13320	DB13320	DrugBank	https://go.drugbank.com/drugs/DB13320	Sulfaperin
DrugBank_DB12935	DB12935	DrugBank	https://go.drugbank.com/drugs/DB12935	Remogliflozin Etabonate
DrugBank_DB12780	DB12780	DrugBank	https://go.drugbank.com/drugs/DB12780	Quinfamide
DrugBank_DB03202	DB03202	DrugBank	https://go.drugbank.com/drugs/DB03202	2-[5-methanesulfonylamino-2-(4-aminophenyl)-6-oxo-1,6-dihydro-1-pyrimidinyl]-n-(3,3,3-trifluoro-1-isopropyl-2-oxopropyl)acetamide
DrugBank_DB01120	DB01120	DrugBank	https://go.drugbank.com/drugs/DB01120	Gliclazide
DrugBank_DB00013	DB00013	DrugBank	https://go.drugbank.com/drugs/DB00013	Urokinase
DrugBank_DB00070	DB00070	DrugBank	https://go.drugbank.com/drugs/DB00070	Hyaluronidase (ovine)
DrugBank_DB04539	DB04539	DrugBank	https://go.drugbank.com/drugs/DB04539	Glyphosate
DrugBank_DB07297	DB07297	DrugBank	https://go.drugbank.com/drugs/DB07297	5,6-diphenyl-n-(2-piperazin-1-ylethyl)furo[2,3-d]pyrimidin-4-amine
DrugBank_DB04287	DB04287	DrugBank	https://go.drugbank.com/drugs/DB04287	Kh064
DrugBank_DB09221	DB09221	DrugBank	https://go.drugbank.com/drugs/DB09221	Polaprezinc
DrugBank_DB00409	DB00409	DrugBank	https://go.drugbank.com/drugs/DB00409	Remoxipride
DrugBank_DB01021	DB01021	DrugBank	https://go.drugbank.com/drugs/DB01021	Trichlormethiazide
DrugBank_DB07905	DB07905	DrugBank	https://go.drugbank.com/drugs/DB07905	(1ar,8s,13s,14s,15ar)-5,13,14-trihydroxy-3-methoxy-8-methyl-8,9,13,14,15,15a-hexahydro-6h-oxireno[k][2]benzoxacyclotetradecine-6,12(1ah)-dione
DrugBank_DB01919	DB01919	DrugBank	https://go.drugbank.com/drugs/DB01919	Pentanal
DrugBank_DB04516	DB04516	DrugBank	https://go.drugbank.com/drugs/DB04516	2-deoxy-glucitol-6-phosphate
DrugBank_DB02352	DB02352	DrugBank	https://go.drugbank.com/drugs/DB02352	3-(benzyloxy)pyridin-2-amine
DrugBank_DB03319	DB03319	DrugBank	https://go.drugbank.com/drugs/DB03319	(2s)-2-ammonio-3-[5-(2-methyl-2-propanyl)-3-oxido-1,2-oxazol-4-yl]propanoate
DrugBank_DB00435	DB00435	DrugBank	https://go.drugbank.com/drugs/DB00435	Nitric Oxide
DrugBank_DB06888	DB06888	DrugBank	https://go.drugbank.com/drugs/DB06888	(13r,15s)-13-methyl-16-oxa-8,9,12,22,24-pentaazahexacyclo[15.6.2.16,9.1,12,15.0,2,7.0,21,25]heptacosa-1(24),2,4,6,17(25),18,20-heptaene-23,26-dione
DrugBank_DB02076	DB02076	DrugBank	https://go.drugbank.com/drugs/DB02076	6-phospho-d-gluconic Acid
DrugBank_DB01252	DB01252	DrugBank	https://go.drugbank.com/drugs/DB01252	Mitiglinide
DrugBank_DB00307	DB00307	DrugBank	https://go.drugbank.com/drugs/DB00307	Bexarotene
DrugBank_DB12080	DB12080	DrugBank	https://go.drugbank.com/drugs/DB12080	Ritobegron
DrugBank_DB14685	DB14685	DrugBank	https://go.drugbank.com/drugs/DB14685	Adenovirus Type 7 Vaccine Live
DrugBank_DB08531	DB08531	DrugBank	https://go.drugbank.com/drugs/DB08531	5-(2,3-dichlorophenyl)-n-(pyridin-4-ylmethyl)pyrazolo[1,5-a]pyrimidin-7-amine
DrugBank_DB07666	DB07666	DrugBank	https://go.drugbank.com/drugs/DB07666	(3r,4s)-1-{6-[3-(methylsulfonyl)phenyl]pyrimidin-4-yl}-4-(2,4,5-trifluorophenyl)pyrrolidin-3-amine
DrugBank_DB12500	DB12500	DrugBank	https://go.drugbank.com/drugs/DB12500	Fedratinib
DrugBank_DB08454	DB08454	DrugBank	https://go.drugbank.com/drugs/DB08454	N-(5-methyl-1h-pyrazol-3-yl)-2-phenylquinazolin-4-amine
DrugBank_DB03041	DB03041	DrugBank	https://go.drugbank.com/drugs/DB03041	Udp-alpha-d-glucuronic Acid
DrugBank_DB00792	DB00792	DrugBank	https://go.drugbank.com/drugs/DB00792	Tripelennamine
DrugBank_DB11841	DB11841	DrugBank	https://go.drugbank.com/drugs/DB11841	Entinostat
DrugBank_DB08633	DB08633	DrugBank	https://go.drugbank.com/drugs/DB08633	Tnp-470
DrugBank_DB09130	DB09130	DrugBank	https://go.drugbank.com/drugs/DB09130	Copper
DrugBank_DB02011	DB02011	DrugBank	https://go.drugbank.com/drugs/DB02011	N-(phosphonoacetyl)-l-ornithine
DrugBank_DB15599	DB15599	DrugBank	https://go.drugbank.com/drugs/DB15599	Miv-711
DrugBank_DB01602	DB01602	DrugBank	https://go.drugbank.com/drugs/DB01602	Bacampicillin
DrugBank_DB07984	DB07984	DrugBank	https://go.drugbank.com/drugs/DB07984	2-[1-(4-chlorobenzoyl)-5-methoxy-2-methyl-1h-indol-3-yl]-n-[(1s)-1-(hydroxymethyl)propyl]acetamide
DrugBank_DB13470	DB13470	DrugBank	https://go.drugbank.com/drugs/DB13470	Cefodizime
DrugBank_DB04260	DB04260	DrugBank	https://go.drugbank.com/drugs/DB04260	9-(5,5-difluoro-5-phosphonopentyl)guanine
DrugBank_DB09350	DB09350	DrugBank	https://go.drugbank.com/drugs/DB09350	Piperonyl Butoxide
DrugBank_DB08187	DB08187	DrugBank	https://go.drugbank.com/drugs/DB08187	N-methylphenylalanyl-n-[(trans-4-aminocyclohexyl)methyl]-l-prolinamide
DrugBank_DB13491	DB13491	DrugBank	https://go.drugbank.com/drugs/DB13491	Fluperolone
DrugBank_DB01019	DB01019	DrugBank	https://go.drugbank.com/drugs/DB01019	Bethanechol
DrugBank_DB11145	DB11145	DrugBank	https://go.drugbank.com/drugs/DB11145	Oxyquinoline
DrugBank_DB06282	DB06282	DrugBank	https://go.drugbank.com/drugs/DB06282	Levocetirizine
DrugBank_DB11866	DB11866	DrugBank	https://go.drugbank.com/drugs/DB11866	Romosozumab
DrugBank_DB01146	DB01146	DrugBank	https://go.drugbank.com/drugs/DB01146	Diphenylpyraline
DrugBank_DB04485	DB04485	DrugBank	https://go.drugbank.com/drugs/DB04485	Thymidine
DrugBank_DB07887	DB07887	DrugBank	https://go.drugbank.com/drugs/DB07887	(r)-1-(4-(4-(hydroxymethyl)-1,3,2-dioxaborolan-2-yl)benzyl)guanidine
DrugBank_DB00503	DB00503	DrugBank	https://go.drugbank.com/drugs/DB00503	Ritonavir
DrugBank_DB07046	DB07046	DrugBank	https://go.drugbank.com/drugs/DB07046	2-[(2-chloro-4-iodophenyl)amino]-n-{[(2r)-2,3-dihydroxypropyl]oxy}-3,4-difluorobenzamide
DrugBank_DB08283	DB08283	DrugBank	https://go.drugbank.com/drugs/DB08283	(2r,3r,4r,5s)-2-(hydroxymethyl)-1-nonylpiperidine-3,4,5-triol
DrugBank_DB07479	DB07479	DrugBank	https://go.drugbank.com/drugs/DB07479	(1s)-1,2,3,4-tetrahydro-benzo[c]phenanthrene-2,3,4-triol
DrugBank_DB14737	DB14737	DrugBank	https://go.drugbank.com/drugs/DB14737	Cannabinol
DrugBank_DB06677	DB06677	DrugBank	https://go.drugbank.com/drugs/DB06677	Clazosentan
DrugBank_DB13756	DB13756	DrugBank	https://go.drugbank.com/drugs/DB13756	Peruvoside
DrugBank_DB01626	DB01626	DrugBank	https://go.drugbank.com/drugs/DB01626	Pargyline
DrugBank_DB03642	DB03642	DrugBank	https://go.drugbank.com/drugs/DB03642	N-[(2s)-4-methyl-1-oxo-1-{[(4s)-3-oxo-1-(2-pyridinylsulfonyl)-4-azepanyl]amino}-2-pentanyl]-1-benzofuran-2-carboxamide
DrugBank_DB00406	DB00406	DrugBank	https://go.drugbank.com/drugs/DB00406	Gentian Violet Cation
DrugBank_DB00962	DB00962	DrugBank	https://go.drugbank.com/drugs/DB00962	Zaleplon
DrugBank_DB04648	DB04648	DrugBank	https://go.drugbank.com/drugs/DB04648	S-propylamine-l-cysteine
DrugBank_DB04058	DB04058	DrugBank	https://go.drugbank.com/drugs/DB04058	N-carbamoylphenylalanine
DrugBank_DB03428	DB03428	DrugBank	https://go.drugbank.com/drugs/DB03428	Su9516
DrugBank_DB00020	DB00020	DrugBank	https://go.drugbank.com/drugs/DB00020	Sargramostim
DrugBank_DB00599	DB00599	DrugBank	https://go.drugbank.com/drugs/DB00599	Thiopental
DrugBank_DB14579	DB14579	DrugBank	https://go.drugbank.com/drugs/DB14579	Lanthanum Iii Cation
DrugBank_DB00365	DB00365	DrugBank	https://go.drugbank.com/drugs/DB00365	Grepafloxacin
DrugBank_DB09039	DB09039	DrugBank	https://go.drugbank.com/drugs/DB09039	Eliglustat
DrugBank_DB00276	DB00276	DrugBank	https://go.drugbank.com/drugs/DB00276	Amsacrine
DrugBank_DB08087	DB08087	DrugBank	https://go.drugbank.com/drugs/DB08087	4-[(7r,7as)-7-hydroxy-1,3-dioxotetrahydro-1h-pyrrolo[1,2-c]imidazol-2(3h)-yl]-1-naphthonitrile
DrugBank_DB02709	DB02709	DrugBank	https://go.drugbank.com/drugs/DB02709	Resveratrol
DrugBank_DB02994	DB02994	DrugBank	https://go.drugbank.com/drugs/DB02994	Cacodylic Acid
DrugBank_DB03323	DB03323	DrugBank	https://go.drugbank.com/drugs/DB03323	Maltose
DrugBank_DB01370	DB01370	DrugBank	https://go.drugbank.com/drugs/DB01370	Aluminium
DrugBank_DB11753	DB11753	DrugBank	https://go.drugbank.com/drugs/DB11753	Rifamycin
DrugBank_DB08068	DB08068	DrugBank	https://go.drugbank.com/drugs/DB08068	N-[4-chloro-3-(pyridin-3-yloxymethyl)-phenyl]-3-fluoro-
DrugBank_DB07236	DB07236	DrugBank	https://go.drugbank.com/drugs/DB07236	3-(6-hydroxy-naphthalen-2-yl)-benzo[d]isooxazol-6-ol
DrugBank_DB13932	DB13932	DrugBank	https://go.drugbank.com/drugs/DB13932	Voretigene Neparvovec
DrugBank_DB00305	DB00305	DrugBank	https://go.drugbank.com/drugs/DB00305	Mitomycin
DrugBank_DB11653	DB11653	DrugBank	https://go.drugbank.com/drugs/DB11653	Bremelanotide
DrugBank_DB07963	DB07963	DrugBank	https://go.drugbank.com/drugs/DB07963	N-[(2',4'-difluoro-4-hydroxy-5-iodobiphenyl-3-yl)carbonyl]-beta-alanine
DrugBank_DB01818	DB01818	DrugBank	https://go.drugbank.com/drugs/DB01818	O3-sulfonylgalactose
DrugBank_DB02177	DB02177	DrugBank	https://go.drugbank.com/drugs/DB02177	1-acetyl-4-(4-{4-[(2-ethoxyphenyl)thio]-3-nitrophenyl}pyridin-2-yl)piperazine
DrugBank_DB00766	DB00766	DrugBank	https://go.drugbank.com/drugs/DB00766	Clavulanic Acid
DrugBank_DB12123	DB12123	DrugBank	https://go.drugbank.com/drugs/DB12123	Cinepazide
DrugBank_DB08030	DB08030	DrugBank	https://go.drugbank.com/drugs/DB08030	3-[(4'-cyanobiphenyl-4-yl)oxy]-n-hydroxypropanamide
DrugBank_DB13025	DB13025	DrugBank	https://go.drugbank.com/drugs/DB13025	Tiapride
DrugBank_DB04166	DB04166	DrugBank	https://go.drugbank.com/drugs/DB04166	Anthranilic Acid
DrugBank_DB05455	DB05455	DrugBank	https://go.drugbank.com/drugs/DB05455	Sr 121463
DrugBank_DB13977	DB13977	DrugBank	https://go.drugbank.com/drugs/DB13977	Potassium Carbonate
DrugBank_DB12023	DB12023	DrugBank	https://go.drugbank.com/drugs/DB12023	Benralizumab
DrugBank_DB00036	DB00036	DrugBank	https://go.drugbank.com/drugs/DB00036	Coagulation Factor Viia Recombinant Human
DrugBank_DB00666	DB00666	DrugBank	https://go.drugbank.com/drugs/DB00666	Nafarelin
DrugBank_DB09046	DB09046	DrugBank	https://go.drugbank.com/drugs/DB09046	Metreleptin
DrugBank_DB00702	DB00702	DrugBank	https://go.drugbank.com/drugs/DB00702	Icodextrin
DrugBank_DB01129	DB01129	DrugBank	https://go.drugbank.com/drugs/DB01129	Rabeprazole
DrugBank_DB07038	DB07038	DrugBank	https://go.drugbank.com/drugs/DB07038	2-(cyclohexylamino)benzoic Acid
DrugBank_DB01450	DB01450	DrugBank	https://go.drugbank.com/drugs/DB01450	Dihydroetorphine
DrugBank_DB06983	DB06983	DrugBank	https://go.drugbank.com/drugs/DB06983	(5-phenyl-7-(pyridin-3-ylmethylamino)pyrazolo[1,5-a]pyrimidin-3-yl)methanol
DrugBank_DB14988	DB14988	DrugBank	https://go.drugbank.com/drugs/DB14988	Dalantercept
DrugBank_DB07742	DB07742	DrugBank	https://go.drugbank.com/drugs/DB07742	N-(2,3-difluoro-benzyl)-4-sulfamoyl-benzamide
DrugBank_DB02466	DB02466	DrugBank	https://go.drugbank.com/drugs/DB02466	Bms-181156
DrugBank_DB00293	DB00293	DrugBank	https://go.drugbank.com/drugs/DB00293	Raltitrexed
DrugBank_DB07089	DB07089	DrugBank	https://go.drugbank.com/drugs/DB07089	N-[amino(imino)methyl]-2-[2-(2-chlorophenyl)-4-(4-propoxyphenyl)-3-thienyl]acetamide
DrugBank_DB08024	DB08024	DrugBank	https://go.drugbank.com/drugs/DB08024	1-[2-(s)-amino-3-biphenyl-4-yl-propionyl]-pyrrolidine-2-(s)-carbonitrile
DrugBank_DB01192	DB01192	DrugBank	https://go.drugbank.com/drugs/DB01192	Oxymorphone
DrugBank_DB04703	DB04703	DrugBank	https://go.drugbank.com/drugs/DB04703	Hesperidin
DrugBank_DB13931	DB13931	DrugBank	https://go.drugbank.com/drugs/DB13931	Netarsudil
DrugBank_DB13563	DB13563	DrugBank	https://go.drugbank.com/drugs/DB13563	Norgestrienone
DrugBank_DB06641	DB06641	DrugBank	https://go.drugbank.com/drugs/DB06641	Perifosine
DrugBank_DB04107	DB04107	DrugBank	https://go.drugbank.com/drugs/DB04107	[(1-{2[(4-carbamimidoyl-phenylamino)-methyl]-1-methyl-1h-benzoimidazol-5-yl}-cyclopropyl)-pyridin-2-yl-methyleneaminooxy]-acetic Acid Ethyl Ester
DrugBank_DB12549	DB12549	DrugBank	https://go.drugbank.com/drugs/DB12549	Pyrazoloacridine
DrugBank_DB05139	DB05139	DrugBank	https://go.drugbank.com/drugs/DB05139	Cr002
DrugBank_DB13429	DB13429	DrugBank	https://go.drugbank.com/drugs/DB13429	Tolonidine
DrugBank_DB01087	DB01087	DrugBank	https://go.drugbank.com/drugs/DB01087	Primaquine
DrugBank_DB12604	DB12604	DrugBank	https://go.drugbank.com/drugs/DB12604	Sisomicin
DrugBank_DB14209	DB14209	DrugBank	https://go.drugbank.com/drugs/DB14209	Trandolaprilat
DrugBank_DB01131	DB01131	DrugBank	https://go.drugbank.com/drugs/DB01131	Proguanil
DrugBank_DB08473	DB08473	DrugBank	https://go.drugbank.com/drugs/DB08473	Dichlororibofuranosylbenzimidazole
DrugBank_DB09496	DB09496	DrugBank	https://go.drugbank.com/drugs/DB09496	Octinoxate
DrugBank_DB06288	DB06288	DrugBank	https://go.drugbank.com/drugs/DB06288	Amisulpride
DrugBank_DB02267	DB02267	DrugBank	https://go.drugbank.com/drugs/DB02267	Argininosuccinate
DrugBank_DB11785	DB11785	DrugBank	https://go.drugbank.com/drugs/DB11785	Anisodamine
DrugBank_DB00290	DB00290	DrugBank	https://go.drugbank.com/drugs/DB00290	Bleomycin
DrugBank_DB07921	DB07921	DrugBank	https://go.drugbank.com/drugs/DB07921	2-[(4-fluorophenyl)sulfonylamino]-n-oxo-ethanamide
DrugBank_DB15686	DB15686	DrugBank	https://go.drugbank.com/drugs/DB15686	Gs-441524
DrugBank_DB10714	DB10714	DrugBank	https://go.drugbank.com/drugs/DB10714	Phalaris Arundinacea Pollen
DrugBank_DB02721	DB02721	DrugBank	https://go.drugbank.com/drugs/DB02721	4-iodopyrazole
DrugBank_DB08006	DB08006	DrugBank	https://go.drugbank.com/drugs/DB08006	N-anthracen-2-yl-5-methyl[1,2,4]triazolo[1,5-a]pyrimidin-7-amine
DrugBank_DB05889	DB05889	DrugBank	https://go.drugbank.com/drugs/DB05889	Inotuzumab Ozogamicin
DrugBank_DB01421	DB01421	DrugBank	https://go.drugbank.com/drugs/DB01421	Paromomycin
DrugBank_DB13916	DB13916	DrugBank	https://go.drugbank.com/drugs/DB13916	Toyocamycin
DrugBank_DB01550	DB01550	DrugBank	https://go.drugbank.com/drugs/DB01550	Fenproporex
DrugBank_DB00053	DB00053	DrugBank	https://go.drugbank.com/drugs/DB00053	Imiglucerase
DrugBank_DB00898	DB00898	DrugBank	https://go.drugbank.com/drugs/DB00898	Ethanol
DrugBank_DB02343	DB02343	DrugBank	https://go.drugbank.com/drugs/DB02343	3,6,9,12,15-pentaoxaheptadecane
DrugBank_DB07985	DB07985	DrugBank	https://go.drugbank.com/drugs/DB07985	+/-methyl 4-(aminoiminomethyl)-beta-[3- Inh (aminoimino)phenyl]benzene Pentanoate
DrugBank_DB07136	DB07136	DrugBank	https://go.drugbank.com/drugs/DB07136	Bx-528
DrugBank_DB14019	DB14019	DrugBank	https://go.drugbank.com/drugs/DB14019	Fosnetupitant
DrugBank_DB00274	DB00274	DrugBank	https://go.drugbank.com/drugs/DB00274	Cefmetazole
DrugBank_DB07112	DB07112	DrugBank	https://go.drugbank.com/drugs/DB07112	N-[(4-hydroxy-8-iodoisoquinolin-3-yl)carbonyl]glycine
DrugBank_DB00233	DB00233	DrugBank	https://go.drugbank.com/drugs/DB00233	Aminosalicylic Acid
DrugBank_DB05431	DB05431	DrugBank	https://go.drugbank.com/drugs/DB05431	Mln-977
DrugBank_DB13555	DB13555	DrugBank	https://go.drugbank.com/drugs/DB13555	Prajmaline
DrugBank_DB00979	DB00979	DrugBank	https://go.drugbank.com/drugs/DB00979	Cyclopentolate
DrugBank_DB13280	DB13280	DrugBank	https://go.drugbank.com/drugs/DB13280	Aluminium Acetoacetate
DrugBank_DB03384	DB03384	DrugBank	https://go.drugbank.com/drugs/DB03384	Fica
DrugBank_DB12261	DB12261	DrugBank	https://go.drugbank.com/drugs/DB12261	Ascrinvacumab
DrugBank_DB13191	DB13191	DrugBank	https://go.drugbank.com/drugs/DB13191	Phosphocreatine
DrugBank_DB05968	DB05968	DrugBank	https://go.drugbank.com/drugs/DB05968	Pr-104
DrugBank_DB12863	DB12863	DrugBank	https://go.drugbank.com/drugs/DB12863	Sivelestat
DrugBank_DB01057	DB01057	DrugBank	https://go.drugbank.com/drugs/DB01057	Echothiophate
DrugBank_DB12820	DB12820	DrugBank	https://go.drugbank.com/drugs/DB12820	Concizumab
DrugBank_DB13318	DB13318	DrugBank	https://go.drugbank.com/drugs/DB13318	Demecolcine
DrugBank_DB14002	DB14002	DrugBank	https://go.drugbank.com/drugs/DB14002	D-alpha-tocopherol Acetate
DrugBank_DB11837	DB11837	DrugBank	https://go.drugbank.com/drugs/DB11837	Osilodrostat
DrugBank_DB01395	DB01395	DrugBank	https://go.drugbank.com/drugs/DB01395	Drospirenone
DrugBank_DB14619	DB14619	DrugBank	https://go.drugbank.com/drugs/DB14619	Influenza A Virus A/uruguay/716/2007(h3n2) Antigen (propiolactone Inactivated)
DrugBank_DB13108	DB13108	DrugBank	https://go.drugbank.com/drugs/DB13108	Mephedrone
DrugBank_DB12489	DB12489	DrugBank	https://go.drugbank.com/drugs/DB12489	Mirvetuximab Soravtansine
DrugBank_DB04530	DB04530	DrugBank	https://go.drugbank.com/drugs/DB04530	S,s-(2-hydroxyethyl)thiocysteine
DrugBank_DB03330	DB03330	DrugBank	https://go.drugbank.com/drugs/DB03330	S-(n-hydroxy-n-iodophenylcarbamoyl)glutathione
DrugBank_DB04081	DB04081	DrugBank	https://go.drugbank.com/drugs/DB04081	(4s-trans)-4-(methylamino)-5,6-dihydro-6-methyl-4h-thieno(2,3-b)thiopyran-2-sulfonamide-7,7-dioxide
DrugBank_DB00800	DB00800	DrugBank	https://go.drugbank.com/drugs/DB00800	Fenoldopam
DrugBank_DB15135	DB15135	DrugBank	https://go.drugbank.com/drugs/DB15135	Ponezumab
DrugBank_DB08918	DB08918	DrugBank	https://go.drugbank.com/drugs/DB08918	Levomilnacipran
DrugBank_DB13856	DB13856	DrugBank	https://go.drugbank.com/drugs/DB13856	Fluclorolone
DrugBank_DB08184	DB08184	DrugBank	https://go.drugbank.com/drugs/DB08184	2-(2-methylphenyl)-1h-indole-5-carboximidamide
DrugBank_DB03903	DB03903	DrugBank	https://go.drugbank.com/drugs/DB03903	Tmr
DrugBank_DB01184	DB01184	DrugBank	https://go.drugbank.com/drugs/DB01184	Domperidone
DrugBank_DB01269	DB01269	DrugBank	https://go.drugbank.com/drugs/DB01269	Panitumumab
DrugBank_DB06909	DB06909	DrugBank	https://go.drugbank.com/drugs/DB06909	1-ethyl-n-(phenylmethyl)-4-(tetrahydro-2h-pyran-4-ylamino)-1h-pyrazolo[3,4-b]pyridine-5-carboxamide
DrugBank_DB12321	DB12321	DrugBank	https://go.drugbank.com/drugs/DB12321	Ifetroban
DrugBank_DB06192	DB06192	DrugBank	https://go.drugbank.com/drugs/DB06192	Nimotuzumab
DrugBank_DB08595	DB08595	DrugBank	https://go.drugbank.com/drugs/DB08595	4-[(1s,2r,5s)-4,4,8-trimethyl-3-oxabicyclo[3.3.1]non-7-en-2-yl]phenol
DrugBank_DB08132	DB08132	DrugBank	https://go.drugbank.com/drugs/DB08132	5-hydroxynaphthalene-1-sulfonamide
DrugBank_DB04400	DB04400	DrugBank	https://go.drugbank.com/drugs/DB04400	L-erythro-7,8-dihydrobiopterin
DrugBank_DB11114	DB11114	DrugBank	https://go.drugbank.com/drugs/DB11114	Eucalyptus Oil
DrugBank_DB03487	DB03487	DrugBank	https://go.drugbank.com/drugs/DB03487	(s)-aspartimide
DrugBank_DB03839	DB03839	DrugBank	https://go.drugbank.com/drugs/DB03839	D-tyrosine
DrugBank_DB01172	DB01172	DrugBank	https://go.drugbank.com/drugs/DB01172	Kanamycin
DrugBank_DB00107	DB00107	DrugBank	https://go.drugbank.com/drugs/DB00107	Oxytocin
DrugBank_DB06515	DB06515	DrugBank	https://go.drugbank.com/drugs/DB06515	Resiniferatoxin
DrugBank_DB02919	DB02919	DrugBank	https://go.drugbank.com/drugs/DB02919	2,4-diamino-6-[n-(3',4',5'-trimethoxybenzyl)-n-methylamino]pyrido[2,3-d]pyrimidine
DrugBank_DB00247	DB00247	DrugBank	https://go.drugbank.com/drugs/DB00247	Methysergide
DrugBank_DB03423	DB03423	DrugBank	https://go.drugbank.com/drugs/DB03423	S-adenosyl-l-homoselenocysteine
DrugBank_DB10717	DB10717	DrugBank	https://go.drugbank.com/drugs/DB10717	Secale Cereale Pollen
DrugBank_DB01206	DB01206	DrugBank	https://go.drugbank.com/drugs/DB01206	Lomustine
DrugBank_DB12688	DB12688	DrugBank	https://go.drugbank.com/drugs/DB12688	Moxetumomab Pasudotox
DrugBank_DB07320	DB07320	DrugBank	https://go.drugbank.com/drugs/DB07320	4-(6-{[(4-methylcyclohexyl)amino]methyl}-1,4-dihydroindeno[1,2-c]pyrazol-3-yl)benzoic Acid
DrugBank_DB12565	DB12565	DrugBank	https://go.drugbank.com/drugs/DB12565	Abexinostat
DrugBank_DB10489	DB10489	DrugBank	https://go.drugbank.com/drugs/DB10489	Elymus Repens Pollen
DrugBank_DB13244	DB13244	DrugBank	https://go.drugbank.com/drugs/DB13244	Aminomethylbenzoic Acid
DrugBank_DB04959	DB04959	DrugBank	https://go.drugbank.com/drugs/DB04959	Verpasep Caltespen
DrugBank_DB09121	DB09121	DrugBank	https://go.drugbank.com/drugs/DB09121	Aurothioglucose
DrugBank_DB05218	DB05218	DrugBank	https://go.drugbank.com/drugs/DB05218	Pn0621
DrugBank_DB09086	DB09086	DrugBank	https://go.drugbank.com/drugs/DB09086	Eugenol
DrugBank_DB04391	DB04391	DrugBank	https://go.drugbank.com/drugs/DB04391	Aeruginosin 98-b
DrugBank_DB09320	DB09320	DrugBank	https://go.drugbank.com/drugs/DB09320	Procaine Benzylpenicillin
DrugBank_DB01191	DB01191	DrugBank	https://go.drugbank.com/drugs/DB01191	Dexfenfluramine
DrugBank_DB08294	DB08294	DrugBank	https://go.drugbank.com/drugs/DB08294	2-(4-hydroxy-3-nitrophenyl)acetic Acid
DrugBank_DB11995	DB11995	DrugBank	https://go.drugbank.com/drugs/DB11995	Avatrombopag
DrugBank_DB00873	DB00873	DrugBank	https://go.drugbank.com/drugs/DB00873	Loteprednol
DrugBank_DB08806	DB08806	DrugBank	https://go.drugbank.com/drugs/DB08806	Roxatidine Acetate
DrugBank_DB03959	DB03959	DrugBank	https://go.drugbank.com/drugs/DB03959	N,o6-disulfo-glucosamine
DrugBank_DB07356	DB07356	DrugBank	https://go.drugbank.com/drugs/DB07356	(1s)-2-[(2s,5r)-2-(aminomethyl)-5-ethynylpyrrolidin-1-yl]-1-cyclopentyl-2-oxoethanamine
DrugBank_DB06204	DB06204	DrugBank	https://go.drugbank.com/drugs/DB06204	Tapentadol
DrugBank_DB01807	DB01807	DrugBank	https://go.drugbank.com/drugs/DB01807	N-[(3z)-5-tert-butyl-2-phenyl-1,2-dihydro-3h-pyrazol-3-ylidene]-n'-(4-chlorophenyl)urea
DrugBank_DB12909	DB12909	DrugBank	https://go.drugbank.com/drugs/DB12909	Factor Xiii (human)
DrugBank_DB10404	DB10404	DrugBank	https://go.drugbank.com/drugs/DB10404	Anthoxanthum Odoratum Pollen
DrugBank_DB14643	DB14643	DrugBank	https://go.drugbank.com/drugs/DB14643	Methylprednisolone Aceponate
DrugBank_DB05194	DB05194	DrugBank	https://go.drugbank.com/drugs/DB05194	Kb002
DrugBank_DB07501	DB07501	DrugBank	https://go.drugbank.com/drugs/DB07501	(2s)-1-{4-[(4-anilino-5-bromo-2-pyrimidinyl)amino]phenoxy}-3-(dimethylamino)-2-propanol
DrugBank_DB06608	DB06608	DrugBank	https://go.drugbank.com/drugs/DB06608	Tafenoquine
DrugBank_DB02868	DB02868	DrugBank	https://go.drugbank.com/drugs/DB02868	Deacetoxyvinzolidine
DrugBank_DB05210	DB05210	DrugBank	https://go.drugbank.com/drugs/DB05210	Sf1126
DrugBank_DB09207	DB09207	DrugBank	https://go.drugbank.com/drugs/DB09207	As-8112
DrugBank_DB05125	DB05125	DrugBank	https://go.drugbank.com/drugs/DB05125	Sc12267
DrugBank_DB06082	DB06082	DrugBank	https://go.drugbank.com/drugs/DB06082	Px-478
DrugBank_DB11894	DB11894	DrugBank	https://go.drugbank.com/drugs/DB11894	Efatutazone
DrugBank_DB11800	DB11800	DrugBank	https://go.drugbank.com/drugs/DB11800	Tivozanib
DrugBank_DB00584	DB00584	DrugBank	https://go.drugbank.com/drugs/DB00584	Enalapril
DrugBank_DB03006	DB03006	DrugBank	https://go.drugbank.com/drugs/DB03006	Arsanilic Acid
DrugBank_DB05398	DB05398	DrugBank	https://go.drugbank.com/drugs/DB05398	C31g
DrugBank_DB03137	DB03137	DrugBank	https://go.drugbank.com/drugs/DB03137	8-(2,5-dimethoxy-benzyl)-2-fluoro-9-pent-9h-purin-6-ylamine
DrugBank_DB06268	DB06268	DrugBank	https://go.drugbank.com/drugs/DB06268	Sitaxentan
DrugBank_DB07071	DB07071	DrugBank	https://go.drugbank.com/drugs/DB07071	(r)-1-(4-(4-(hydroxymethyl)-1,3,2-dioxaborolan-2-yl)phenethyl)guanidine
DrugBank_DB13508	DB13508	DrugBank	https://go.drugbank.com/drugs/DB13508	Cloranolol
DrugBank_DB06590	DB06590	DrugBank	https://go.drugbank.com/drugs/DB06590	Ceftaroline Fosamil
DrugBank_DB03987	DB03987	DrugBank	https://go.drugbank.com/drugs/DB03987	2,4-diamino-6-[n-(3',5'-dimethoxybenzyl)-n-methylamino]pyrido[2,3-d]pyrimidine
DrugBank_DB07189	DB07189	DrugBank	https://go.drugbank.com/drugs/DB07189	(1s,3r,6s)-4-oxo-6-{4-[(2-phenylquinolin-4-yl)methoxy]phenyl}-5-azaspiro[2.4]heptane-1-carboxylic Acid
DrugBank_DB12525	DB12525	DrugBank	https://go.drugbank.com/drugs/DB12525	Molgramostim
DrugBank_DB09334	DB09334	DrugBank	https://go.drugbank.com/drugs/DB09334	Seractide Acetate
DrugBank_DB01276	DB01276	DrugBank	https://go.drugbank.com/drugs/DB01276	Exenatide
DrugBank_DB01711	DB01711	DrugBank	https://go.drugbank.com/drugs/DB01711	2,3,4,5,6-pentafluorobenzyl Alcohol
DrugBank_DB00947	DB00947	DrugBank	https://go.drugbank.com/drugs/DB00947	Fulvestrant
DrugBank_DB12518	DB12518	DrugBank	https://go.drugbank.com/drugs/DB12518	Raclopride
DrugBank_DB03709	DB03709	DrugBank	https://go.drugbank.com/drugs/DB03709	Bicine
DrugBank_DB05255	DB05255	DrugBank	https://go.drugbank.com/drugs/DB05255	Ronacaleret
DrugBank_DB00620	DB00620	DrugBank	https://go.drugbank.com/drugs/DB00620	Triamcinolone
DrugBank_DB00285	DB00285	DrugBank	https://go.drugbank.com/drugs/DB00285	Venlafaxine
DrugBank_DB07584	DB07584	DrugBank	https://go.drugbank.com/drugs/DB07584	N-[2-(5-methyl-4h-1,2,4-triazol-3-yl)phenyl]-7h-pyrrolo[2,3-d]pyrimidin-4-amine
DrugBank_DB04476	DB04476	DrugBank	https://go.drugbank.com/drugs/DB04476	Trencam-3,2-hopo
DrugBank_DB08384	DB08384	DrugBank	https://go.drugbank.com/drugs/DB08384	2-({4-[4-(pyridin-4-ylmethyl)-1h-pyrazol-3-yl]phenoxy}methyl)quinoline
DrugBank_DB03083	DB03083	DrugBank	https://go.drugbank.com/drugs/DB03083	Ic261
DrugBank_DB00604	DB00604	DrugBank	https://go.drugbank.com/drugs/DB00604	Cisapride
DrugBank_DB05029	DB05029	DrugBank	https://go.drugbank.com/drugs/DB05029	Lancovutide
DrugBank_DB13975	DB13975	DrugBank	https://go.drugbank.com/drugs/DB13975	Black Cohosh
DrugBank_DB09501	DB09501	DrugBank	https://go.drugbank.com/drugs/DB09501	Ferric Ammonium Citrate
DrugBank_DB13265	DB13265	DrugBank	https://go.drugbank.com/drugs/DB13265	Hexobendine
DrugBank_DB00681	DB00681	DrugBank	https://go.drugbank.com/drugs/DB00681	Amphotericin B
DrugBank_DB03703	DB03703	DrugBank	https://go.drugbank.com/drugs/DB03703	Cyclohexanol
DrugBank_DB05299	DB05299	DrugBank	https://go.drugbank.com/drugs/DB05299	Keyhole Limpet Hemocyanin
DrugBank_DB08258	DB08258	DrugBank	https://go.drugbank.com/drugs/DB08258	6-{[(cyclohexylamino)carbonyl]amino}hexanoic Acid
DrugBank_DB08371	DB08371	DrugBank	https://go.drugbank.com/drugs/DB08371	P-benzoyl-l-phenylalanine
DrugBank_DB06460	DB06460	DrugBank	https://go.drugbank.com/drugs/DB06460	Enrasentan
DrugBank_DB01137	DB01137	DrugBank	https://go.drugbank.com/drugs/DB01137	Levofloxacin
DrugBank_DB03693	DB03693	DrugBank	https://go.drugbank.com/drugs/DB03693	N-(2-aminoethyl)-5-chloroisoquinoline-8-sulfonamide
DrugBank_DB07596	DB07596	DrugBank	https://go.drugbank.com/drugs/DB07596	(17beta)-17-(cyanomethyl)-2-methoxyestra-1(10),2,4-trien-3-yl Sulfamate
DrugBank_DB04971	DB04971	DrugBank	https://go.drugbank.com/drugs/DB04971	Reglitazar
DrugBank_DB08958	DB08958	DrugBank	https://go.drugbank.com/drugs/DB08958	Hexetidine
DrugBank_DB03195	DB03195	DrugBank	https://go.drugbank.com/drugs/DB03195	3'-fluoro-3'-deoxythymidine 5'-monophosphate
DrugBank_DB04068	DB04068	DrugBank	https://go.drugbank.com/drugs/DB04068	2',3'-dideoxy-3'-fluoro-urididine-5'-diphosphate
DrugBank_DB13029	DB13029	DrugBank	https://go.drugbank.com/drugs/DB13029	Mk-0873
DrugBank_DB04588	DB04588	DrugBank	https://go.drugbank.com/drugs/DB04588	N-[4-(aminosulfonyl)benzyl]-5-(5-chloro-2,4-dihydroxyphenyl)-1h-pyrazole-4-carboxamide
DrugBank_DB03243	DB03243	DrugBank	https://go.drugbank.com/drugs/DB03243	4-fluorobenzylamine
DrugBank_DB12578	DB12578	DrugBank	https://go.drugbank.com/drugs/DB12578	Lexaptepid Pegol
DrugBank_DB15496	DB15496	DrugBank	https://go.drugbank.com/drugs/DB15496	Didesmethylrocaglamide
DrugBank_DB11312	DB11312	DrugBank	https://go.drugbank.com/drugs/DB11312	Protein C
DrugBank_DB11623	DB11623	DrugBank	https://go.drugbank.com/drugs/DB11623	Candoxatrilat
DrugBank_DB01725	DB01725	DrugBank	https://go.drugbank.com/drugs/DB01725	2-{2-hydroxy-[1,1'-biphenyl]-3-yl}-1h-1,3-benzodiazole-5-carboximidamide
DrugBank_DB02827	DB02827	DrugBank	https://go.drugbank.com/drugs/DB02827	7-(1,1-dioxo-1h-benzo[d]isothiazol-3-yloxymethyl)-2-(oxalyl-amino)-4,7-dihydro-5h-thieno[2,3-c]pyran-3-carboxylic Acid
DrugBank_DB02902	DB02902	DrugBank	https://go.drugbank.com/drugs/DB02902	3'-phospho-5'-adenylyl Sulfate
DrugBank_DB08073	DB08073	DrugBank	https://go.drugbank.com/drugs/DB08073	(2s)-1-(1h-indol-3-yl)-3-{[5-(3-methyl-1h-indazol-5-yl)pyridin-3-yl]oxy}propan-2-amine
DrugBank_DB08496	DB08496	DrugBank	https://go.drugbank.com/drugs/DB08496	(r)-warfarin
DrugBank_DB13461	DB13461	DrugBank	https://go.drugbank.com/drugs/DB13461	Cefcapene
DrugBank_DB01073	DB01073	DrugBank	https://go.drugbank.com/drugs/DB01073	Fludarabine
DrugBank_DB04818	DB04818	DrugBank	https://go.drugbank.com/drugs/DB04818	Iproniazid
DrugBank_DB08801	DB08801	DrugBank	https://go.drugbank.com/drugs/DB08801	Dimetindene
DrugBank_DB01950	DB01950	DrugBank	https://go.drugbank.com/drugs/DB01950	Ar-ao-14418
DrugBank_DB12948	DB12948	DrugBank	https://go.drugbank.com/drugs/DB12948	Didox
DrugBank_DB13798	DB13798	DrugBank	https://go.drugbank.com/drugs/DB13798	Demoxytocin
DrugBank_DB07711	DB07711	DrugBank	https://go.drugbank.com/drugs/DB07711	(2s,3r)-3-(6-amino-9h-purin-9-yl)nonan-2-ol
DrugBank_DB01572	DB01572	DrugBank	https://go.drugbank.com/drugs/DB01572	Methyl-1-testosterone
DrugBank_DB01905	DB01905	DrugBank	https://go.drugbank.com/drugs/DB01905	2-(2-hydroxy-5-methoxy-phenyl)-1h-benzoimidazole-5-carboxamidine
DrugBank_DB06779	DB06779	DrugBank	https://go.drugbank.com/drugs/DB06779	Dalteparin
DrugBank_DB03453	DB03453	DrugBank	https://go.drugbank.com/drugs/DB03453	Methyl (2s)-2-[[2-[(3r)-1-carbamimidoylpiperidin-3-yl]acetyl]amino]-3-[4-(2-phenylethynyl)phenyl]propanoate
DrugBank_DB01026	DB01026	DrugBank	https://go.drugbank.com/drugs/DB01026	Ketoconazole
DrugBank_DB04366	DB04366	DrugBank	https://go.drugbank.com/drugs/DB04366	3'-deoxy 3'-amino Adenosine-5'-diphosphate
DrugBank_DB00379	DB00379	DrugBank	https://go.drugbank.com/drugs/DB00379	Mexiletine
DrugBank_DB02287	DB02287	DrugBank	https://go.drugbank.com/drugs/DB02287	2-(2-hydroxy-phenyl)-3h-benzoimidazole-5-carboxamidine
DrugBank_DB12887	DB12887	DrugBank	https://go.drugbank.com/drugs/DB12887	Tazemetostat
DrugBank_DB03962	DB03962	DrugBank	https://go.drugbank.com/drugs/DB03962	Nicotinamide 8-bromo-adenine Dinucleotide Phosphate
DrugBank_DB04489	DB04489	DrugBank	https://go.drugbank.com/drugs/DB04489	Guanidinoethylmercaptosuccinic Acid
DrugBank_DB07129	DB07129	DrugBank	https://go.drugbank.com/drugs/DB07129	(2r)-1-(2,6-dimethylphenoxy)propan-2-amine
DrugBank_DB00022	DB00022	DrugBank	https://go.drugbank.com/drugs/DB00022	Peginterferon Alfa-2b
DrugBank_DB02755	DB02755	DrugBank	https://go.drugbank.com/drugs/DB02755	1-3 Sugar Ring Of Pentamannosyl 6-phosphate
DrugBank_DB14010	DB14010	DrugBank	https://go.drugbank.com/drugs/DB14010	5-methoxy-n,n-dimethyltryptamine
DrugBank_DB08497	DB08497	DrugBank	https://go.drugbank.com/drugs/DB08497	(1s)-2-oxo-1-phenyl-2-[(1,3,4-trioxo-1,2,3,4-tetrahydroisoquinolin-5-yl)amino]ethyl Acetate
DrugBank_DB01229	DB01229	DrugBank	https://go.drugbank.com/drugs/DB01229	Paclitaxel
DrugBank_DB00639	DB00639	DrugBank	https://go.drugbank.com/drugs/DB00639	Butoconazole
DrugBank_DB06891	DB06891	DrugBank	https://go.drugbank.com/drugs/DB06891	5-{[(4-amino-3-chloro-5-fluorophenyl)sulfonyl]amino}-1,3,4-thiadiazole-2-sulfonamide
DrugBank_DB00223	DB00223	DrugBank	https://go.drugbank.com/drugs/DB00223	Diflorasone
DrugBank_DB02917	DB02917	DrugBank	https://go.drugbank.com/drugs/DB02917	N-hydroxy-4-(methyl{[5-(2-pyridinyl)-2-thienyl]sulfonyl}amino)benzamide
DrugBank_DB01751	DB01751	DrugBank	https://go.drugbank.com/drugs/DB01751	Tetraiodothyroacetic Acid
DrugBank_DB11755	DB11755	DrugBank	https://go.drugbank.com/drugs/DB11755	Tetrahydrocannabivarin
DrugBank_DB06713	DB06713	DrugBank	https://go.drugbank.com/drugs/DB06713	Norelgestromin
DrugBank_DB08703	DB08703	DrugBank	https://go.drugbank.com/drugs/DB08703	12-(2-hydroxyethyl)-2-(1-methylethoxy)-13,14-dihydronaphtho[2,1-a]pyrrolo[3,4-c]carbazol-5(12h)-one
DrugBank_DB09078	DB09078	DrugBank	https://go.drugbank.com/drugs/DB09078	Lenvatinib
DrugBank_DB00193	DB00193	DrugBank	https://go.drugbank.com/drugs/DB00193	Tramadol
DrugBank_DB00415	DB00415	DrugBank	https://go.drugbank.com/drugs/DB00415	Ampicillin
DrugBank_DB05930	DB05930	DrugBank	https://go.drugbank.com/drugs/DB05930	Sb-559448
DrugBank_DB06932	DB06932	DrugBank	https://go.drugbank.com/drugs/DB06932	10,11-dimethoxy-4-methyldibenzo[c,f]-2,7-naphthyridine-3,6-diamine
DrugBank_DB07278	DB07278	DrugBank	https://go.drugbank.com/drugs/DB07278	Gw-813893
DrugBank_DB00190	DB00190	DrugBank	https://go.drugbank.com/drugs/DB00190	Carbidopa
DrugBank_DB00268	DB00268	DrugBank	https://go.drugbank.com/drugs/DB00268	Ropinirole
DrugBank_DB13443	DB13443	DrugBank	https://go.drugbank.com/drugs/DB13443	Esatenolol
DrugBank_DB06695	DB06695	DrugBank	https://go.drugbank.com/drugs/DB06695	Dabigatran Etexilate
DrugBank_DB00065	DB00065	DrugBank	https://go.drugbank.com/drugs/DB00065	Infliximab
DrugBank_DB08522	DB08522	DrugBank	https://go.drugbank.com/drugs/DB08522	4-(4-fluorophenyl)-1-cycloropropylmethyl-5-(4-pyridyl)-imidazole
DrugBank_DB01118	DB01118	DrugBank	https://go.drugbank.com/drugs/DB01118	Amiodarone
DrugBank_DB09115	DB09115	DrugBank	https://go.drugbank.com/drugs/DB09115	Diiodohydroxyquinoline
DrugBank_DB00844	DB00844	DrugBank	https://go.drugbank.com/drugs/DB00844	Nalbuphine
DrugBank_DB08786	DB08786	DrugBank	https://go.drugbank.com/drugs/DB08786	4-(2-methoxyethoxy)-6-methylpyrimidin-2-amine
DrugBank_DB06831	DB06831	DrugBank	https://go.drugbank.com/drugs/DB06831	2-((9h-purin-6-ylthio)methyl)-5-chloro-3-(2-methoxyphenyl)quinazolin-4(3h)-one
DrugBank_DB14901	DB14901	DrugBank	https://go.drugbank.com/drugs/DB14901	Inclisiran
DrugBank_DB02806	DB02806	DrugBank	https://go.drugbank.com/drugs/DB02806	2-methoxyethanol
DrugBank_DB08787	DB08787	DrugBank	https://go.drugbank.com/drugs/DB08787	4-(2,4-dichlorophenyl)-5-phenyldiazenyl-pyrimidin-2-amine
DrugBank_DB03680	DB03680	DrugBank	https://go.drugbank.com/drugs/DB03680	Tartronate
DrugBank_DB12161	DB12161	DrugBank	https://go.drugbank.com/drugs/DB12161	Deutetrabenazine
DrugBank_DB06734	DB06734	DrugBank	https://go.drugbank.com/drugs/DB06734	Bafilomycin B1
DrugBank_DB11803	DB11803	DrugBank	https://go.drugbank.com/drugs/DB11803	Sirukumab
DrugBank_DB07242	DB07242	DrugBank	https://go.drugbank.com/drugs/DB07242	(4r)-7,8-dichloro-1',9-dimethyl-1-oxo-1,2,4,9-tetrahydrospiro[beta-carboline-3,4'-piperidine]-4-carbonitrile
DrugBank_DB07008	DB07008	DrugBank	https://go.drugbank.com/drugs/DB07008	4-(1,3-benzodioxol-5-yloxy)-2-[4-(1h-imidazol-1-yl)phenoxy]pyrimidine
DrugBank_DB02285	DB02285	DrugBank	https://go.drugbank.com/drugs/DB02285	Protoporphyrin
DrugBank_DB02169	DB02169	DrugBank	https://go.drugbank.com/drugs/DB02169	9,10-deepithio-9,10-didehydroacanthifolicin
DrugBank_DB00628	DB00628	DrugBank	https://go.drugbank.com/drugs/DB00628	Clorazepic Acid
DrugBank_DB00780	DB00780	DrugBank	https://go.drugbank.com/drugs/DB00780	Phenelzine
DrugBank_DB00152	DB00152	DrugBank	https://go.drugbank.com/drugs/DB00152	Thiamine
DrugBank_DB14486	DB14486	DrugBank	https://go.drugbank.com/drugs/DB14486	Niacinamide Ascorbate
DrugBank_DB00320	DB00320	DrugBank	https://go.drugbank.com/drugs/DB00320	Dihydroergotamine
DrugBank_DB07978	DB07978	DrugBank	https://go.drugbank.com/drugs/DB07978	2-({[2,3,5,6-tetrafluoro-3'-(trifluoromethoxy)biphenyl-4-yl]amino}carbonyl)cyclopenta-1,3-diene-1-carboxylic Acid
DrugBank_DB03450	DB03450	DrugBank	https://go.drugbank.com/drugs/DB03450	Cephalothin Group
DrugBank_DB07686	DB07686	DrugBank	https://go.drugbank.com/drugs/DB07686	4-{[5-(cyclohexylamino)[1,2,4]triazolo[1,5-a]pyrimidin-7-yl]amino}benzenesulfonamide
DrugBank_DB06603	DB06603	DrugBank	https://go.drugbank.com/drugs/DB06603	Panobinostat
DrugBank_DB07474	DB07474	DrugBank	https://go.drugbank.com/drugs/DB07474	3-[5-(1h-imidazol-1-yl)-7-methyl-1h-benzimidazol-2-yl]-4-[(pyridin-2-ylmethyl)amino]pyridin-2(1h)-one
DrugBank_DB06461	DB06461	DrugBank	https://go.drugbank.com/drugs/DB06461	Squalamine
DrugBank_DB14515	DB14515	DrugBank	https://go.drugbank.com/drugs/DB14515	Magnesium Lactate
DrugBank_DB00828	DB00828	DrugBank	https://go.drugbank.com/drugs/DB00828	Fosfomycin
DrugBank_DB13302	DB13302	DrugBank	https://go.drugbank.com/drugs/DB13302	Hachimycin
DrugBank_DB13239	DB13239	DrugBank	https://go.drugbank.com/drugs/DB13239	Neltenexine
DrugBank_DB15463	DB15463	DrugBank	https://go.drugbank.com/drugs/DB15463	Pt2977
DrugBank_DB01150	DB01150	DrugBank	https://go.drugbank.com/drugs/DB01150	Cefprozil
DrugBank_DB03256	DB03256	DrugBank	https://go.drugbank.com/drugs/DB03256	(6r)-folinic Acid
DrugBank_DB09568	DB09568	DrugBank	https://go.drugbank.com/drugs/DB09568	Omega-3-carboxylic Acids
DrugBank_DB00783	DB00783	DrugBank	https://go.drugbank.com/drugs/DB00783	Estradiol
DrugBank_DB07983	DB07983	DrugBank	https://go.drugbank.com/drugs/DB07983	1-(4-iodobenzoyl)-5-methoxy-2-methyl Indole-3-acetic Acid
DrugBank_DB05152	DB05152	DrugBank	https://go.drugbank.com/drugs/DB05152	Ngx267
DrugBank_DB12083	DB12083	DrugBank	https://go.drugbank.com/drugs/DB12083	Mafosfamide
DrugBank_DB12697	DB12697	DrugBank	https://go.drugbank.com/drugs/DB12697	Methylselenocysteine
DrugBank_DB02210	DB02210	DrugBank	https://go.drugbank.com/drugs/DB02210	Hexane-1,6-diol
DrugBank_DB08072	DB08072	DrugBank	https://go.drugbank.com/drugs/DB08072	4-(2-aminoethoxy)-3,5-dichloro-n-[3-(1-methylethoxy)phenyl]benzamide
DrugBank_DB04771	DB04771	DrugBank	https://go.drugbank.com/drugs/DB04771	1-guanidino-4-(n-nitro-benzoylamino-l-leucyl-l-prolylamino)butane
DrugBank_DB05095	DB05095	DrugBank	https://go.drugbank.com/drugs/DB05095	Cimicoxib
DrugBank_DB06362	DB06362	DrugBank	https://go.drugbank.com/drugs/DB06362	Becatecarin
DrugBank_DB03056	DB03056	DrugBank	https://go.drugbank.com/drugs/DB03056	4-piperidino-piperidine
DrugBank_DB04606	DB04606	DrugBank	https://go.drugbank.com/drugs/DB04606	2-[2-ethanesulfonylamino-3-(5-propoxy-1h-indol-3-yl)-propionylamino]-pentanedioic Acid 5-amide 1-(4-carbamimidoyl-benzylamide)
DrugBank_DB12354	DB12354	DrugBank	https://go.drugbank.com/drugs/DB12354	Imrecoxib
DrugBank_DB08562	DB08562	DrugBank	https://go.drugbank.com/drugs/DB08562	4-(4-styryl-phenylcarbamoyl)-butyric Acid
DrugBank_DB02703	DB02703	DrugBank	https://go.drugbank.com/drugs/DB02703	Fusidic Acid
DrugBank_DB00680	DB00680	DrugBank	https://go.drugbank.com/drugs/DB00680	Moricizine
DrugBank_DB00336	DB00336	DrugBank	https://go.drugbank.com/drugs/DB00336	Nitrofural
DrugBank_DB07936	DB07936	DrugBank	https://go.drugbank.com/drugs/DB07936	N-(4-{[(3s)-3-(dimethylamino)pyrrolidin-1-yl]carbonyl}phenyl)-5-fluoro-4-[2-methyl-1-(1-methylethyl)-1h-imidazol-5-yl]pyrimidin-2-amine
DrugBank_DB03559	DB03559	DrugBank	https://go.drugbank.com/drugs/DB03559	Cyclohexylformamide
DrugBank_DB02776	DB02776	DrugBank	https://go.drugbank.com/drugs/DB02776	1-hexadecanosulfonic Acid
DrugBank_DB04142	DB04142	DrugBank	https://go.drugbank.com/drugs/DB04142	3-(3,5-dibromo-4-hydroxy-benzoyl)-2-ethyl-benzofuran-6-sulfonic Acid Dimethylamide
DrugBank_DB07707	DB07707	DrugBank	https://go.drugbank.com/drugs/DB07707	(9beta,11alpha,13alpha,14beta,17alpha)-11-(methoxymethyl)estra-1(10),2,4-triene-3,17-diol
DrugBank_DB11613	DB11613	DrugBank	https://go.drugbank.com/drugs/DB11613	Velpatasvir
DrugBank_DB00311	DB00311	DrugBank	https://go.drugbank.com/drugs/DB00311	Ethoxzolamide
DrugBank_DB13817	DB13817	DrugBank	https://go.drugbank.com/drugs/DB13817	Carbromal
DrugBank_DB03175	DB03175	DrugBank	https://go.drugbank.com/drugs/DB03175	Propyl Alcohol
DrugBank_DB01972	DB01972	DrugBank	https://go.drugbank.com/drugs/DB01972	Guanosine-5'-monophosphate
DrugBank_DB06195	DB06195	DrugBank	https://go.drugbank.com/drugs/DB06195	Seliciclib
DrugBank_DB00622	DB00622	DrugBank	https://go.drugbank.com/drugs/DB00622	Nicardipine
DrugBank_DB08994	DB08994	DrugBank	https://go.drugbank.com/drugs/DB08994	Ditazole
DrugBank_DB12958	DB12958	DrugBank	https://go.drugbank.com/drugs/DB12958	Prothipendyl
DrugBank_DB13264	DB13264	DrugBank	https://go.drugbank.com/drugs/DB13264	Penimepicycline
DrugBank_DB07232	DB07232	DrugBank	https://go.drugbank.com/drugs/DB07232	Veliparib
DrugBank_DB12585	DB12585	DrugBank	https://go.drugbank.com/drugs/DB12585	Ondelopran
DrugBank_DB02735	DB02735	DrugBank	https://go.drugbank.com/drugs/DB02735	2-amino-3-oxo-4-sulfo-butyric Acid
DrugBank_DB03879	DB03879	DrugBank	https://go.drugbank.com/drugs/DB03879	Alpha-l-methyl-fucose
DrugBank_DB00776	DB00776	DrugBank	https://go.drugbank.com/drugs/DB00776	Oxcarbazepine
DrugBank_DB08870	DB08870	DrugBank	https://go.drugbank.com/drugs/DB08870	Brentuximab Vedotin
DrugBank_DB04805	DB04805	DrugBank	https://go.drugbank.com/drugs/DB04805	Virginiamycin S1
DrugBank_DB07198	DB07198	DrugBank	https://go.drugbank.com/drugs/DB07198	5-hydroxy-2-(4-hydroxyphenyl)-1-benzofuran-7-carbonitrile
DrugBank_DB13150	DB13150	DrugBank	https://go.drugbank.com/drugs/DB13150	Coagulation Factor Vii Human
DrugBank_DB06717	DB06717	DrugBank	https://go.drugbank.com/drugs/DB06717	Fosaprepitant
DrugBank_DB12090	DB12090	DrugBank	https://go.drugbank.com/drugs/DB12090	Patritumab
DrugBank_DB11104	DB11104	DrugBank	https://go.drugbank.com/drugs/DB11104	Sulfur Hexafluoride
DrugBank_DB04214	DB04214	DrugBank	https://go.drugbank.com/drugs/DB04214	4-nitrophenyl Phosphate
DrugBank_DB05265	DB05265	DrugBank	https://go.drugbank.com/drugs/DB05265	Ecabet
DrugBank_DB04672	DB04672	DrugBank	https://go.drugbank.com/drugs/DB04672	Cyclic 3',5'-thymidine Monophosphate
DrugBank_DB07658	DB07658	DrugBank	https://go.drugbank.com/drugs/DB07658	Ac-(d)phe-pro-borolys-oh
DrugBank_DB12883	DB12883	DrugBank	https://go.drugbank.com/drugs/DB12883	Eltoprazine
DrugBank_DB12681	DB12681	DrugBank	https://go.drugbank.com/drugs/DB12681	Salirasib
DrugBank_DB07152	DB07152	DrugBank	https://go.drugbank.com/drugs/DB07152	N-[4-(5-fluoro-6-methylpyridin-2-yl)-5-quinoxalin-6-yl-1h-imidazol-2-yl]acetamide
DrugBank_DB05147	DB05147	DrugBank	https://go.drugbank.com/drugs/DB05147	Cyt997
DrugBank_DB01285	DB01285	DrugBank	https://go.drugbank.com/drugs/DB01285	Corticotropin
DrugBank_DB00505	DB00505	DrugBank	https://go.drugbank.com/drugs/DB00505	Tridihexethyl
DrugBank_DB04996	DB04996	DrugBank	https://go.drugbank.com/drugs/DB04996	Satraplatin
DrugBank_DB06858	DB06858	DrugBank	https://go.drugbank.com/drugs/DB06858	N-cyclooctylglycyl-n-(4-carbamimidoylbenzyl)-l-prolinamide
DrugBank_DB01214	DB01214	DrugBank	https://go.drugbank.com/drugs/DB01214	Metipranolol
DrugBank_DB12617	DB12617	DrugBank	https://go.drugbank.com/drugs/DB12617	Mizoribine
DrugBank_DB09237	DB09237	DrugBank	https://go.drugbank.com/drugs/DB09237	Levamlodipine
DrugBank_DB13283	DB13283	DrugBank	https://go.drugbank.com/drugs/DB13283	Sulfaisodimidine
DrugBank_DB02825	DB02825	DrugBank	https://go.drugbank.com/drugs/DB02825	Methylphosphinate
DrugBank_DB07345	DB07345	DrugBank	https://go.drugbank.com/drugs/DB07345	4-(2-aminoethyl)-2-cyclohexylphenol
DrugBank_DB13638	DB13638	DrugBank	https://go.drugbank.com/drugs/DB13638	Cefbuperazone
DrugBank_DB13671	DB13671	DrugBank	https://go.drugbank.com/drugs/DB13671	Sulbentine
DrugBank_DB04505	DB04505	DrugBank	https://go.drugbank.com/drugs/DB04505	8-(2-chloro-3,4,5-trimethoxy-benzyl)-9-pent-4-ylnyl-9h-purin-6-ylamine
DrugBank_DB03447	DB03447	DrugBank	https://go.drugbank.com/drugs/DB03447	Uridylyl-2'-5'-phospho-adenosine
DrugBank_DB03506	DB03506	DrugBank	https://go.drugbank.com/drugs/DB03506	9-deazaadenine
DrugBank_DB01014	DB01014	DrugBank	https://go.drugbank.com/drugs/DB01014	Balsalazide
DrugBank_DB04894	DB04894	DrugBank	https://go.drugbank.com/drugs/DB04894	Vapreotide
DrugBank_DB09080	DB09080	DrugBank	https://go.drugbank.com/drugs/DB09080	Olodaterol
DrugBank_DB06217	DB06217	DrugBank	https://go.drugbank.com/drugs/DB06217	Vernakalant
DrugBank_DB09140	DB09140	DrugBank	https://go.drugbank.com/drugs/DB09140	Oxygen
DrugBank_DB13037	DB13037	DrugBank	https://go.drugbank.com/drugs/DB13037	Namilumab
DrugBank_DB14581	DB14581	DrugBank	https://go.drugbank.com/drugs/DB14581	Cpi-1205
DrugBank_DB09351	DB09351	DrugBank	https://go.drugbank.com/drugs/DB09351	Levobetaxolol
DrugBank_DB00765	DB00765	DrugBank	https://go.drugbank.com/drugs/DB00765	Metyrosine
DrugBank_DB03691	DB03691	DrugBank	https://go.drugbank.com/drugs/DB03691	Wrr-112
DrugBank_DB05012	DB05012	DrugBank	https://go.drugbank.com/drugs/DB05012	Xen2174
DrugBank_DB11677	DB11677	DrugBank	https://go.drugbank.com/drugs/DB11677	Triheptanoin
DrugBank_DB06560	DB06560	DrugBank	https://go.drugbank.com/drugs/DB06560	Pascolizumab
DrugBank_DB12281	DB12281	DrugBank	https://go.drugbank.com/drugs/DB12281	Luspatercept
DrugBank_DB01219	DB01219	DrugBank	https://go.drugbank.com/drugs/DB01219	Dantrolene
DrugBank_DB05204	DB05204	DrugBank	https://go.drugbank.com/drugs/DB05204	Xl418
DrugBank_DB04311	DB04311	DrugBank	https://go.drugbank.com/drugs/DB04311	4-phenylbutylamine
DrugBank_DB04055	DB04055	DrugBank	https://go.drugbank.com/drugs/DB04055	2,3-dicarboxy-4-(2-chloro-phenyl)-1-ethyl-5-isopropoxycarbonyl-6-methyl-pyridinium
DrugBank_DB08479	DB08479	DrugBank	https://go.drugbank.com/drugs/DB08479	N-(3,5-dimethoxyphenyl)imidodicarbonimidic Diamide
DrugBank_DB00883	DB00883	DrugBank	https://go.drugbank.com/drugs/DB00883	Isosorbide Dinitrate
DrugBank_DB00943	DB00943	DrugBank	https://go.drugbank.com/drugs/DB00943	Zalcitabine
DrugBank_DB11363	DB11363	DrugBank	https://go.drugbank.com/drugs/DB11363	Alectinib
DrugBank_DB07851	DB07851	DrugBank	https://go.drugbank.com/drugs/DB07851	(3r,4s)-1-(3,4-dimethoxyphenyl)-3-(3-methylphenyl)piperidin-4-amine
DrugBank_DB01106	DB01106	DrugBank	https://go.drugbank.com/drugs/DB01106	Levocabastine
DrugBank_DB03623	DB03623	DrugBank	https://go.drugbank.com/drugs/DB03623	9-(4-hydroxyphenyl)-2,7-phenanthroline
DrugBank_DB15688	DB15688	DrugBank	https://go.drugbank.com/drugs/DB15688	Vazegepant
DrugBank_DB00392	DB00392	DrugBank	https://go.drugbank.com/drugs/DB00392	Profenamine
DrugBank_DB05033	DB05033	DrugBank	https://go.drugbank.com/drugs/DB05033	Incb7839
DrugBank_DB06184	DB06184	DrugBank	https://go.drugbank.com/drugs/DB06184	Aeg35156
DrugBank_DB06174	DB06174	DrugBank	https://go.drugbank.com/drugs/DB06174	Noscapine
DrugBank_DB03207	DB03207	DrugBank	https://go.drugbank.com/drugs/DB03207	2-(biphenyl-4-sulfonyl)-1,2,3,4-tetrahydro-isoquinoline-3-carboxylic Acid
DrugBank_DB07470	DB07470	DrugBank	https://go.drugbank.com/drugs/DB07470	(3as)-3a-hydroxy-1-phenyl-1,2,3,3a-tetrahydro-4h-pyrrolo[2,3-b]quinolin-4-one
DrugBank_DB00659	DB00659	DrugBank	https://go.drugbank.com/drugs/DB00659	Acamprosate
DrugBank_DB12926	DB12926	DrugBank	https://go.drugbank.com/drugs/DB12926	Cafedrine
DrugBank_DB04633	DB04633	DrugBank	https://go.drugbank.com/drugs/DB04633	N-ethyl-n-[3-(propylamino)propyl]propane-1,3-diamine
DrugBank_DB02950	DB02950	DrugBank	https://go.drugbank.com/drugs/DB02950	Hymenialdisine
DrugBank_DB05511	DB05511	DrugBank	https://go.drugbank.com/drugs/DB05511	Piclidenoson
DrugBank_DB08176	DB08176	DrugBank	https://go.drugbank.com/drugs/DB08176	(1z)-4-(4-fluorophenyl)-2-methylidenebutan-1-imine
DrugBank_DB04150	DB04150	DrugBank	https://go.drugbank.com/drugs/DB04150	N-alpha-acetyl-3,5-diiodotyrosyl-d-threonine
DrugBank_DB07502	DB07502	DrugBank	https://go.drugbank.com/drugs/DB07502	4-bromo-6-(6-hydroxy-1,2-benzisoxazol-3-yl)benzene-1,3-diol
DrugBank_DB09227	DB09227	DrugBank	https://go.drugbank.com/drugs/DB09227	Barnidipine
DrugBank_DB01367	DB01367	DrugBank	https://go.drugbank.com/drugs/DB01367	Rasagiline
DrugBank_DB08608	DB08608	DrugBank	https://go.drugbank.com/drugs/DB08608	4-({(2r,5s)-2,5-dimethyl-4-[(2r)-3,3,3-trifluoro-2-hydroxy-2-methylpropanoyl]piperazin-1-yl}carbonyl)benzonitrile
DrugBank_DB00028	DB00028	DrugBank	https://go.drugbank.com/drugs/DB00028	Human Immunoglobulin G
DrugBank_DB09355	DB09355	DrugBank	https://go.drugbank.com/drugs/DB09355	Sulfabenzamide
DrugBank_DB03101	DB03101	DrugBank	https://go.drugbank.com/drugs/DB03101	Ribose-1-phosphate
DrugBank_DB10395	DB10395	DrugBank	https://go.drugbank.com/drugs/DB10395	Holcus Lanatus Pollen
DrugBank_DB07175	DB07175	DrugBank	https://go.drugbank.com/drugs/DB07175	N-{2-methyl-5-[(6-phenylpyrimidin-4-yl)amino]phenyl}methanesulfonamide
DrugBank_DB13742	DB13742	DrugBank	https://go.drugbank.com/drugs/DB13742	Elcatonin
DrugBank_DB15225	DB15225	DrugBank	https://go.drugbank.com/drugs/DB15225	Mitazalimab
DrugBank_DB00582	DB00582	DrugBank	https://go.drugbank.com/drugs/DB00582	Voriconazole
DrugBank_DB00777	DB00777	DrugBank	https://go.drugbank.com/drugs/DB00777	Propiomazine
DrugBank_DB08287	DB08287	DrugBank	https://go.drugbank.com/drugs/DB08287	(1r,2r)-n-(2-aminoethyl)-2-{[(4-methoxyphenyl)sulfonyl]methyl}cyclohexanecarboxamide
DrugBank_DB01854	DB01854	DrugBank	https://go.drugbank.com/drugs/DB01854	5-bromonicotinamide
DrugBank_DB01915	DB01915	DrugBank	https://go.drugbank.com/drugs/DB01915	S-hydroxycysteine
DrugBank_DB07239	DB07239	DrugBank	https://go.drugbank.com/drugs/DB07239	7-(aminomethyl)-6-(2-chlorophenyl)-1-methyl-1h-benzimidazole-5-carbonitrile
DrugBank_DB09023	DB09023	DrugBank	https://go.drugbank.com/drugs/DB09023	Benactyzine
DrugBank_DB04512	DB04512	DrugBank	https://go.drugbank.com/drugs/DB04512	2-isobutyl-3-methoxypyrazine
DrugBank_DB04910	DB04910	DrugBank	https://go.drugbank.com/drugs/DB04910	Oxibendazole
DrugBank_DB08931	DB08931	DrugBank	https://go.drugbank.com/drugs/DB08931	Riociguat
DrugBank_DB03185	DB03185	DrugBank	https://go.drugbank.com/drugs/DB03185	1-beta-ribofuranosyl-1,3-diazepinone
DrugBank_DB05142	DB05142	DrugBank	https://go.drugbank.com/drugs/DB05142	Nd7001
DrugBank_DB07933	DB07933	DrugBank	https://go.drugbank.com/drugs/DB07933	Erteberel
DrugBank_DB00794	DB00794	DrugBank	https://go.drugbank.com/drugs/DB00794	Primidone
DrugBank_DB07138	DB07138	DrugBank	https://go.drugbank.com/drugs/DB07138	Neflamapimod
DrugBank_DB03667	DB03667	DrugBank	https://go.drugbank.com/drugs/DB03667	Acetic Acid Salicyloyl-amino-ester
DrugBank_DB01154	DB01154	DrugBank	https://go.drugbank.com/drugs/DB01154	Thiamylal
DrugBank_DB03957	DB03957	DrugBank	https://go.drugbank.com/drugs/DB03957	Sp2456
DrugBank_DB11949	DB11949	DrugBank	https://go.drugbank.com/drugs/DB11949	Vestipitant
DrugBank_DB00917	DB00917	DrugBank	https://go.drugbank.com/drugs/DB00917	Dinoprostone
DrugBank_DB03766	DB03766	DrugBank	https://go.drugbank.com/drugs/DB03766	Propanoic Acid
DrugBank_DB02258	DB02258	DrugBank	https://go.drugbank.com/drugs/DB02258	Sr11254
DrugBank_DB01569	DB01569	DrugBank	https://go.drugbank.com/drugs/DB01569	Formebolone
DrugBank_DB12141	DB12141	DrugBank	https://go.drugbank.com/drugs/DB12141	Gilteritinib
DrugBank_DB02323	DB02323	DrugBank	https://go.drugbank.com/drugs/DB02323	Em-1745
DrugBank_DB04436	DB04436	DrugBank	https://go.drugbank.com/drugs/DB04436	3-fluoro-l-tyrosine
DrugBank_DB06706	DB06706	DrugBank	https://go.drugbank.com/drugs/DB06706	Isometheptene
DrugBank_DB15160	DB15160	DrugBank	https://go.drugbank.com/drugs/DB15160	Asunercept
DrugBank_DB03881	DB03881	DrugBank	https://go.drugbank.com/drugs/DB03881	(2s,3r,4s,5s)-3,4-dihydroxy-2-[(methylsulfanyl)methyl]-5-(4-oxo-4,5-dihydro-1h-pyrrolo[3,2-d]pyrimidin-7-yl)pyrrolidinium
DrugBank_DB08180	DB08180	DrugBank	https://go.drugbank.com/drugs/DB08180	2-[methyl-(5-geranyl-4-methyl-pent-3-enyl)-amino]-ethyl-diphosphate
DrugBank_DB13307	DB13307	DrugBank	https://go.drugbank.com/drugs/DB13307	Proscillaridin
DrugBank_DB03902	DB03902	DrugBank	https://go.drugbank.com/drugs/DB03902	Oxalic Acid
DrugBank_DB15580	DB15580	DrugBank	https://go.drugbank.com/drugs/DB15580	Climbazole
DrugBank_DB11586	DB11586	DrugBank	https://go.drugbank.com/drugs/DB11586	Asunaprevir
DrugBank_DB11373	DB11373	DrugBank	https://go.drugbank.com/drugs/DB11373	Amitraz
DrugBank_DB01307	DB01307	DrugBank	https://go.drugbank.com/drugs/DB01307	Insulin Detemir
DrugBank_DB00880	DB00880	DrugBank	https://go.drugbank.com/drugs/DB00880	Chlorothiazide
DrugBank_DB13479	DB13479	DrugBank	https://go.drugbank.com/drugs/DB13479	Histapyrrodine
DrugBank_DB00374	DB00374	DrugBank	https://go.drugbank.com/drugs/DB00374	Treprostinil
DrugBank_DB09389	DB09389	DrugBank	https://go.drugbank.com/drugs/DB09389	Norgestrel
DrugBank_DB01010	DB01010	DrugBank	https://go.drugbank.com/drugs/DB01010	Edrophonium
DrugBank_DB13675	DB13675	DrugBank	https://go.drugbank.com/drugs/DB13675	Metahexamide
DrugBank_DB00665	DB00665	DrugBank	https://go.drugbank.com/drugs/DB00665	Nilutamide
DrugBank_DB04114	DB04114	DrugBank	https://go.drugbank.com/drugs/DB04114	3-chloro-9-ethyl-6,7,8,9,10,11-hexahydro-7,11-methanocycloocta[b]quinolin-12-amine
DrugBank_DB06422	DB06422	DrugBank	https://go.drugbank.com/drugs/DB06422	Ticalopride
DrugBank_DB01873	DB01873	DrugBank	https://go.drugbank.com/drugs/DB01873	Epothilone D
DrugBank_DB01043	DB01043	DrugBank	https://go.drugbank.com/drugs/DB01043	Memantine
DrugBank_DB05472	DB05472	DrugBank	https://go.drugbank.com/drugs/DB05472	Omega Interferon
DrugBank_DB14001	DB14001	DrugBank	https://go.drugbank.com/drugs/DB14001	Alpha-tocopherol Succinate
DrugBank_DB09282	DB09282	DrugBank	https://go.drugbank.com/drugs/DB09282	Molsidomine
DrugBank_DB05144	DB05144	DrugBank	https://go.drugbank.com/drugs/DB05144	Pev3a
DrugBank_DB00360	DB00360	DrugBank	https://go.drugbank.com/drugs/DB00360	Sapropterin
DrugBank_DB06594	DB06594	DrugBank	https://go.drugbank.com/drugs/DB06594	Agomelatine
DrugBank_DB12873	DB12873	DrugBank	https://go.drugbank.com/drugs/DB12873	Dianhydrogalactitol
DrugBank_DB04113	DB04113	DrugBank	https://go.drugbank.com/drugs/DB04113	N-formylpiperidine
DrugBank_DB15051	DB15051	DrugBank	https://go.drugbank.com/drugs/DB15051	Ethaselen
DrugBank_DB06959	DB06959	DrugBank	https://go.drugbank.com/drugs/DB06959	(2s)-1-(3h-indol-3-yl)-3-{[5-(6-isoquinolinyl)-3-pyridinyl]oxy}-2-propanamine
DrugBank_DB01966	DB01966	DrugBank	https://go.drugbank.com/drugs/DB01966	Di-stearoyl-3-sn-phosphatidylethanolamine
DrugBank_DB00854	DB00854	DrugBank	https://go.drugbank.com/drugs/DB00854	Levorphanol
DrugBank_DB09190	DB09190	DrugBank	https://go.drugbank.com/drugs/DB09190	Talopram
DrugBank_DB15213	DB15213	DrugBank	https://go.drugbank.com/drugs/DB15213	25-desacetylrifapentine
DrugBank_DB02728	DB02728	DrugBank	https://go.drugbank.com/drugs/DB02728	7-hydroxy-2-oxo-chromene-3-carboxylic Acid Ethyl Ester
DrugBank_DB03429	DB03429	DrugBank	https://go.drugbank.com/drugs/DB03429	Tetrastearoyl Cardiolipin
DrugBank_DB13686	DB13686	DrugBank	https://go.drugbank.com/drugs/DB13686	Clometocillin
DrugBank_DB08339	DB08339	DrugBank	https://go.drugbank.com/drugs/DB08339	Pd-166326
DrugBank_DB07543	DB07543	DrugBank	https://go.drugbank.com/drugs/DB07543	(s)-carazolol
DrugBank_DB03982	DB03982	DrugBank	https://go.drugbank.com/drugs/DB03982	Compound 5, 2-(naphthalen-1-yl-oxalyl-amino)-benzoicacid
DrugBank_DB11607	DB11607	DrugBank	https://go.drugbank.com/drugs/DB11607	Efmoroctocog Alfa
DrugBank_DB13146	DB13146	DrugBank	https://go.drugbank.com/drugs/DB13146	Fluciclovine (18f)
DrugBank_DB07592	DB07592	DrugBank	https://go.drugbank.com/drugs/DB07592	(2r)-3-methyl-1-phenyl-2-butanyl [(2s)-1-oxo-2-hexanyl]carbamate
DrugBank_DB00226	DB00226	DrugBank	https://go.drugbank.com/drugs/DB00226	Guanadrel
DrugBank_DB02689	DB02689	DrugBank	https://go.drugbank.com/drugs/DB02689	S-{2-[amino(dihydroxy)-lambda~4~-sulfanyl]ethyl}-d-cysteine
DrugBank_DB15119	DB15119	DrugBank	https://go.drugbank.com/drugs/DB15119	Ropeginterferon Alfa-2b
DrugBank_DB04371	DB04371	DrugBank	https://go.drugbank.com/drugs/DB04371	Al6528
DrugBank_DB12545	DB12545	DrugBank	https://go.drugbank.com/drugs/DB12545	Indobufen
DrugBank_DB13617	DB13617	DrugBank	https://go.drugbank.com/drugs/DB13617	Clorexolone
DrugBank_DB11462	DB11462	DrugBank	https://go.drugbank.com/drugs/DB11462	Sulfaethoxypyridazine
DrugBank_DB08032	DB08032	DrugBank	https://go.drugbank.com/drugs/DB08032	N,n-diethyl-2-[(2-thienylcarbonyl)amino]-4,5,6,7-tetrahydro-1-benzothiophene-3-carboxamide
DrugBank_DB09114	DB09114	DrugBank	https://go.drugbank.com/drugs/DB09114	Colfosceril Palmitate
DrugBank_DB00513	DB00513	DrugBank	https://go.drugbank.com/drugs/DB00513	Aminocaproic Acid
DrugBank_DB11473	DB11473	DrugBank	https://go.drugbank.com/drugs/DB11473	Metrifonate
DrugBank_DB03365	DB03365	DrugBank	https://go.drugbank.com/drugs/DB03365	4-[3-hydroxyanilino]-6,7-dimethoxyquinazoline
DrugBank_DB00885	DB00885	DrugBank	https://go.drugbank.com/drugs/DB00885	Pemirolast
DrugBank_DB09312	DB09312	DrugBank	https://go.drugbank.com/drugs/DB09312	Antilymphocyte Immunoglobulin (horse)
DrugBank_DB02519	DB02519	DrugBank	https://go.drugbank.com/drugs/DB02519	Indirubin-5-sulphonate
DrugBank_DB01600	DB01600	DrugBank	https://go.drugbank.com/drugs/DB01600	Tiaprofenic Acid
DrugBank_DB05023	DB05023	DrugBank	https://go.drugbank.com/drugs/DB05023	Atl1101
DrugBank_DB06732	DB06732	DrugBank	https://go.drugbank.com/drugs/DB06732	Beta-naphthoflavone
DrugBank_DB14562	DB14562	DrugBank	https://go.drugbank.com/drugs/DB14562	Andexanet Alfa
DrugBank_DB13535	DB13535	DrugBank	https://go.drugbank.com/drugs/DB13535	Nebacumab
DrugBank_DB05766	DB05766	DrugBank	https://go.drugbank.com/drugs/DB05766	Acp-104
DrugBank_DB07776	DB07776	DrugBank	https://go.drugbank.com/drugs/DB07776	Flavone
DrugBank_DB02300	DB02300	DrugBank	https://go.drugbank.com/drugs/DB02300	Calcipotriol
DrugBank_DB08045	DB08045	DrugBank	https://go.drugbank.com/drugs/DB08045	4-{4-[4-(3-aminopropoxy)phenyl]-1h-pyrazol-5-yl}-6-chlorobenzene-1,3-diol
DrugBank_DB02347	DB02347	DrugBank	https://go.drugbank.com/drugs/DB02347	2-amino-3-(5-tert-butyl-3-(phosphonomethoxy)-4-isoxazolyl)propionic Acid
DrugBank_DB01563	DB01563	DrugBank	https://go.drugbank.com/drugs/DB01563	Chloral Hydrate
DrugBank_DB15245	DB15245	DrugBank	https://go.drugbank.com/drugs/DB15245	Olorofim
DrugBank_DB00429	DB00429	DrugBank	https://go.drugbank.com/drugs/DB00429	Carboprost Tromethamine
DrugBank_DB08983	DB08983	DrugBank	https://go.drugbank.com/drugs/DB08983	Etofibrate
DrugBank_DB01253	DB01253	DrugBank	https://go.drugbank.com/drugs/DB01253	Ergometrine
DrugBank_DB07959	DB07959	DrugBank	https://go.drugbank.com/drugs/DB07959	3-(1h-benzimidazol-2-yl)-1h-indazole
DrugBank_DB03110	DB03110	DrugBank	https://go.drugbank.com/drugs/DB03110	2-chlorophenol
DrugBank_DB12182	DB12182	DrugBank	https://go.drugbank.com/drugs/DB12182	Binetrakin
DrugBank_DB02647	DB02647	DrugBank	https://go.drugbank.com/drugs/DB02647	N-(5-cyclopropyl-1h-pyrazol-3-yl)benzamide
DrugBank_DB09059	DB09059	DrugBank	https://go.drugbank.com/drugs/DB09059	Atosiban
DrugBank_DB08289	DB08289	DrugBank	https://go.drugbank.com/drugs/DB08289	N-(para-glutaramidophenyl-ethyl)-piperidinium-n-oxide
DrugBank_DB13845	DB13845	DrugBank	https://go.drugbank.com/drugs/DB13845	Etafenone
DrugBank_DB06229	DB06229	DrugBank	https://go.drugbank.com/drugs/DB06229	Ocaperidone
DrugBank_DB07210	DB07210	DrugBank	https://go.drugbank.com/drugs/DB07210	3-bromo-5-phenyl-n-(pyridin-4-ylmethyl)pyrazolo[1,5-a]pyrimidin-7-amine
DrugBank_DB02010	DB02010	DrugBank	https://go.drugbank.com/drugs/DB02010	Staurosporine
DrugBank_DB07798	DB07798	DrugBank	https://go.drugbank.com/drugs/DB07798	(3r)-3-(fluoromethyl)-n-(3,3,3-trifluoropropyl)-1,2,3,4-tetrahydroisoquinoline-7-sulfonamide
DrugBank_DB06049	DB06049	DrugBank	https://go.drugbank.com/drugs/DB06049	Iph 2101
DrugBank_DB04832	DB04832	DrugBank	https://go.drugbank.com/drugs/DB04832	Zimelidine
DrugBank_DB09539	DB09539	DrugBank	https://go.drugbank.com/drugs/DB09539	Omega-3-acid Ethyl Esters
DrugBank_DB09160	DB09160	DrugBank	https://go.drugbank.com/drugs/DB09160	Technetium Tc-99m Tetrofosmin
DrugBank_DB14740	DB14740	DrugBank	https://go.drugbank.com/drugs/DB14740	Hyaluronidase
DrugBank_DB08534	DB08534	DrugBank	https://go.drugbank.com/drugs/DB08534	5-(2-fluorophenyl)-n-(pyridin-4-ylmethyl)pyrazolo[1,5-a]pyrimidin-7-amine
DrugBank_DB01619	DB01619	DrugBank	https://go.drugbank.com/drugs/DB01619	Phenindamine
DrugBank_DB13852	DB13852	DrugBank	https://go.drugbank.com/drugs/DB13852	Mefenorex
DrugBank_DB13792	DB13792	DrugBank	https://go.drugbank.com/drugs/DB13792	Clopamide
DrugBank_DB05710	DB05710	DrugBank	https://go.drugbank.com/drugs/DB05710	Gantacurium
DrugBank_DB03484	DB03484	DrugBank	https://go.drugbank.com/drugs/DB03484	Sn-glycero-3-phosphoethanolamine
DrugBank_DB03765	DB03765	DrugBank	https://go.drugbank.com/drugs/DB03765	2'-cytidylic Acid
DrugBank_DB02783	DB02783	DrugBank	https://go.drugbank.com/drugs/DB02783	4'-deoxy-4'-acetylyamino-pyridoxal-5'-phosphate
DrugBank_DB01083	DB01083	DrugBank	https://go.drugbank.com/drugs/DB01083	Orlistat
DrugBank_DB00129	DB00129	DrugBank	https://go.drugbank.com/drugs/DB00129	Ornithine
DrugBank_DB07683	DB07683	DrugBank	https://go.drugbank.com/drugs/DB07683	N-(dibenzo[b,d]thiophen-3-ylsulfonyl)-l-valine
DrugBank_DB12584	DB12584	DrugBank	https://go.drugbank.com/drugs/DB12584	Bimagrumab
DrugBank_DB04419	DB04419	DrugBank	https://go.drugbank.com/drugs/DB04419	D-norleucine
DrugBank_DB02112	DB02112	DrugBank	https://go.drugbank.com/drugs/DB02112	Zk-806450
DrugBank_DB11164	DB11164	DrugBank	https://go.drugbank.com/drugs/DB11164	Bicisate
DrugBank_DB04269	DB04269	DrugBank	https://go.drugbank.com/drugs/DB04269	Cyclotheonamide A
DrugBank_DB08046	DB08046	DrugBank	https://go.drugbank.com/drugs/DB08046	2-chloro-5-[(1s)-1-hydroxy-3-oxo-2h-isoindol-1-yl]benzenesulfonamide
DrugBank_DB11454	DB11454	DrugBank	https://go.drugbank.com/drugs/DB11454	Prostalene
DrugBank_DB06147	DB06147	DrugBank	https://go.drugbank.com/drugs/DB06147	Sulfathiazole
DrugBank_DB08905	DB08905	DrugBank	https://go.drugbank.com/drugs/DB08905	Formestane
DrugBank_DB08752	DB08752	DrugBank	https://go.drugbank.com/drugs/DB08752	N-[(1s)-2-[(4-cyano-1-methylpiperidin-4-yl)amino]-1-(cyclohexylmethyl)-2-oxoethyl]morpholine-4-carboxamide
DrugBank_DB13773	DB13773	DrugBank	https://go.drugbank.com/drugs/DB13773	Sulfamethoxypyridazine
DrugBank_DB12289	DB12289	DrugBank	https://go.drugbank.com/drugs/DB12289	Darexaban
DrugBank_DB00139	DB00139	DrugBank	https://go.drugbank.com/drugs/DB00139	Succinic Acid
DrugBank_DB06212	DB06212	DrugBank	https://go.drugbank.com/drugs/DB06212	Tolvaptan
DrugBank_DB00664	DB00664	DrugBank	https://go.drugbank.com/drugs/DB00664	Sulfametopyrazine
DrugBank_DB07314	DB07314	DrugBank	https://go.drugbank.com/drugs/DB07314	1-(5-chloro-2,4-dimethoxyphenyl)-3-(5-cyanopyrazin-2-yl)urea
DrugBank_DB12017	DB12017	DrugBank	https://go.drugbank.com/drugs/DB12017	Ozagrel
DrugBank_DB01210	DB01210	DrugBank	https://go.drugbank.com/drugs/DB01210	Levobunolol
DrugBank_DB07872	DB07872	DrugBank	https://go.drugbank.com/drugs/DB07872	5-chloro-n-[(3r)-1-(2-{[2-fluoro-4-(2-oxopyridin-1(2h)-yl)phenyl]amino}-2-oxoethyl)pyrrolidin-3-yl]thiophene-2-carboxamide
DrugBank_DB02719	DB02719	DrugBank	https://go.drugbank.com/drugs/DB02719	C-(1-hydrogyl-beta-d-glucopyranosyl) Formamide
DrugBank_DB07009	DB07009	DrugBank	https://go.drugbank.com/drugs/DB07009	2-(5-hydroxy-naphthalen-1-yl)-1,3-benzooxazol-6-ol
DrugBank_DB02915	DB02915	DrugBank	https://go.drugbank.com/drugs/DB02915	4-(2,4-dimethyl-1,3-thiazol-5-yl)-n-[4-(trifluoromethyl)phenyl]-2-pyrimidinamine
DrugBank_DB08340	DB08340	DrugBank	https://go.drugbank.com/drugs/DB08340	N,n'-diphenylpyrazolo[1,5-a][1,3,5]triazine-2,4-diamine
DrugBank_DB04115	DB04115	DrugBank	https://go.drugbank.com/drugs/DB04115	Berberine
DrugBank_DB06366	DB06366	DrugBank	https://go.drugbank.com/drugs/DB06366	Pertuzumab
DrugBank_DB11389	DB11389	DrugBank	https://go.drugbank.com/drugs/DB11389	Clorsulon
DrugBank_DB03346	DB03346	DrugBank	https://go.drugbank.com/drugs/DB03346	3,3',5,5'-tetrachlorobiphenyl-4,4'-diol
DrugBank_DB00830	DB00830	DrugBank	https://go.drugbank.com/drugs/DB00830	Phenmetrazine
DrugBank_DB02381	DB02381	DrugBank	https://go.drugbank.com/drugs/DB02381	Nor-noha
DrugBank_DB11637	DB11637	DrugBank	https://go.drugbank.com/drugs/DB11637	Delamanid
DrugBank_DB05239	DB05239	DrugBank	https://go.drugbank.com/drugs/DB05239	Cobimetinib
DrugBank_DB13364	DB13364	DrugBank	https://go.drugbank.com/drugs/DB13364	Feprazone
DrugBank_DB08424	DB08424	DrugBank	https://go.drugbank.com/drugs/DB08424	[5-amino-1-(4-fluorophenyl)-1h-pyrazol-4-yl](3-{[(2r)-2,3-dihydroxypropyl]oxy}phenyl)methanone
DrugBank_DB00006	DB00006	DrugBank	https://go.drugbank.com/drugs/DB00006	Bivalirudin
DrugBank_DB07879	DB07879	DrugBank	https://go.drugbank.com/drugs/DB07879	N-hydroxy-5-[(3-phenyl-5,6-dihydroimidazo[1,2-a]pyrazin-7(8h)-yl)carbonyl]thiophene-2-carboxamide
DrugBank_DB00215	DB00215	DrugBank	https://go.drugbank.com/drugs/DB00215	Citalopram
DrugBank_DB04957	DB04957	DrugBank	https://go.drugbank.com/drugs/DB04957	Azimilide
DrugBank_DB11093	DB11093	DrugBank	https://go.drugbank.com/drugs/DB11093	Calcium Citrate
DrugBank_DB14029	DB14029	DrugBank	https://go.drugbank.com/drugs/DB14029	Furafylline
DrugBank_DB00428	DB00428	DrugBank	https://go.drugbank.com/drugs/DB00428	Streptozocin
DrugBank_DB07135	DB07135	DrugBank	https://go.drugbank.com/drugs/DB07135	(2s,3s)-3-amino-4-[(3s)-3-fluoropyrrolidin-1-yl]-n,n-dimethyl-4-oxo-2-(trans-4-[1,2,4]triazolo[1,5-a]pyridin-5-ylcyclohexyl)butanamide
DrugBank_DB07401	DB07401	DrugBank	https://go.drugbank.com/drugs/DB07401	Azoxystrobin
DrugBank_DB01303	DB01303	DrugBank	https://go.drugbank.com/drugs/DB01303	Oxtriphylline
DrugBank_DB00146	DB00146	DrugBank	https://go.drugbank.com/drugs/DB00146	Calcifediol
DrugBank_DB06127	DB06127	DrugBank	https://go.drugbank.com/drugs/DB06127	Bisegliptin
DrugBank_DB07705	DB07705	DrugBank	https://go.drugbank.com/drugs/DB07705	(s)-econazole
DrugBank_DB02621	DB02621	DrugBank	https://go.drugbank.com/drugs/DB02621	Latrunculin A
DrugBank_DB08113	DB08113	DrugBank	https://go.drugbank.com/drugs/DB08113	3-pyridin-4-yl-1h-indazole
DrugBank_DB05295	DB05295	DrugBank	https://go.drugbank.com/drugs/DB05295	Eldecalcitol
DrugBank_DB04564	DB04564	DrugBank	https://go.drugbank.com/drugs/DB04564	Gluconolactone
DrugBank_DB14695	DB14695	DrugBank	https://go.drugbank.com/drugs/DB14695	Ferric Oxyhydroxide
DrugBank_DB07503	DB07503	DrugBank	https://go.drugbank.com/drugs/DB07503	(5e)-5-[(2,2-difluoro-1,3-benzodioxol-5-yl)methylene]-1,3-thiazolidine-2,4-dione
DrugBank_DB12473	DB12473	DrugBank	https://go.drugbank.com/drugs/DB12473	Taurolidine
DrugBank_DB02048	DB02048	DrugBank	https://go.drugbank.com/drugs/DB02048	1,2,4-triazole-carboxamidine
DrugBank_DB06778	DB06778	DrugBank	https://go.drugbank.com/drugs/DB06778	Cupric Sulfate
DrugBank_DB09555	DB09555	DrugBank	https://go.drugbank.com/drugs/DB09555	Dexchlorpheniramine Maleate
DrugBank_DB02189	DB02189	DrugBank	https://go.drugbank.com/drugs/DB02189	2',3'-dideoxyadenosine Triphosphate
DrugBank_DB07512	DB07512	DrugBank	https://go.drugbank.com/drugs/DB07512	7-[(3-chlorobenzyl)oxy]-2-oxo-2h-chromene-4-carbaldehyde
DrugBank_DB14126	DB14126	DrugBank	https://go.drugbank.com/drugs/DB14126	Tenofovir
DrugBank_DB02035	DB02035	DrugBank	https://go.drugbank.com/drugs/DB02035	Hexadecanesulfonyl Fluoride
DrugBank_DB12342	DB12342	DrugBank	https://go.drugbank.com/drugs/DB12342	Ensituximab
DrugBank_DB06654	DB06654	DrugBank	https://go.drugbank.com/drugs/DB06654	Safinamide
DrugBank_DB00732	DB00732	DrugBank	https://go.drugbank.com/drugs/DB00732	Atracurium Besylate
DrugBank_DB04709	DB04709	DrugBank	https://go.drugbank.com/drugs/DB04709	(3aalpha,4alpha,7alpha,7aalpha)- 3a,4,7,7a-tetrahydro-2-(4-nitro-1-naphthalenyl)-4,7-ethano-1h-isoindole-1,3(2h)-dione
DrugBank_DB07845	DB07845	DrugBank	https://go.drugbank.com/drugs/DB07845	2-fluoro-6-{[2-({2-methoxy-4-[(methylsulfonyl)methyl]phenyl}amino)-7h-pyrrolo[2,3-d]pyrimidin-4-yl]amino}benzamide
DrugBank_DB04144	DB04144	DrugBank	https://go.drugbank.com/drugs/DB04144	Cis-[4,5-bis-(4-chlorophenyl)-2-(2-isopropoxy-4-methoxyphenyl)-4,5-dihyd Roimidazol-1-yl]-piperazin-1-yl-methanone
DrugBank_DB00720	DB00720	DrugBank	https://go.drugbank.com/drugs/DB00720	Clodronic Acid
DrugBank_DB11408	DB11408	DrugBank	https://go.drugbank.com/drugs/DB11408	Famphur
DrugBank_DB11691	DB11691	DrugBank	https://go.drugbank.com/drugs/DB11691	Naldemedine
DrugBank_DB00335	DB00335	DrugBank	https://go.drugbank.com/drugs/DB00335	Atenolol
DrugBank_DB01548	DB01548	DrugBank	https://go.drugbank.com/drugs/DB01548	Diprenorphine
DrugBank_DB07462	DB07462	DrugBank	https://go.drugbank.com/drugs/DB07462	(3,4-dihydroxy-2-nitrophenyl)(phenyl)methanone
DrugBank_DB14489	DB14489	DrugBank	https://go.drugbank.com/drugs/DB14489	Ferrous Succinate
DrugBank_DB01339	DB01339	DrugBank	https://go.drugbank.com/drugs/DB01339	Vecuronium
DrugBank_DB12100	DB12100	DrugBank	https://go.drugbank.com/drugs/DB12100	Abediterol
DrugBank_DB08574	DB08574	DrugBank	https://go.drugbank.com/drugs/DB08574	(5r)-2-sulfanyl-5-[4-(trifluoromethyl)benzyl]-1,3-thiazol-4(5h)-one
DrugBank_DB00401	DB00401	DrugBank	https://go.drugbank.com/drugs/DB00401	Nisoldipine
DrugBank_DB07070	DB07070	DrugBank	https://go.drugbank.com/drugs/DB07070	(2s)-2-{3-[({[2-fluoro-4-(trifluoromethyl)phenyl]carbonyl}amino)methyl]-4-methoxybenzyl}butanoic Acid
DrugBank_DB01162	DB01162	DrugBank	https://go.drugbank.com/drugs/DB01162	Terazosin
DrugBank_DB04537	DB04537	DrugBank	https://go.drugbank.com/drugs/DB04537	Tryptophanamide
DrugBank_DB00361	DB00361	DrugBank	https://go.drugbank.com/drugs/DB00361	Vinorelbine
DrugBank_DB07969	DB07969	DrugBank	https://go.drugbank.com/drugs/DB07969	3-[3-(4-methylpiperazin-1-yl)-7-(trifluoromethyl)quinoxalin-5-yl]phenol
DrugBank_DB00195	DB00195	DrugBank	https://go.drugbank.com/drugs/DB00195	Betaxolol
DrugBank_DB01377	DB01377	DrugBank	https://go.drugbank.com/drugs/DB01377	Magnesium Oxide
DrugBank_DB13499	DB13499	DrugBank	https://go.drugbank.com/drugs/DB13499	Cefsulodin
DrugBank_DB03677	DB03677	DrugBank	https://go.drugbank.com/drugs/DB03677	N-cyclohexyl-n'-decylurea
DrugBank_DB07162	DB07162	DrugBank	https://go.drugbank.com/drugs/DB07162	4-(3-amino-1h-indazol-5-yl)-n-tert-butylbenzenesulfonamide
DrugBank_DB04688	DB04688	DrugBank	https://go.drugbank.com/drugs/DB04688	Methylecgonine
DrugBank_DB04931	DB04931	DrugBank	https://go.drugbank.com/drugs/DB04931	Afamelanotide
DrugBank_DB07922	DB07922	DrugBank	https://go.drugbank.com/drugs/DB07922	N-oxo-2-(phenylsulfonylamino)ethanamide
DrugBank_DB03084	DB03084	DrugBank	https://go.drugbank.com/drugs/DB03084	Cyclopropyl-{4-[5-(3,4-dichlorophenyl)-2-[(1-methyl)-piperidin]-4-yl-3-propyl-3h-imidazol-4-yl]-pyrimidin-2-yl}amine
DrugBank_DB13182	DB13182	DrugBank	https://go.drugbank.com/drugs/DB13182	Daidzein
DrugBank_DB12152	DB12152	DrugBank	https://go.drugbank.com/drugs/DB12152	Simtuzumab
DrugBank_DB05097	DB05097	DrugBank	https://go.drugbank.com/drugs/DB05097	Labetuzumab
DrugBank_DB08430	DB08430	DrugBank	https://go.drugbank.com/drugs/DB08430	Para-nitrophenyl 1-thio-beta-d-glucopyranoside
DrugBank_DB06234	DB06234	DrugBank	https://go.drugbank.com/drugs/DB06234	Maribavir
DrugBank_DB08022	DB08022	DrugBank	https://go.drugbank.com/drugs/DB08022	(2s)-1,3-benzothiazol-2-yl{2-[(2-pyridin-3-ylethyl)amino]pyrimidin-4-yl}ethanenitrile
DrugBank_DB04679	DB04679	DrugBank	https://go.drugbank.com/drugs/DB04679	Human Blood Group H Type 1 Trisaccharide
DrugBank_DB14761	DB14761	DrugBank	https://go.drugbank.com/drugs/DB14761	Remdesivir
DrugBank_DB11238	DB11238	DrugBank	https://go.drugbank.com/drugs/DB11238	Borage Oil
DrugBank_DB04299	DB04299	DrugBank	https://go.drugbank.com/drugs/DB04299	Maleic Acid
DrugBank_DB05316	DB05316	DrugBank	https://go.drugbank.com/drugs/DB05316	Pimavanserin
DrugBank_DB12779	DB12779	DrugBank	https://go.drugbank.com/drugs/DB12779	Higenamine
DrugBank_DB13583	DB13583	DrugBank	https://go.drugbank.com/drugs/DB13583	Mephenesin
DrugBank_DB02363	DB02363	DrugBank	https://go.drugbank.com/drugs/DB02363	2'-monophosphoadenosine-5'-diphosphate
DrugBank_DB07446	DB07446	DrugBank	https://go.drugbank.com/drugs/DB07446	N-(biphenyl-4-ylsulfonyl)-d-leucine
DrugBank_DB11153	DB11153	DrugBank	https://go.drugbank.com/drugs/DB11153	Potassium Hydroxide
DrugBank_DB06342	DB06342	DrugBank	https://go.drugbank.com/drugs/DB06342	Coltuximab Ravtansine
DrugBank_DB13544	DB13544	DrugBank	https://go.drugbank.com/drugs/DB13544	Ethenzamide
DrugBank_DB02541	DB02541	DrugBank	https://go.drugbank.com/drugs/DB02541	4-hydroxybutan-1-aminium
DrugBank_DB13369	DB13369	DrugBank	https://go.drugbank.com/drugs/DB13369	Benzilone
DrugBank_DB02020	DB02020	DrugBank	https://go.drugbank.com/drugs/DB02020	Alrestatin
DrugBank_DB00592	DB00592	DrugBank	https://go.drugbank.com/drugs/DB00592	Piperazine
DrugBank_DB00916	DB00916	DrugBank	https://go.drugbank.com/drugs/DB00916	Metronidazole
DrugBank_DB03344	DB03344	DrugBank	https://go.drugbank.com/drugs/DB03344	Inositol-(1,3,4,5,6)-pentakisphosphate
DrugBank_DB12259	DB12259	DrugBank	https://go.drugbank.com/drugs/DB12259	Cg-200745
DrugBank_DB12137	DB12137	DrugBank	https://go.drugbank.com/drugs/DB12137	Gsk-256066
DrugBank_DB12539	DB12539	DrugBank	https://go.drugbank.com/drugs/DB12539	Oltipraz
DrugBank_DB06716	DB06716	DrugBank	https://go.drugbank.com/drugs/DB06716	Fospropofol
DrugBank_DB09075	DB09075	DrugBank	https://go.drugbank.com/drugs/DB09075	Edoxaban
DrugBank_DB02528	DB02528	DrugBank	https://go.drugbank.com/drugs/DB02528	Tetrazolyl Histidine
DrugBank_DB08811	DB08811	DrugBank	https://go.drugbank.com/drugs/DB08811	Tofisopam
DrugBank_DB07484	DB07484	DrugBank	https://go.drugbank.com/drugs/DB07484	(2r)-4,4-dihydroxy-5-nitro-2-(phenylmethyl)pentanoic Acid
DrugBank_DB13046	DB13046	DrugBank	https://go.drugbank.com/drugs/DB13046	Tocladesine
DrugBank_DB07844	DB07844	DrugBank	https://go.drugbank.com/drugs/DB07844	6-chloro-n-{(3s)-1-[(1s)-1-methyl-2-morpholin-4-yl-2-oxoethyl]-2-oxopyrrolidin-3-yl}-1-benzothiophene-2-sulfonamide
DrugBank_DB07617	DB07617	DrugBank	https://go.drugbank.com/drugs/DB07617	N-methyl(5-(pyridin-3-yl)furan-2-yl)methanamine
DrugBank_DB14488	DB14488	DrugBank	https://go.drugbank.com/drugs/DB14488	Ferrous Gluconate
DrugBank_DB02467	DB02467	DrugBank	https://go.drugbank.com/drugs/DB02467	L-methionine (s)-s-oxide
DrugBank_DB01000	DB01000	DrugBank	https://go.drugbank.com/drugs/DB01000	Cyclacillin
DrugBank_DB07791	DB07791	DrugBank	https://go.drugbank.com/drugs/DB07791	4-{[4-(1-cyclopropyl-2-methyl-1h-imidazol-5-yl)pyrimidin-2-yl]amino}-n-methylbenzenesulfonamide
DrugBank_DB04665	DB04665	DrugBank	https://go.drugbank.com/drugs/DB04665	Coumarin
DrugBank_DB04645	DB04645	DrugBank	https://go.drugbank.com/drugs/DB04645	5-{3-[3-(2,4-dichloro-benzoyl)-ureido]-2-methyl-phenoxy}-pentanoic Acid
DrugBank_DB13684	DB13684	DrugBank	https://go.drugbank.com/drugs/DB13684	Omoconazole
DrugBank_DB11621	DB11621	DrugBank	https://go.drugbank.com/drugs/DB11621	Human Varicella-zoster Immune Globulin
DrugBank_DB13292	DB13292	DrugBank	https://go.drugbank.com/drugs/DB13292	Pimethixene
DrugBank_DB06826	DB06826	DrugBank	https://go.drugbank.com/drugs/DB06826	Unoprostone
DrugBank_DB07816	DB07816	DrugBank	https://go.drugbank.com/drugs/DB07816	N-(p-cyanophenyl)-n'-diphenylmethyl-guanidine-acetic Acid
DrugBank_DB06374	DB06374	DrugBank	https://go.drugbank.com/drugs/DB06374	Elacestrant
DrugBank_DB07412	DB07412	DrugBank	https://go.drugbank.com/drugs/DB07412	1-biphenyl-2-ylmethanamine
DrugBank_DB03622	DB03622	DrugBank	https://go.drugbank.com/drugs/DB03622	5-[4-(2-hydroxyethyl)-1-piperidinyl]-5-phenyl-2,4,6(1h,3h,5h)-pyrimidinetrione
DrugBank_DB07901	DB07901	DrugBank	https://go.drugbank.com/drugs/DB07901	5-chloro-6-methyl-n-(2-phenylethyl)-2-pyridin-2-ylpyrimidin-4-amine
DrugBank_DB06241	DB06241	DrugBank	https://go.drugbank.com/drugs/DB06241	Clenoliximab
DrugBank_DB04867	DB04867	DrugBank	https://go.drugbank.com/drugs/DB04867	Lintitript
DrugBank_DB07277	DB07277	DrugBank	https://go.drugbank.com/drugs/DB07277	2-(5-chloro-2-thienyl)-n-{(3s)-1-[(1s)-1-methyl-2-morpholin-4-yl-2-oxoethyl]-2-oxopyrrolidin-3-yl}ethanesulfonamide
DrugBank_DB01397	DB01397	DrugBank	https://go.drugbank.com/drugs/DB01397	Magnesium Salicylate
DrugBank_DB08077	DB08077	DrugBank	https://go.drugbank.com/drugs/DB08077	2-[4-({[(3,5-dichlorophenyl)amino]carbonyl}amino)phenoxy]-2-methylpropanoic Acid
DrugBank_DB01262	DB01262	DrugBank	https://go.drugbank.com/drugs/DB01262	Decitabine
DrugBank_DB06911	DB06911	DrugBank	https://go.drugbank.com/drugs/DB06911	D-leucyl-n-(3-chlorobenzyl)-l-prolinamide
DrugBank_DB12498	DB12498	DrugBank	https://go.drugbank.com/drugs/DB12498	Mogamulizumab
DrugBank_DB01011	DB01011	DrugBank	https://go.drugbank.com/drugs/DB01011	Metyrapone
DrugBank_DB11540	DB11540	DrugBank	https://go.drugbank.com/drugs/DB11540	Propiopromazine
DrugBank_DB09057	DB09057	DrugBank	https://go.drugbank.com/drugs/DB09057	Anthrax Immune Globulin Human
DrugBank_DB02615	DB02615	DrugBank	https://go.drugbank.com/drugs/DB02615	Compound 19
DrugBank_DB02494	DB02494	DrugBank	https://go.drugbank.com/drugs/DB02494	(s)-3-phenyllactic Acid
DrugBank_DB07393	DB07393	DrugBank	https://go.drugbank.com/drugs/DB07393	2-(2-phenyl-3-pyridin-2-yl-4,5,6,7-tetrahydro-2h-isophosphindol-1-yl)pyridine
DrugBank_DB06413	DB06413	DrugBank	https://go.drugbank.com/drugs/DB06413	Armodafinil
DrugBank_DB07738	DB07738	DrugBank	https://go.drugbank.com/drugs/DB07738	N-[1-(5-bromo-2,3-dimethoxybenzyl)piperidin-4-yl]-4-sulfanylbutanamide
DrugBank_DB13923	DB13923	DrugBank	https://go.drugbank.com/drugs/DB13923	Emicizumab
DrugBank_DB07059	DB07059	DrugBank	https://go.drugbank.com/drugs/DB07059	N-{2-[6-(2,4-diamino-6-ethylpyrimidin-5-yl)-2,2-dimethyl-3-oxo-2,3-dihydro-4h-1,4-benzoxazin-4-yl]ethyl}acetamide
DrugBank_DB06797	DB06797	DrugBank	https://go.drugbank.com/drugs/DB06797	Mebutamate
DrugBank_DB05201	DB05201	DrugBank	https://go.drugbank.com/drugs/DB05201	V24343
DrugBank_DB03850	DB03850	DrugBank	https://go.drugbank.com/drugs/DB03850	Jaspisamide A
DrugBank_DB00553	DB00553	DrugBank	https://go.drugbank.com/drugs/DB00553	Methoxsalen
DrugBank_DB01710	DB01710	DrugBank	https://go.drugbank.com/drugs/DB01710	Porphyrin Fe(iii)
DrugBank_DB15327	DB15327	DrugBank	https://go.drugbank.com/drugs/DB15327	Abivertinib
DrugBank_DB11739	DB11739	DrugBank	https://go.drugbank.com/drugs/DB11739	Vonoprazan
DrugBank_DB00707	DB00707	DrugBank	https://go.drugbank.com/drugs/DB00707	Porfimer Sodium
DrugBank_DB15483	DB15483	DrugBank	https://go.drugbank.com/drugs/DB15483	Modified Vaccinia Ankara
DrugBank_DB00610	DB00610	DrugBank	https://go.drugbank.com/drugs/DB00610	Metaraminol
DrugBank_DB13878	DB13878	DrugBank	https://go.drugbank.com/drugs/DB13878	Pibrentasvir
DrugBank_DB00529	DB00529	DrugBank	https://go.drugbank.com/drugs/DB00529	Foscarnet
DrugBank_DB01556	DB01556	DrugBank	https://go.drugbank.com/drugs/DB01556	Chlorphentermine
DrugBank_DB03247	DB03247	DrugBank	https://go.drugbank.com/drugs/DB03247	Flavin Mononucleotide
DrugBank_DB07956	DB07956	DrugBank	https://go.drugbank.com/drugs/DB07956	[1-(3-chloro-2-formyl-phenylcarbamoyl)-2-methyl-propyl]-carbamic Acid Tert-butyl Ester
DrugBank_DB11477	DB11477	DrugBank	https://go.drugbank.com/drugs/DB11477	Xylazine
DrugBank_DB01239	DB01239	DrugBank	https://go.drugbank.com/drugs/DB01239	Chlorprothixene
DrugBank_DB04126	DB04126	DrugBank	https://go.drugbank.com/drugs/DB04126	N-[1-hydroxycarboxyethyl-carbonyl]leucylamino-2-methyl-butane
DrugBank_DB15157	DB15157	DrugBank	https://go.drugbank.com/drugs/DB15157	Voruciclib
DrugBank_DB00480	DB00480	DrugBank	https://go.drugbank.com/drugs/DB00480	Lenalidomide
DrugBank_DB14545	DB14545	DrugBank	https://go.drugbank.com/drugs/DB14545	Hydrocortisone Succinate
DrugBank_DB14844	DB14844	DrugBank	https://go.drugbank.com/drugs/DB14844	Onc-201
DrugBank_DB13660	DB13660	DrugBank	https://go.drugbank.com/drugs/DB13660	Propicillin
DrugBank_DB01109	DB01109	DrugBank	https://go.drugbank.com/drugs/DB01109	Heparin
DrugBank_DB00896	DB00896	DrugBank	https://go.drugbank.com/drugs/DB00896	Rimexolone
DrugBank_DB13998	DB13998	DrugBank	https://go.drugbank.com/drugs/DB13998	Lonoctocog Alfa
DrugBank_DB11135	DB11135	DrugBank	https://go.drugbank.com/drugs/DB11135	Selenium
DrugBank_DB02824	DB02824	DrugBank	https://go.drugbank.com/drugs/DB02824	N-pyridoxyl-glycine-5-monophosphate
DrugBank_DB01004	DB01004	DrugBank	https://go.drugbank.com/drugs/DB01004	Ganciclovir
DrugBank_DB13507	DB13507	DrugBank	https://go.drugbank.com/drugs/DB13507	Poldine
DrugBank_DB09142	DB09142	DrugBank	https://go.drugbank.com/drugs/DB09142	Sincalide
DrugBank_DB07233	DB07233	DrugBank	https://go.drugbank.com/drugs/DB07233	N-{[4-(but-2-yn-1-yloxy)phenyl]sulfonyl}-5-methyl-d-tryptophan
DrugBank_DB00750	DB00750	DrugBank	https://go.drugbank.com/drugs/DB00750	Prilocaine
DrugBank_DB00637	DB00637	DrugBank	https://go.drugbank.com/drugs/DB00637	Astemizole
DrugBank_DB08691	DB08691	DrugBank	https://go.drugbank.com/drugs/DB08691	Ethyl 3-[(e)-2-amino-1-cyanoethenyl]-6,7-dichloro-1-methyl-1h-indole-2-carboxylate
DrugBank_DB12749	DB12749	DrugBank	https://go.drugbank.com/drugs/DB12749	Butylphthalide
DrugBank_DB08058	DB08058	DrugBank	https://go.drugbank.com/drugs/DB08058	4-[3-(1,4-diazepan-1-ylcarbonyl)-4-fluorobenzyl]phthalazin-1(2h)-one
DrugBank_DB00063	DB00063	DrugBank	https://go.drugbank.com/drugs/DB00063	Eptifibatide
DrugBank_DB06626	DB06626	DrugBank	https://go.drugbank.com/drugs/DB06626	Axitinib
DrugBank_DB00189	DB00189	DrugBank	https://go.drugbank.com/drugs/DB00189	Ethchlorvynol
DrugBank_DB00162	DB00162	DrugBank	https://go.drugbank.com/drugs/DB00162	Vitamin A
DrugBank_DB04273	DB04273	DrugBank	https://go.drugbank.com/drugs/DB04273	8,9-dichloro-2,3,4,5-tetrahydro-1h-benzo[c]azepine
DrugBank_DB13058	DB13058	DrugBank	https://go.drugbank.com/drugs/DB13058	Methanesulfonyl Fluoride
DrugBank_DB00408	DB00408	DrugBank	https://go.drugbank.com/drugs/DB00408	Loxapine
DrugBank_DB07964	DB07964	DrugBank	https://go.drugbank.com/drugs/DB07964	(3s)-4-{[4-(but-2-ynyloxy)phenyl]sulfonyl}-n-hydroxy-2,2-dimethylthiomorpholine-3-carboxamide
DrugBank_DB09061	DB09061	DrugBank	https://go.drugbank.com/drugs/DB09061	Cannabidiol
DrugBank_DB04491	DB04491	DrugBank	https://go.drugbank.com/drugs/DB04491	Diisopropylphosphono Group
DrugBank_DB07467	DB07467	DrugBank	https://go.drugbank.com/drugs/DB07467	(s)-indapamide
DrugBank_DB14503	DB14503	DrugBank	https://go.drugbank.com/drugs/DB14503	Sodium Phosphate, Monobasic, Unspecified Form
DrugBank_DB00512	DB00512	DrugBank	https://go.drugbank.com/drugs/DB00512	Vancomycin
DrugBank_DB11411	DB11411	DrugBank	https://go.drugbank.com/drugs/DB11411	Fenprostalene
DrugBank_DB11448	DB11448	DrugBank	https://go.drugbank.com/drugs/DB11448	Phosmet
DrugBank_DB00595	DB00595	DrugBank	https://go.drugbank.com/drugs/DB00595	Oxytetracycline
DrugBank_DB07125	DB07125	DrugBank	https://go.drugbank.com/drugs/DB07125	4-(6-{[(1r)-1-(hydroxymethyl)propyl]amino}imidazo[1,2-b]pyridazin-3-yl)benzoic Acid
DrugBank_DB00200	DB00200	DrugBank	https://go.drugbank.com/drugs/DB00200	Hydroxocobalamin
DrugBank_DB13780	DB13780	DrugBank	https://go.drugbank.com/drugs/DB13780	Aluminium Clofibrate
DrugBank_DB08935	DB08935	DrugBank	https://go.drugbank.com/drugs/DB08935	Obinutuzumab
DrugBank_DB01224	DB01224	DrugBank	https://go.drugbank.com/drugs/DB01224	Quetiapine
DrugBank_DB12274	DB12274	DrugBank	https://go.drugbank.com/drugs/DB12274	Aducanumab
DrugBank_DB07003	DB07003	DrugBank	https://go.drugbank.com/drugs/DB07003	(2s)-2-methyl-2,3-dihydrothieno[2,3-f][1,4]oxazepin-5-amine
DrugBank_DB00402	DB00402	DrugBank	https://go.drugbank.com/drugs/DB00402	Eszopiclone
DrugBank_DB13538	DB13538	DrugBank	https://go.drugbank.com/drugs/DB13538	Guacetisal
DrugBank_DB11740	DB11740	DrugBank	https://go.drugbank.com/drugs/DB11740	Mk-1775
DrugBank_DB12537	DB12537	DrugBank	https://go.drugbank.com/drugs/DB12537	Benzodiazepine
DrugBank_DB07110	DB07110	DrugBank	https://go.drugbank.com/drugs/DB07110	4-(4-fluorobenzyl)piperidine
DrugBank_DB00183	DB00183	DrugBank	https://go.drugbank.com/drugs/DB00183	Pentagastrin
DrugBank_DB05212	DB05212	DrugBank	https://go.drugbank.com/drugs/DB05212	He3286
DrugBank_DB12776	DB12776	DrugBank	https://go.drugbank.com/drugs/DB12776	E-6005
DrugBank_DB09363	DB09363	DrugBank	https://go.drugbank.com/drugs/DB09363	Rauwolfia Serpentina Root
DrugBank_DB03934	DB03934	DrugBank	https://go.drugbank.com/drugs/DB03934	Protoporphyrin Ix Containing Zn
DrugBank_DB11914	DB11914	DrugBank	https://go.drugbank.com/drugs/DB11914	Lebrikizumab
DrugBank_DB09258	DB09258	DrugBank	https://go.drugbank.com/drugs/DB09258	Bemiparin
DrugBank_DB01199	DB01199	DrugBank	https://go.drugbank.com/drugs/DB01199	Tubocurarine
DrugBank_DB06850	DB06850	DrugBank	https://go.drugbank.com/drugs/DB06850	(s)-n-(4-carbamimidoylbenzyl)-1-(2-(cyclohexylamino)ethanoyl)pyrrolidine-2-carboxamide
DrugBank_DB01151	DB01151	DrugBank	https://go.drugbank.com/drugs/DB01151	Desipramine
DrugBank_DB07517	DB07517	DrugBank	https://go.drugbank.com/drugs/DB07517	3-carboxy-4-methyl-5-propyl-2-furanpropionic
DrugBank_DB12927	DB12927	DrugBank	https://go.drugbank.com/drugs/DB12927	Theodrenaline
DrugBank_DB13543	DB13543	DrugBank	https://go.drugbank.com/drugs/DB13543	Mitobronitol
DrugBank_DB13634	DB13634	DrugBank	https://go.drugbank.com/drugs/DB13634	Pentifylline
DrugBank_DB06870	DB06870	DrugBank	https://go.drugbank.com/drugs/DB06870	Tetrahydrogestrinone
DrugBank_DB07344	DB07344	DrugBank	https://go.drugbank.com/drugs/DB07344	3,6,9,12,15-pentaoxaheptadecan-1-ol
DrugBank_DB12102	DB12102	DrugBank	https://go.drugbank.com/drugs/DB12102	Fulranumab
DrugBank_DB04331	DB04331	DrugBank	https://go.drugbank.com/drugs/DB04331	Monastrol
DrugBank_DB01947	DB01947	DrugBank	https://go.drugbank.com/drugs/DB01947	Ru78262
DrugBank_DB06318	DB06318	DrugBank	https://go.drugbank.com/drugs/DB06318	Ave9633
DrugBank_DB01256	DB01256	DrugBank	https://go.drugbank.com/drugs/DB01256	Retapamulin
DrugBank_DB13595	DB13595	DrugBank	https://go.drugbank.com/drugs/DB13595	Almasilate
DrugBank_DB13464	DB13464	DrugBank	https://go.drugbank.com/drugs/DB13464	Ornipressin
DrugBank_DB05266	DB05266	DrugBank	https://go.drugbank.com/drugs/DB05266	Ibudilast
DrugBank_DB12695	DB12695	DrugBank	https://go.drugbank.com/drugs/DB12695	Phenethyl Isothiocyanate
DrugBank_DB08251	DB08251	DrugBank	https://go.drugbank.com/drugs/DB08251	4-[5-(2-carboxy-1-formyl-ethylcarbamoyl)-pyridin-3-yl]-benzoic Acid
DrugBank_DB06527	DB06527	DrugBank	https://go.drugbank.com/drugs/DB06527	Tramiprosate
DrugBank_DB08044	DB08044	DrugBank	https://go.drugbank.com/drugs/DB08044	Abt-341
DrugBank_DB00908	DB00908	DrugBank	https://go.drugbank.com/drugs/DB00908	Quinidine
DrugBank_DB00638	DB00638	DrugBank	https://go.drugbank.com/drugs/DB00638	Inulin
DrugBank_DB13103	DB13103	DrugBank	https://go.drugbank.com/drugs/DB13103	Gpx-150
DrugBank_DB00362	DB00362	DrugBank	https://go.drugbank.com/drugs/DB00362	Anidulafungin
DrugBank_DB06735	DB06735	DrugBank	https://go.drugbank.com/drugs/DB06735	Enclomiphene
DrugBank_DB07713	DB07713	DrugBank	https://go.drugbank.com/drugs/DB07713	(1s)-1-{[(4'-methoxy-1,1'-biphenyl-4-yl)sulfonyl]amino}-2-methylpropylphosphonic Acid
DrugBank_DB05369	DB05369	DrugBank	https://go.drugbank.com/drugs/DB05369	Hzt-501
DrugBank_DB07809	DB07809	DrugBank	https://go.drugbank.com/drugs/DB07809	4-({[4-(3-methylbenzoyl)pyridin-2-yl]amino}methyl)benzenecarboximidamide
DrugBank_DB08270	DB08270	DrugBank	https://go.drugbank.com/drugs/DB08270	N-(2-aminoethyl)-n~2~-{(1s)-1-[4'-(aminosulfonyl)biphenyl-4-yl]-2,2,2-trifluoroethyl}-l-leucinamide
DrugBank_DB09014	DB09014	DrugBank	https://go.drugbank.com/drugs/DB09014	Captodiame
DrugBank_DB10989	DB10989	DrugBank	https://go.drugbank.com/drugs/DB10989	Hepatitis A Vaccine
DrugBank_DB13028	DB13028	DrugBank	https://go.drugbank.com/drugs/DB13028	Biapenem
DrugBank_DB00814	DB00814	DrugBank	https://go.drugbank.com/drugs/DB00814	Meloxicam
DrugBank_DB14384	DB14384	DrugBank	https://go.drugbank.com/drugs/DB14384	Influenza A Virus A/victoria/210/2009 X-187 (h3n2) Hemagglutinin Antigen (formaldehyde Inactivated)
DrugBank_DB07108	DB07108	DrugBank	https://go.drugbank.com/drugs/DB07108	4'-fluoro-1,1'-biphenyl-4-carboxylic Acid
DrugBank_DB13788	DB13788	DrugBank	https://go.drugbank.com/drugs/DB13788	Chlorbenzoxamine
DrugBank_DB15043	DB15043	DrugBank	https://go.drugbank.com/drugs/DB15043	Toripalimab
DrugBank_DB01731	DB01731	DrugBank	https://go.drugbank.com/drugs/DB01731	(s)-wiskostatin
DrugBank_DB08094	DB08094	DrugBank	https://go.drugbank.com/drugs/DB08094	Ro-4584820
DrugBank_DB00511	DB00511	DrugBank	https://go.drugbank.com/drugs/DB00511	Acetyldigitoxin
DrugBank_DB12231	DB12231	DrugBank	https://go.drugbank.com/drugs/DB12231	Temefos
DrugBank_DB07761	DB07761	DrugBank	https://go.drugbank.com/drugs/DB07761	(2r)-1-[4-({6-[(2,6-difluorophenyl)amino]-4-pyrimidinyl}amino)phenoxy]-3-(dimethylamino)-2-propanol
DrugBank_DB05351	DB05351	DrugBank	https://go.drugbank.com/drugs/DB05351	Dexlansoprazole
DrugBank_DB05457	DB05457	DrugBank	https://go.drugbank.com/drugs/DB05457	Osi-7904l
DrugBank_DB01549	DB01549	DrugBank	https://go.drugbank.com/drugs/DB01549	Rolicyclidine
DrugBank_DB09552	DB09552	DrugBank	https://go.drugbank.com/drugs/DB09552	Thonzonium
DrugBank_DB01786	DB01786	DrugBank	https://go.drugbank.com/drugs/DB01786	D-alanine
DrugBank_DB09240	DB09240	DrugBank	https://go.drugbank.com/drugs/DB09240	Niludipine
DrugBank_DB08350	DB08350	DrugBank	https://go.drugbank.com/drugs/DB08350	5-[3-(2-methoxyphenyl)-1h-pyrrolo[2,3-b]pyridin-5-yl]-n,n-dimethylpyridine-3-carboxamide
DrugBank_DB09099	DB09099	DrugBank	https://go.drugbank.com/drugs/DB09099	Somatostatin
DrugBank_DB07787	DB07787	DrugBank	https://go.drugbank.com/drugs/DB07787	5-fluoro-1-[4-(4-phenyl-3,6-dihydropyridin-1(2h)-yl)butyl]quinazoline-2,4(1h,3h)-dione
DrugBank_DB07624	DB07624	DrugBank	https://go.drugbank.com/drugs/DB07624	1-{[(3r)-3-methyl-4-({4-[(1s)-2,2,2-trifluoro-1-hydroxy-1-methylethyl]phenyl}sulfonyl)piperazin-1-yl]methyl}cyclopropanecarboxamide
DrugBank_DB06410	DB06410	DrugBank	https://go.drugbank.com/drugs/DB06410	Doxercalciferol
DrugBank_DB03251	DB03251	DrugBank	https://go.drugbank.com/drugs/DB03251	Rwj-51084
DrugBank_DB14069	DB14069	DrugBank	https://go.drugbank.com/drugs/DB14069	Ont-093
DrugBank_DB06684	DB06684	DrugBank	https://go.drugbank.com/drugs/DB06684	Vilazodone
DrugBank_DB05786	DB05786	DrugBank	https://go.drugbank.com/drugs/DB05786	Irofulven
DrugBank_DB14792	DB14792	DrugBank	https://go.drugbank.com/drugs/DB14792	Azd-5991
DrugBank_DB08242	DB08242	DrugBank	https://go.drugbank.com/drugs/DB08242	N,4-dimethyl-3-[(1-phenyl-1h-pyrazolo[3,4-d]pyrimidin-4-yl)amino]benzamide
DrugBank_DB15101	DB15101	DrugBank	https://go.drugbank.com/drugs/DB15101	Tigatuzumab
DrugBank_DB03109	DB03109	DrugBank	https://go.drugbank.com/drugs/DB03109	2-acetylamino-2-deoxy-b-d-allopyranose
DrugBank_DB08018	DB08018	DrugBank	https://go.drugbank.com/drugs/DB08018	N-{(3s,4s)-4-[(6-amino-4-methylpyridin-2-yl)methyl]pyrrolidin-3-yl}-n'-(4-chlorobenzyl)ethane-1,2-diamine
DrugBank_DB00488	DB00488	DrugBank	https://go.drugbank.com/drugs/DB00488	Altretamine
DrugBank_DB15624	DB15624	DrugBank	https://go.drugbank.com/drugs/DB15624	Halicin
DrugBank_DB05879	DB05879	DrugBank	https://go.drugbank.com/drugs/DB05879	Ame-527
DrugBank_DB04451	DB04451	DrugBank	https://go.drugbank.com/drugs/DB04451	4-methylpiperazin-1-yl Carbonyl Group
DrugBank_DB08687	DB08687	DrugBank	https://go.drugbank.com/drugs/DB08687	Fg-2216
DrugBank_DB07208	DB07208	DrugBank	https://go.drugbank.com/drugs/DB07208	(8e,10s,12z)-10-hydroxy-6-oxooctadeca-8,12-dienoic Acid
DrugBank_DB11646	DB11646	DrugBank	https://go.drugbank.com/drugs/DB11646	Conatumumab
DrugBank_DB03710	DB03710	DrugBank	https://go.drugbank.com/drugs/DB03710	[(1s)-4-(1-aminobutylideneamino)-1-carboxybutyl]azanium
DrugBank_DB00602	DB00602	DrugBank	https://go.drugbank.com/drugs/DB00602	Ivermectin
DrugBank_DB02698	DB02698	DrugBank	https://go.drugbank.com/drugs/DB02698	N-(m-trifluoromethylphenyl) Phenoxazine-4,6-dicarboxylic Acid
DrugBank_DB01130	DB01130	DrugBank	https://go.drugbank.com/drugs/DB01130	Prednicarbate
DrugBank_DB04404	DB04404	DrugBank	https://go.drugbank.com/drugs/DB04404	Allosamizoline
DrugBank_DB04194	DB04194	DrugBank	https://go.drugbank.com/drugs/DB04194	Triacetylchitotriose
DrugBank_DB01893	DB01893	DrugBank	https://go.drugbank.com/drugs/DB01893	N6-benzyl Adenosine-5'-diphosphate
DrugBank_DB09297	DB09297	DrugBank	https://go.drugbank.com/drugs/DB09297	Paritaprevir
DrugBank_DB02165	DB02165	DrugBank	https://go.drugbank.com/drugs/DB02165	Zinc Trihydroxide
DrugBank_DB01177	DB01177	DrugBank	https://go.drugbank.com/drugs/DB01177	Idarubicin
DrugBank_DB03044	DB03044	DrugBank	https://go.drugbank.com/drugs/DB03044	Doramapimod
DrugBank_DB01444	DB01444	DrugBank	https://go.drugbank.com/drugs/DB01444	Dimethylthiambutene
DrugBank_DB11963	DB11963	DrugBank	https://go.drugbank.com/drugs/DB11963	Dacomitinib
DrugBank_DB04657	DB04657	DrugBank	https://go.drugbank.com/drugs/DB04657	Carboxin
DrugBank_DB06693	DB06693	DrugBank	https://go.drugbank.com/drugs/DB06693	Mevastatin
DrugBank_DB02636	DB02636	DrugBank	https://go.drugbank.com/drugs/DB02636	9-hydroxy-8-methoxy-6-nitro-phenanthrol[3,4-d][1,3]dioxole-5-carboxylic Acid
DrugBank_DB07201	DB07201	DrugBank	https://go.drugbank.com/drugs/DB07201	(2s)-3-[(9h-fluoren-9-ylideneamino)oxy]-2-methylpropanoic Acid
DrugBank_DB11772	DB11772	DrugBank	https://go.drugbank.com/drugs/DB11772	Pilaralisib
DrugBank_DB07158	DB07158	DrugBank	https://go.drugbank.com/drugs/DB07158	5-ethyl-3-methyl-1,5-dihydro-4h-pyrazolo[4,3-c]quinolin-4-one
DrugBank_DB04972	DB04972	DrugBank	https://go.drugbank.com/drugs/DB04972	Canfosfamide
DrugBank_DB12534	DB12534	DrugBank	https://go.drugbank.com/drugs/DB12534	Mavrilimumab
DrugBank_DB04720	DB04720	DrugBank	https://go.drugbank.com/drugs/DB04720	S-methyl-4,5,6,7-tetrabromo-benzimidazole
DrugBank_DB03821	DB03821	DrugBank	https://go.drugbank.com/drugs/DB03821	2-amino-3-hydroxy-3-phosphonooxy-propionic Acid
DrugBank_DB00518	DB00518	DrugBank	https://go.drugbank.com/drugs/DB00518	Albendazole
DrugBank_DB03354	DB03354	DrugBank	https://go.drugbank.com/drugs/DB03354	2-(beta-d-glucopyranosyl)-5-methyl-1,3,4-oxadiazole
DrugBank_DB11901	DB11901	DrugBank	https://go.drugbank.com/drugs/DB11901	Apalutamide
DrugBank_DB13584	DB13584	DrugBank	https://go.drugbank.com/drugs/DB13584	Gallamine
DrugBank_DB14523	DB14523	DrugBank	https://go.drugbank.com/drugs/DB14523	Phosphate Ion
DrugBank_DB13983	DB13983	DrugBank	https://go.drugbank.com/drugs/DB13983	5,7,2′-trihydroxy-6,8-dimethoxyflavone
DrugBank_DB11554	DB11554	DrugBank	https://go.drugbank.com/drugs/DB11554	Tylvalosin
DrugBank_DB13602	DB13602	DrugBank	https://go.drugbank.com/drugs/DB13602	Promegestone
DrugBank_DB08259	DB08259	DrugBank	https://go.drugbank.com/drugs/DB08259	7-{[(cyclohexylamino)carbonyl]amino}heptanoic Acid
DrugBank_DB00368	DB00368	DrugBank	https://go.drugbank.com/drugs/DB00368	Norepinephrine
DrugBank_DB00328	DB00328	DrugBank	https://go.drugbank.com/drugs/DB00328	Indomethacin
DrugBank_DB14544	DB14544	DrugBank	https://go.drugbank.com/drugs/DB14544	Hydrocortisone Valerate
DrugBank_DB09107	DB09107	DrugBank	https://go.drugbank.com/drugs/DB09107	Methoxy Polyethylene Glycol-epoetin Beta
DrugBank_DB14098	DB14098	DrugBank	https://go.drugbank.com/drugs/DB14098	Cobalamin
DrugBank_DB03389	DB03389	DrugBank	https://go.drugbank.com/drugs/DB03389	Alpha-d-xylopyranose
DrugBank_DB05053	DB05053	DrugBank	https://go.drugbank.com/drugs/DB05053	Mb-07803
DrugBank_DB04751	DB04751	DrugBank	https://go.drugbank.com/drugs/DB04751	Purvalanol A
DrugBank_DB11915	DB11915	DrugBank	https://go.drugbank.com/drugs/DB11915	Valbenazine
DrugBank_DB01064	DB01064	DrugBank	https://go.drugbank.com/drugs/DB01064	Isoprenaline
DrugBank_DB05969	DB05969	DrugBank	https://go.drugbank.com/drugs/DB05969	Sns-032
DrugBank_DB07535	DB07535	DrugBank	https://go.drugbank.com/drugs/DB07535	2-amino-6-[2-(1h-indol-6-yl)ethyl]pyrimidin-4(3h)-one
DrugBank_DB12085	DB12085	DrugBank	https://go.drugbank.com/drugs/DB12085	Lcl-161
DrugBank_DB04117	DB04117	DrugBank	https://go.drugbank.com/drugs/DB04117	4-(n,n-dimethylamino)cinnamoyl-coa
DrugBank_DB04442	DB04442	DrugBank	https://go.drugbank.com/drugs/DB04442	Imino[2-(2-oxo-1,2-dihydro-3-pyridinyl)-1h-benzimidazol-5-yl]methanaminium
DrugBank_DB14517	DB14517	DrugBank	https://go.drugbank.com/drugs/DB14517	Aluminium Phosphate
DrugBank_DB00304	DB00304	DrugBank	https://go.drugbank.com/drugs/DB00304	Desogestrel
DrugBank_DB11644	DB11644	DrugBank	https://go.drugbank.com/drugs/DB11644	Tafamidis
DrugBank_DB00008	DB00008	DrugBank	https://go.drugbank.com/drugs/DB00008	Peginterferon Alfa-2a
DrugBank_DB01259	DB01259	DrugBank	https://go.drugbank.com/drugs/DB01259	Lapatinib
DrugBank_DB00563	DB00563	DrugBank	https://go.drugbank.com/drugs/DB00563	Methotrexate
DrugBank_DB13449	DB13449	DrugBank	https://go.drugbank.com/drugs/DB13449	Proxyphylline
DrugBank_DB05161	DB05161	DrugBank	https://go.drugbank.com/drugs/DB05161	Elafin
DrugBank_DB06663	DB06663	DrugBank	https://go.drugbank.com/drugs/DB06663	Pasireotide
DrugBank_DB06404	DB06404	DrugBank	https://go.drugbank.com/drugs/DB06404	Human C1-esterase Inhibitor
DrugBank_DB12418	DB12418	DrugBank	https://go.drugbank.com/drugs/DB12418	Saccharin
DrugBank_DB09456	DB09456	DrugBank	https://go.drugbank.com/drugs/DB09456	Insulin Beef
DrugBank_DB03380	DB03380	DrugBank	https://go.drugbank.com/drugs/DB03380	L-tyrosinamide
DrugBank_DB12228	DB12228	DrugBank	https://go.drugbank.com/drugs/DB12228	Telcagepant
DrugBank_DB00534	DB00534	DrugBank	https://go.drugbank.com/drugs/DB00534	Chlormerodrin
DrugBank_DB15575	DB15575	DrugBank	https://go.drugbank.com/drugs/DB15575	Padeliporfin
DrugBank_DB12192	DB12192	DrugBank	https://go.drugbank.com/drugs/DB12192	Emeramide
DrugBank_DB03341	DB03341	DrugBank	https://go.drugbank.com/drugs/DB03341	Coa-s-acetyl 5-bromotryptamine
DrugBank_DB02598	DB02598	DrugBank	https://go.drugbank.com/drugs/DB02598	N-alpha-acetyl-3,5-diiodotyrosylglycine
DrugBank_DB08164	DB08164	DrugBank	https://go.drugbank.com/drugs/DB08164	(3r,4r)-1-{6-[3-(methylsulfonyl)phenyl]pyrimidin-4-yl}-4-(2,4,5-trifluorophenyl)piperidin-3-amine
DrugBank_DB09507	DB09507	DrugBank	https://go.drugbank.com/drugs/DB09507	Ferumoxsil
DrugBank_DB06285	DB06285	DrugBank	https://go.drugbank.com/drugs/DB06285	Teriparatide
DrugBank_DB06833	DB06833	DrugBank	https://go.drugbank.com/drugs/DB06833	1-cyclohexyl-n-{[1-(4-methylphenyl)-1h-indol-3-yl]methyl}methanamine
DrugBank_DB08091	DB08091	DrugBank	https://go.drugbank.com/drugs/DB08091	3-fluoro-5-morpholin-4-yl-n-[3-(2-pyridin-4-ylethyl)-1h-indol-5-yl]benzamide
DrugBank_DB03064	DB03064	DrugBank	https://go.drugbank.com/drugs/DB03064	3-decyl-2,5-dioxo-4-hydroxy-3-pyrroline
DrugBank_DB00557	DB00557	DrugBank	https://go.drugbank.com/drugs/DB00557	Hydroxyzine
DrugBank_DB11608	DB11608	DrugBank	https://go.drugbank.com/drugs/DB11608	Eftrenonacog Alfa
DrugBank_DB13677	DB13677	DrugBank	https://go.drugbank.com/drugs/DB13677	Carboquone
DrugBank_DB01166	DB01166	DrugBank	https://go.drugbank.com/drugs/DB01166	Cilostazol
DrugBank_DB13327	DB13327	DrugBank	https://go.drugbank.com/drugs/DB13327	Picotamide
DrugBank_DB02407	DB02407	DrugBank	https://go.drugbank.com/drugs/DB02407	6-o-cyclohexylmethyl Guanine
DrugBank_DB11230	DB11230	DrugBank	https://go.drugbank.com/drugs/DB11230	Magnesium Aluminum Silicate
DrugBank_DB00648	DB00648	DrugBank	https://go.drugbank.com/drugs/DB00648	Mitotane
DrugBank_DB00578	DB00578	DrugBank	https://go.drugbank.com/drugs/DB00578	Carbenicillin
DrugBank_DB12130	DB12130	DrugBank	https://go.drugbank.com/drugs/DB12130	Lorlatinib
DrugBank_DB08134	DB08134	DrugBank	https://go.drugbank.com/drugs/DB08134	4-[(6-chloropyrazin-2-yl)amino]benzenesulfonamide
DrugBank_DB13791	DB13791	DrugBank	https://go.drugbank.com/drugs/DB13791	Penfluridol
DrugBank_DB14843	DB14843	DrugBank	https://go.drugbank.com/drugs/DB14843	Codrituzumab
DrugBank_DB07692	DB07692	DrugBank	https://go.drugbank.com/drugs/DB07692	1-[(2,6-difluorophenyl)sulfonyl]-4-(2,3-dihydro-1,4-benzodioxin-6-ylsulfonyl)piperazine
DrugBank_DB03626	DB03626	DrugBank	https://go.drugbank.com/drugs/DB03626	5-methoxy-1,2-dimethyl-3-(phenoxymethyl)indole-4,7-dione
DrugBank_DB01433	DB01433	DrugBank	https://go.drugbank.com/drugs/DB01433	Methadyl Acetate
DrugBank_DB04835	DB04835	DrugBank	https://go.drugbank.com/drugs/DB04835	Maraviroc
DrugBank_DB01910	DB01910	DrugBank	https://go.drugbank.com/drugs/DB01910	Sinefungin
DrugBank_DB06447	DB06447	DrugBank	https://go.drugbank.com/drugs/DB06447	E5531
DrugBank_DB00603	DB00603	DrugBank	https://go.drugbank.com/drugs/DB00603	Medroxyprogesterone Acetate
DrugBank_DB02509	DB02509	DrugBank	https://go.drugbank.com/drugs/DB02509	Farnesol
DrugBank_DB07255	DB07255	DrugBank	https://go.drugbank.com/drugs/DB07255	N'-(5-chloro-1,3-benzodioxol-4-yl)-n-(3-morpholin-4-ylphenyl)pyrimidine-2,4-diamine
DrugBank_DB05045	DB05045	DrugBank	https://go.drugbank.com/drugs/DB05045	Obinepitide
DrugBank_DB11638	DB11638	DrugBank	https://go.drugbank.com/drugs/DB11638	Artenimol
DrugBank_DB02699	DB02699	DrugBank	https://go.drugbank.com/drugs/DB02699	4-oxoretinol
DrugBank_DB09223	DB09223	DrugBank	https://go.drugbank.com/drugs/DB09223	Blonanserin
DrugBank_DB07006	DB07006	DrugBank	https://go.drugbank.com/drugs/DB07006	9-hydroxy-6-(3-hydroxypropyl)-4-(2-methoxyphenyl)pyrrolo[3,4-c]carbazole-1,3(2h,6h)-dione
DrugBank_DB07482	DB07482	DrugBank	https://go.drugbank.com/drugs/DB07482	(2r)-n-[(2r)-2-(dihydroxyboryl)-1-l-prolylpyrrolidin-2-yl]-n-[(5r)-5-(dihydroxyboryl)-1-l-prolylpyrrolidin-2-yl]-l-prolinamide
DrugBank_DB13710	DB13710	DrugBank	https://go.drugbank.com/drugs/DB13710	Metenolone
DrugBank_DB00433	DB00433	DrugBank	https://go.drugbank.com/drugs/DB00433	Prochlorperazine
DrugBank_DB11412	DB11412	DrugBank	https://go.drugbank.com/drugs/DB11412	Fenthion
DrugBank_DB02684	DB02684	DrugBank	https://go.drugbank.com/drugs/DB02684	5'-o-(l-cysteinylsulfamoyl)adenosine
DrugBank_DB03172	DB03172	DrugBank	https://go.drugbank.com/drugs/DB03172	Tubercidin
DrugBank_DB01437	DB01437	DrugBank	https://go.drugbank.com/drugs/DB01437	Glutethimide
DrugBank_DB09394	DB09394	DrugBank	https://go.drugbank.com/drugs/DB09394	Phosphoric Acid
DrugBank_DB00250	DB00250	DrugBank	https://go.drugbank.com/drugs/DB00250	Dapsone
DrugBank_DB06149	DB06149	DrugBank	https://go.drugbank.com/drugs/DB06149	Teicoplanin
DrugBank_DB09229	DB09229	DrugBank	https://go.drugbank.com/drugs/DB09229	Aranidipine
DrugBank_DB02404	DB02404	DrugBank	https://go.drugbank.com/drugs/DB02404	1-deoxy-1-thio-heptaethylene Glycol
DrugBank_DB02296	DB02296	DrugBank	https://go.drugbank.com/drugs/DB02296	Isoamyl Alcohol
DrugBank_DB11935	DB11935	DrugBank	https://go.drugbank.com/drugs/DB11935	Flomoxef
DrugBank_DB07182	DB07182	DrugBank	https://go.drugbank.com/drugs/DB07182	(2s)-2-(3-carbamimidamidophenyl)-3-[hydroxy(3-phenylpropyl)phosphoryl]propanoic Acid
DrugBank_DB12026	DB12026	DrugBank	https://go.drugbank.com/drugs/DB12026	Voxilaprevir
DrugBank_DB11446	DB11446	DrugBank	https://go.drugbank.com/drugs/DB11446	Oxfendazole
DrugBank_DB00281	DB00281	DrugBank	https://go.drugbank.com/drugs/DB00281	Lidocaine
DrugBank_DB00242	DB00242	DrugBank	https://go.drugbank.com/drugs/DB00242	Cladribine
DrugBank_DB00808	DB00808	DrugBank	https://go.drugbank.com/drugs/DB00808	Indapamide
DrugBank_DB05468	DB05468	DrugBank	https://go.drugbank.com/drugs/DB05468	R411
DrugBank_DB03595	DB03595	DrugBank	https://go.drugbank.com/drugs/DB03595	Cra_9785
DrugBank_DB06967	DB06967	DrugBank	https://go.drugbank.com/drugs/DB06967	6-ethyl-5-[9-(3-methoxypropyl)-9h-carbazol-2-yl]pyrimidine-2,4-diamine
DrugBank_DB13206	DB13206	DrugBank	https://go.drugbank.com/drugs/DB13206	Bamethan
DrugBank_DB04136	DB04136	DrugBank	https://go.drugbank.com/drugs/DB04136	Lysophosphotidylserine
DrugBank_DB05227	DB05227	DrugBank	https://go.drugbank.com/drugs/DB05227	Apd791
DrugBank_DB04896	DB04896	DrugBank	https://go.drugbank.com/drugs/DB04896	Milnacipran
DrugBank_DB14569	DB14569	DrugBank	https://go.drugbank.com/drugs/DB14569	Tedizolid
DrugBank_DB08416	DB08416	DrugBank	https://go.drugbank.com/drugs/DB08416	(9beta,13alpha,14beta,17alpha)-2-methoxyestra-1,3,5(10)-triene-3,17-diyl Disulfamate
DrugBank_DB01776	DB01776	DrugBank	https://go.drugbank.com/drugs/DB01776	M-cresol
DrugBank_DB06972	DB06972	DrugBank	https://go.drugbank.com/drugs/DB06972	7a-[(4-cyanophenyl)methyl]-6-(3,5-dichlorophenyl)-5-oxo-2,3,5,7a-tetrahydro-1h-pyrrolo[1,2-a]pyrrole-7-carbonitrile
DrugBank_DB09487	DB09487	DrugBank	https://go.drugbank.com/drugs/DB09487	Iotrolan
DrugBank_DB03159	DB03159	DrugBank	https://go.drugbank.com/drugs/DB03159	Cra_8696
DrugBank_DB06423	DB06423	DrugBank	https://go.drugbank.com/drugs/DB06423	Endostatin
DrugBank_DB13246	DB13246	DrugBank	https://go.drugbank.com/drugs/DB13246	Quinupramine
DrugBank_DB00289	DB00289	DrugBank	https://go.drugbank.com/drugs/DB00289	Atomoxetine
DrugBank_DB05446	DB05446	DrugBank	https://go.drugbank.com/drugs/DB05446	Ljp 1082
DrugBank_DB00656	DB00656	DrugBank	https://go.drugbank.com/drugs/DB00656	Trazodone
DrugBank_DB01270	DB01270	DrugBank	https://go.drugbank.com/drugs/DB01270	Ranibizumab
DrugBank_DB00251	DB00251	DrugBank	https://go.drugbank.com/drugs/DB00251	Terconazole
DrugBank_DB08498	DB08498	DrugBank	https://go.drugbank.com/drugs/DB08498	(1s)-1-(3-chlorophenyl)-2-oxo-2-[(1,3,4-trioxo-1,2,3,4-tetrahydroisoquinolin-5-yl)amino]ethyl Acetate
DrugBank_DB04618	DB04618	DrugBank	https://go.drugbank.com/drugs/DB04618	4,6-dideoxy-4-{[4-[(4-o-hexopyranosylhexopyranosyl)oxy]-5,6-dihydroxy-3-(hydroxymethyl)cyclohex-2-en-1-yl]amino}hexopyranosyl-(1->4)hexopyranosyl-(1->4)hexopyranose
DrugBank_DB08878	DB08878	DrugBank	https://go.drugbank.com/drugs/DB08878	Aminopterin
DrugBank_DB00544	DB00544	DrugBank	https://go.drugbank.com/drugs/DB00544	Fluorouracil
DrugBank_DB11964	DB11964	DrugBank	https://go.drugbank.com/drugs/DB11964	Ilaprazole
DrugBank_DB01342	DB01342	DrugBank	https://go.drugbank.com/drugs/DB01342	Forasartan
DrugBank_DB01029	DB01029	DrugBank	https://go.drugbank.com/drugs/DB01029	Irbesartan
DrugBank_DB03944	DB03944	DrugBank	https://go.drugbank.com/drugs/DB03944	5-[1-(3,4-dimethoxy-benzoyl)-1,2,3,4-tetrahydro-quinolin-6-yl]-6-methyl-3,6-dihydro-[1,3,4]thiadiazin-2-one
DrugBank_DB06233	DB06233	DrugBank	https://go.drugbank.com/drugs/DB06233	Ridaforolimus
DrugBank_DB11077	DB11077	DrugBank	https://go.drugbank.com/drugs/DB11077	Polyethylene Glycol 400
DrugBank_DB00236	DB00236	DrugBank	https://go.drugbank.com/drugs/DB00236	Pipobroman
DrugBank_DB14715	DB14715	DrugBank	https://go.drugbank.com/drugs/DB14715	Cinazepam
DrugBank_DB02979	DB02979	DrugBank	https://go.drugbank.com/drugs/DB02979	N1,n14-bis((s-methyl)isothioureido)tetradecane
DrugBank_DB14731	DB14731	DrugBank	https://go.drugbank.com/drugs/DB14731	Tagraxofusp
DrugBank_DB12884	DB12884	DrugBank	https://go.drugbank.com/drugs/DB12884	Lavoltidine
DrugBank_DB13951	DB13951	DrugBank	https://go.drugbank.com/drugs/DB13951	Stanolone Acetate
DrugBank_DB00762	DB00762	DrugBank	https://go.drugbank.com/drugs/DB00762	Irinotecan
DrugBank_DB03385	DB03385	DrugBank	https://go.drugbank.com/drugs/DB03385	4-methylimidazole
DrugBank_DB06712	DB06712	DrugBank	https://go.drugbank.com/drugs/DB06712	Nilvadipine
DrugBank_DB08503	DB08503	DrugBank	https://go.drugbank.com/drugs/DB08503	(3s,5r,7r,8s,9s,10r)-7-(hydroxymethyl)-3-(4-methylphenyl)-1,6-dioxa-2-azaspiro[4.5]decane-8,9,10-triol
DrugBank_DB14055	DB14055	DrugBank	https://go.drugbank.com/drugs/DB14055	(s)-warfarin
DrugBank_DB05471	DB05471	DrugBank	https://go.drugbank.com/drugs/DB05471	Sgn-30
DrugBank_DB07048	DB07048	DrugBank	https://go.drugbank.com/drugs/DB07048	N-[(2r)-5-(aminosulfonyl)-2,3-dihydro-1h-inden-2-yl]-2-propylpentanamide
DrugBank_DB04471	DB04471	DrugBank	https://go.drugbank.com/drugs/DB04471	2-phenyl-1-[4-(2-piperidin-1-yl-ethoxy)-phenyl]-1,2,3,4-tetrahydro-isoquinolin-6-ol
DrugBank_DB00536	DB00536	DrugBank	https://go.drugbank.com/drugs/DB00536	Guanidine
DrugBank_DB05966	DB05966	DrugBank	https://go.drugbank.com/drugs/DB05966	Tas-108
DrugBank_DB03747	DB03747	DrugBank	https://go.drugbank.com/drugs/DB03747	N-acetyl-glucosamine Thiazoline
DrugBank_DB09280	DB09280	DrugBank	https://go.drugbank.com/drugs/DB09280	Lumacaftor
DrugBank_DB13370	DB13370	DrugBank	https://go.drugbank.com/drugs/DB13370	Bromisoval
DrugBank_DB13665	DB13665	DrugBank	https://go.drugbank.com/drugs/DB13665	Fluanisone
DrugBank_DB01630	DB01630	DrugBank	https://go.drugbank.com/drugs/DB01630	Sc-74020
DrugBank_DB00535	DB00535	DrugBank	https://go.drugbank.com/drugs/DB00535	Cefdinir
DrugBank_DB00558	DB00558	DrugBank	https://go.drugbank.com/drugs/DB00558	Zanamivir
DrugBank_DB13777	DB13777	DrugBank	https://go.drugbank.com/drugs/DB13777	Prenalterol
DrugBank_DB00605	DB00605	DrugBank	https://go.drugbank.com/drugs/DB00605	Sulindac
DrugBank_DB01228	DB01228	DrugBank	https://go.drugbank.com/drugs/DB01228	Encainide
DrugBank_DB04209	DB04209	DrugBank	https://go.drugbank.com/drugs/DB04209	Dequalinium
DrugBank_DB13375	DB13375	DrugBank	https://go.drugbank.com/drugs/DB13375	Edrecolomab
DrugBank_DB09231	DB09231	DrugBank	https://go.drugbank.com/drugs/DB09231	Benidipine
DrugBank_DB00543	DB00543	DrugBank	https://go.drugbank.com/drugs/DB00543	Amoxapine
DrugBank_DB14533	DB14533	DrugBank	https://go.drugbank.com/drugs/DB14533	Zinc Chloride
DrugBank_DB11888	DB11888	DrugBank	https://go.drugbank.com/drugs/DB11888	Laninamivir Octanoate
DrugBank_DB12589	DB12589	DrugBank	https://go.drugbank.com/drugs/DB12589	Dacetuzumab
DrugBank_DB07902	DB07902	DrugBank	https://go.drugbank.com/drugs/DB07902	Tert-butyl {2-[(1,3-thiazol-2-ylamino)carbonyl]pyridin-3-yl}carbamate
DrugBank_DB01320	DB01320	DrugBank	https://go.drugbank.com/drugs/DB01320	Fosphenytoin
DrugBank_DB11752	DB11752	DrugBank	https://go.drugbank.com/drugs/DB11752	Bryostatin 1
DrugBank_DB05550	DB05550	DrugBank	https://go.drugbank.com/drugs/DB05550	Iratumumab
DrugBank_DB12147	DB12147	DrugBank	https://go.drugbank.com/drugs/DB12147	Erdafitinib
DrugBank_DB07177	DB07177	DrugBank	https://go.drugbank.com/drugs/DB07177	(5e,13e)-11-hydroxy-9,15-dioxoprosta-5,13-dien-1-oic Acid
DrugBank_DB01536	DB01536	DrugBank	https://go.drugbank.com/drugs/DB01536	Androstenedione
DrugBank_DB05678	DB05678	DrugBank	https://go.drugbank.com/drugs/DB05678	Slx-4090
DrugBank_DB00303	DB00303	DrugBank	https://go.drugbank.com/drugs/DB00303	Ertapenem
DrugBank_DB07324	DB07324	DrugBank	https://go.drugbank.com/drugs/DB07324	3-({2-[(2-amino-6-methylpyrimidin-4-yl)ethynyl]benzyl}amino)-1,3-oxazol-2(3h)-one
DrugBank_DB00981	DB00981	DrugBank	https://go.drugbank.com/drugs/DB00981	Physostigmine
DrugBank_DB07328	DB07328	DrugBank	https://go.drugbank.com/drugs/DB07328	Methyl 4-{[({[(2r,5s)-5-{[(2s)-2-(aminomethyl)pyrrolidin-1-yl]carbonyl}pyrrolidin-2-yl]methyl}amino)carbonyl]amino}benzoate
DrugBank_DB06243	DB06243	DrugBank	https://go.drugbank.com/drugs/DB06243	Eflornithine
DrugBank_DB01381	DB01381	DrugBank	https://go.drugbank.com/drugs/DB01381	Ginkgo Biloba
DrugBank_DB00751	DB00751	DrugBank	https://go.drugbank.com/drugs/DB00751	Epinastine
DrugBank_DB05928	DB05928	DrugBank	https://go.drugbank.com/drugs/DB05928	Dovitinib
DrugBank_DB08879	DB08879	DrugBank	https://go.drugbank.com/drugs/DB08879	Belimumab
DrugBank_DB14072	DB14072	DrugBank	https://go.drugbank.com/drugs/DB14072	Reversin 121
DrugBank_DB13577	DB13577	DrugBank	https://go.drugbank.com/drugs/DB13577	Allobarbital
DrugBank_DB08789	DB08789	DrugBank	https://go.drugbank.com/drugs/DB08789	2-amino-4-(2,4-dichlorophenyl)-n-ethylthieno[2,3-d]pyrimidine-6-carboxamide
DrugBank_DB01067	DB01067	DrugBank	https://go.drugbank.com/drugs/DB01067	Glipizide
DrugBank_DB09209	DB09209	DrugBank	https://go.drugbank.com/drugs/DB09209	Pholcodine
DrugBank_DB05046	DB05046	DrugBank	https://go.drugbank.com/drugs/DB05046	V1003
DrugBank_DB04395	DB04395	DrugBank	https://go.drugbank.com/drugs/DB04395	Phosphoaminophosphonic Acid-adenylate Ester
DrugBank_DB03515	DB03515	DrugBank	https://go.drugbank.com/drugs/DB03515	Equilenin
DrugBank_DB06272	DB06272	DrugBank	https://go.drugbank.com/drugs/DB06272	Maxacalcitol
DrugBank_DB11750	DB11750	DrugBank	https://go.drugbank.com/drugs/DB11750	Clobetasol
DrugBank_DB08930	DB08930	DrugBank	https://go.drugbank.com/drugs/DB08930	Dolutegravir
DrugBank_DB12661	DB12661	DrugBank	https://go.drugbank.com/drugs/DB12661	Urapidil
DrugBank_DB13843	DB13843	DrugBank	https://go.drugbank.com/drugs/DB13843	Cloprednol
DrugBank_DB03702	DB03702	DrugBank	https://go.drugbank.com/drugs/DB03702	N-{4-[(carboxymethyl)carbamoyl]benzoyl}-l-valyl-n-[(3s)-1,1,1-trifluoro-4-methyl-2-oxo-3-pentanyl]-l-prolinamide
DrugBank_DB04368	DB04368	DrugBank	https://go.drugbank.com/drugs/DB04368	Bb-3497
DrugBank_DB12609	DB12609	DrugBank	https://go.drugbank.com/drugs/DB12609	Tovetumab
DrugBank_DB01352	DB01352	DrugBank	https://go.drugbank.com/drugs/DB01352	Aprobarbital
DrugBank_DB07220	DB07220	DrugBank	https://go.drugbank.com/drugs/DB07220	N-[5-(1,1-dioxidoisothiazolidin-2-yl)-1h-indazol-3-yl]-2-(4-piperidin-1-ylphenyl)acetamide
DrugBank_DB13334	DB13334	DrugBank	https://go.drugbank.com/drugs/DB13334	Mannosulfan
DrugBank_DB01246	DB01246	DrugBank	https://go.drugbank.com/drugs/DB01246	Alimemazine
DrugBank_DB07775	DB07775	DrugBank	https://go.drugbank.com/drugs/DB07775	3',5'-dibromo-2',4,4',6'-tetrahydroxy Aurone
DrugBank_DB06766	DB06766	DrugBank	https://go.drugbank.com/drugs/DB06766	Alcaftadine
DrugBank_DB01231	DB01231	DrugBank	https://go.drugbank.com/drugs/DB01231	Diphenidol
DrugBank_DB15690	DB15690	DrugBank	https://go.drugbank.com/drugs/DB15690	Fluoroestradiol F-18
DrugBank_DB04224	DB04224	DrugBank	https://go.drugbank.com/drugs/DB04224	Oleic Acid
DrugBank_DB13066	DB13066	DrugBank	https://go.drugbank.com/drugs/DB13066	Liarozole
DrugBank_DB05752	DB05752	DrugBank	https://go.drugbank.com/drugs/DB05752	Alks 27
DrugBank_DB06690	DB06690	DrugBank	https://go.drugbank.com/drugs/DB06690	Nitrous Oxide
DrugBank_DB05013	DB05013	DrugBank	https://go.drugbank.com/drugs/DB05013	Ingenol Mebutate
DrugBank_DB04877	DB04877	DrugBank	https://go.drugbank.com/drugs/DB04877	Voacamine
DrugBank_DB06261	DB06261	DrugBank	https://go.drugbank.com/drugs/DB06261	Hexaminolevulinate
DrugBank_DB00319	DB00319	DrugBank	https://go.drugbank.com/drugs/DB00319	Piperacillin
DrugBank_DB02164	DB02164	DrugBank	https://go.drugbank.com/drugs/DB02164	N-sulfo-flavin Mononucleotide
DrugBank_DB02931	DB02931	DrugBank	https://go.drugbank.com/drugs/DB02931	Coa-s-acetyl Tryptamine
DrugBank_DB01257	DB01257	DrugBank	https://go.drugbank.com/drugs/DB01257	Eculizumab
DrugBank_DB01684	DB01684	DrugBank	https://go.drugbank.com/drugs/DB01684	1-hydroxy-1-thio-glycerol
DrugBank_DB01321	DB01321	DrugBank	https://go.drugbank.com/drugs/DB01321	Josamycin
DrugBank_DB01141	DB01141	DrugBank	https://go.drugbank.com/drugs/DB01141	Micafungin
DrugBank_DB01327	DB01327	DrugBank	https://go.drugbank.com/drugs/DB01327	Cefazolin
DrugBank_DB05541	DB05541	DrugBank	https://go.drugbank.com/drugs/DB05541	Brivaracetam
DrugBank_DB07609	DB07609	DrugBank	https://go.drugbank.com/drugs/DB07609	N,n-dimethyl(5-(pyridin-3-yl)furan-2-yl)methanamine
DrugBank_DB00399	DB00399	DrugBank	https://go.drugbank.com/drugs/DB00399	Zoledronic Acid
DrugBank_DB04477	DB04477	DrugBank	https://go.drugbank.com/drugs/DB04477	2'-deoxy-2'-[(3,5-dimethoxybenzoyl)amino]-n-[(1r)-1,2,3,4-tetrahydro-1-naphthalenyl]adenosine
DrugBank_DB11520	DB11520	DrugBank	https://go.drugbank.com/drugs/DB11520	Hygromycin B
DrugBank_DB01833	DB01833	DrugBank	https://go.drugbank.com/drugs/DB01833	Canavanine
DrugBank_DB05642	DB05642	DrugBank	https://go.drugbank.com/drugs/DB05642	Ddp-225
DrugBank_DB00073	DB00073	DrugBank	https://go.drugbank.com/drugs/DB00073	Rituximab
DrugBank_DB00024	DB00024	DrugBank	https://go.drugbank.com/drugs/DB00024	Thyrotropin Alfa
DrugBank_DB07274	DB07274	DrugBank	https://go.drugbank.com/drugs/DB07274	N-cyclopropyl-6-[(6,7-dimethoxyquinolin-4-yl)oxy]naphthalene-1-carboxamide
DrugBank_DB02350	DB02350	DrugBank	https://go.drugbank.com/drugs/DB02350	N-hydroxy-4-[(4-methoxylphenyl)sulfonyl]-2,2-dimethyl-hexahydro-1,4-thiazepine-3(s)-carboxamide
DrugBank_DB03615	DB03615	DrugBank	https://go.drugbank.com/drugs/DB03615	Ribostamycin
DrugBank_DB00550	DB00550	DrugBank	https://go.drugbank.com/drugs/DB00550	Propylthiouracil
DrugBank_DB11525	DB11525	DrugBank	https://go.drugbank.com/drugs/DB11525	Maduramicin
DrugBank_DB13685	DB13685	DrugBank	https://go.drugbank.com/drugs/DB13685	Quingestanol
DrugBank_DB09295	DB09295	DrugBank	https://go.drugbank.com/drugs/DB09295	Talniflumate
DrugBank_DB02181	DB02181	DrugBank	https://go.drugbank.com/drugs/DB02181	2'-deoxyguanosine-5'-triphosphate
DrugBank_DB06211	DB06211	DrugBank	https://go.drugbank.com/drugs/DB06211	Doripenem
DrugBank_DB02953	DB02953	DrugBank	https://go.drugbank.com/drugs/DB02953	2-thiomethyl-3-phenylpropanoic Acid
DrugBank_DB03466	DB03466	DrugBank	https://go.drugbank.com/drugs/DB03466	Bms184394
DrugBank_DB11844	DB11844	DrugBank	https://go.drugbank.com/drugs/DB11844	Pritelivir
DrugBank_DB06458	DB06458	DrugBank	https://go.drugbank.com/drugs/DB06458	Remacemide
DrugBank_DB11079	DB11079	DrugBank	https://go.drugbank.com/drugs/DB11079	Trolamine Salicylate
DrugBank_DB13687	DB13687	DrugBank	https://go.drugbank.com/drugs/DB13687	Niaprazine
DrugBank_DB07515	DB07515	DrugBank	https://go.drugbank.com/drugs/DB07515	1-(2-{[(6-amino-2-methylpyridin-3-yl)methyl]amino}ethyl)-6-chloro-3-[(2,2-difluoro-2-pyridin-2-ylethyl)amino]-1,4-dihydropyrazin-2-ol
DrugBank_DB01319	DB01319	DrugBank	https://go.drugbank.com/drugs/DB01319	Fosamprenavir
DrugBank_DB06726	DB06726	DrugBank	https://go.drugbank.com/drugs/DB06726	Bufuralol
DrugBank_DB02685	DB02685	DrugBank	https://go.drugbank.com/drugs/DB02685	3-methylphenylalanine
DrugBank_DB06939	DB06939	DrugBank	https://go.drugbank.com/drugs/DB06939	N-(trans-4-{(1s,2s)-2-amino-3-[(3s)-3-fluoropyrrolidin-1-yl]-1-methyl-3-oxopropyl}cyclohexyl)-n-methylacetamide
DrugBank_DB07638	DB07638	DrugBank	https://go.drugbank.com/drugs/DB07638	(3as,4r,9br)-2,2-difluoro-4-(4-hydroxyphenyl)-1,2,3,3a,4,9b-hexahydrocyclopenta[c]chromen-8-ol
DrugBank_DB00964	DB00964	DrugBank	https://go.drugbank.com/drugs/DB00964	Apraclonidine
DrugBank_DB13408	DB13408	DrugBank	https://go.drugbank.com/drugs/DB13408	Methylpropylpropanediol Dinitrate
DrugBank_DB07720	DB07720	DrugBank	https://go.drugbank.com/drugs/DB07720	Epibatidine
DrugBank_DB09095	DB09095	DrugBank	https://go.drugbank.com/drugs/DB09095	Difluocortolone
DrugBank_DB05038	DB05038	DrugBank	https://go.drugbank.com/drugs/DB05038	Anatibant
DrugBank_DB12054	DB12054	DrugBank	https://go.drugbank.com/drugs/DB12054	Bq-123
DrugBank_DB06512	DB06512	DrugBank	https://go.drugbank.com/drugs/DB06512	Deramciclane
DrugBank_DB12458	DB12458	DrugBank	https://go.drugbank.com/drugs/DB12458	Muscimol
DrugBank_DB11221	DB11221	DrugBank	https://go.drugbank.com/drugs/DB11221	Dioxybenzone
DrugBank_DB09535	DB09535	DrugBank	https://go.drugbank.com/drugs/DB09535	Octocrylene
DrugBank_DB06942	DB06942	DrugBank	https://go.drugbank.com/drugs/DB06942	N-(4-carbamimidoylbenzyl)-1-(3-phenylpropanoyl)-l-prolinamide
DrugBank_DB00859	DB00859	DrugBank	https://go.drugbank.com/drugs/DB00859	Penicillamine
DrugBank_DB15647	DB15647	DrugBank	https://go.drugbank.com/drugs/DB15647	Ketodarolutamide
DrugBank_DB13925	DB13925	DrugBank	https://go.drugbank.com/drugs/DB13925	Dotatate Gallium Ga-68
DrugBank_DB04938	DB04938	DrugBank	https://go.drugbank.com/drugs/DB04938	Ospemifene
DrugBank_DB09056	DB09056	DrugBank	https://go.drugbank.com/drugs/DB09056	Amorolfine
DrugBank_DB07122	DB07122	DrugBank	https://go.drugbank.com/drugs/DB07122	1-[4-(2-oxo-2-phenylethyl)phenyl]guanidine
DrugBank_DB11467	DB11467	DrugBank	https://go.drugbank.com/drugs/DB11467	Thiostrepton
DrugBank_DB07834	DB07834	DrugBank	https://go.drugbank.com/drugs/DB07834	N-(cyclopropylmethyl)-2'-methyl-5'-(5-methyl-1,3,4-oxadiazol-2-yl)biphenyl-4-carboxamide
DrugBank_DB07203	DB07203	DrugBank	https://go.drugbank.com/drugs/DB07203	6-cyclohexylmethoxy-2-(3'-chloroanilino) Purine
DrugBank_DB08218	DB08218	DrugBank	https://go.drugbank.com/drugs/DB08218	Hydroxy(oxo)(3-{[(2z)-4-[3-(1h-1,2,4-triazol-1-ylmethyl)phenyl]pyrimidin-2(5h)-ylidene]amino}phenyl)ammonium
DrugBank_DB02611	DB02611	DrugBank	https://go.drugbank.com/drugs/DB02611	Balanol Analog 1
DrugBank_DB00466	DB00466	DrugBank	https://go.drugbank.com/drugs/DB00466	Picrotoxin
DrugBank_DB11774	DB11774	DrugBank	https://go.drugbank.com/drugs/DB11774	Pazufloxacin
DrugBank_DB14508	DB14508	DrugBank	https://go.drugbank.com/drugs/DB14508	Lithium Succinate
DrugBank_DB06987	DB06987	DrugBank	https://go.drugbank.com/drugs/DB06987	(r)-atenolol
DrugBank_DB08453	DB08453	DrugBank	https://go.drugbank.com/drugs/DB08453	2-nonyl-4-quinolinol 1-oxide
DrugBank_DB13643	DB13643	DrugBank	https://go.drugbank.com/drugs/DB13643	Loprazolam
DrugBank_DB03213	DB03213	DrugBank	https://go.drugbank.com/drugs/DB03213	Bis(5-amidino-2-benzimidazolyl)methane Ketone
DrugBank_DB05736	DB05736	DrugBank	https://go.drugbank.com/drugs/DB05736	Miv-701
DrugBank_DB14502	DB14502	DrugBank	https://go.drugbank.com/drugs/DB14502	Sodium Phosphate, Dibasic
DrugBank_DB06334	DB06334	DrugBank	https://go.drugbank.com/drugs/DB06334	Tucidinostat
DrugBank_DB00624	DB00624	DrugBank	https://go.drugbank.com/drugs/DB00624	Testosterone
DrugBank_DB09037	DB09037	DrugBank	https://go.drugbank.com/drugs/DB09037	Pembrolizumab
DrugBank_DB03509	DB03509	DrugBank	https://go.drugbank.com/drugs/DB03509	2-(4-chlorophenyl)-5-quinoxalinecarboxamide
DrugBank_DB00661	DB00661	DrugBank	https://go.drugbank.com/drugs/DB00661	Verapamil
DrugBank_DB13823	DB13823	DrugBank	https://go.drugbank.com/drugs/DB13823	Pipemidic Acid
DrugBank_DB11161	DB11161	DrugBank	https://go.drugbank.com/drugs/DB11161	Polyethylene Glycol 300
DrugBank_DB08353	DB08353	DrugBank	https://go.drugbank.com/drugs/DB08353	2-(cyclohexylmethylamino)-4-(phenylamino)pyrazolo[1,5-a][1,3,5]triazine-8-carbonitrile
DrugBank_DB08550	DB08550	DrugBank	https://go.drugbank.com/drugs/DB08550	7,8-dichloro-1,2,3,4-tetrahydroisoquinoline
DrugBank_DB00227	DB00227	DrugBank	https://go.drugbank.com/drugs/DB00227	Lovastatin
DrugBank_DB07128	DB07128	DrugBank	https://go.drugbank.com/drugs/DB07128	N7-butyl-n2-(5-chloro-2-methylphenyl)-5-methyl[1,2,4]triazolo[1,5-a]pyrimidine-2,7-diamine
DrugBank_DB05479	DB05479	DrugBank	https://go.drugbank.com/drugs/DB05479	Czen 002
DrugBank_DB00548	DB00548	DrugBank	https://go.drugbank.com/drugs/DB00548	Azelaic Acid
DrugBank_DB08205	DB08205	DrugBank	https://go.drugbank.com/drugs/DB08205	4-(1,3-benzoxazol-2-yl)-2,6-dimethylphenol
DrugBank_DB00127	DB00127	DrugBank	https://go.drugbank.com/drugs/DB00127	Spermine
DrugBank_DB03376	DB03376	DrugBank	https://go.drugbank.com/drugs/DB03376	5'-o-(n-(alanyl)sulfamoyl)adenosine
DrugBank_DB00095	DB00095	DrugBank	https://go.drugbank.com/drugs/DB00095	Efalizumab
DrugBank_DB11886	DB11886	DrugBank	https://go.drugbank.com/drugs/DB11886	Infigratinib
DrugBank_DB13475	DB13475	DrugBank	https://go.drugbank.com/drugs/DB13475	Furazidin
DrugBank_DB11657	DB11657	DrugBank	https://go.drugbank.com/drugs/DB11657	Tabalumab
DrugBank_DB06367	DB06367	DrugBank	https://go.drugbank.com/drugs/DB06367	Relacatib
DrugBank_DB09483	DB09483	DrugBank	https://go.drugbank.com/drugs/DB09483	Potassium Lactate
DrugBank_DB09006	DB09006	DrugBank	https://go.drugbank.com/drugs/DB09006	Clinofibrate
DrugBank_DB02491	DB02491	DrugBank	https://go.drugbank.com/drugs/DB02491	4-[4-(1-amino-1-methylethyl)phenyl]-5-chloro-n-[4-(2-morpholin-4-ylethyl)phenyl]pyrimidin-2-amine
DrugBank_DB13601	DB13601	DrugBank	https://go.drugbank.com/drugs/DB13601	Oxiracetam
DrugBank_DB01153	DB01153	DrugBank	https://go.drugbank.com/drugs/DB01153	Sertaconazole
DrugBank_DB11428	DB11428	DrugBank	https://go.drugbank.com/drugs/DB11428	Medetomidine
DrugBank_DB00899	DB00899	DrugBank	https://go.drugbank.com/drugs/DB00899	Remifentanil
DrugBank_DB11038	DB11038	DrugBank	https://go.drugbank.com/drugs/DB11038	Influenza A Virus A/brisbane/59/2007(h1n1) Hemagglutinin Antigen (propiolactone Inactivated)
DrugBank_DB11507	DB11507	DrugBank	https://go.drugbank.com/drugs/DB11507	Cloprostenol
DrugBank_DB04163	DB04163	DrugBank	https://go.drugbank.com/drugs/DB04163	5-phenylsulfanyl-2,4-quinazolinediamine
DrugBank_DB03900	DB03900	DrugBank	https://go.drugbank.com/drugs/DB03900	Tert-butanol
DrugBank_DB09309	DB09309	DrugBank	https://go.drugbank.com/drugs/DB09309	Kitasamycin
DrugBank_DB09352	DB09352	DrugBank	https://go.drugbank.com/drugs/DB09352	Hydroxyamphetamine
DrugBank_DB04695	DB04695	DrugBank	https://go.drugbank.com/drugs/DB04695	Farnesyl Thiopyrophosphate
DrugBank_DB08932	DB08932	DrugBank	https://go.drugbank.com/drugs/DB08932	Macitentan
DrugBank_DB06124	DB06124	DrugBank	https://go.drugbank.com/drugs/DB06124	L-aminocarnityl-succinyl-leucyl-argininal-diethylacetal
DrugBank_DB13629	DB13629	DrugBank	https://go.drugbank.com/drugs/DB13629	Mofebutazone
DrugBank_DB07295	DB07295	DrugBank	https://go.drugbank.com/drugs/DB07295	2-[(7-hydroxy-naphthalen-1-yl)-oxalyl-amino]-benzoic Acid
DrugBank_DB07642	DB07642	DrugBank	https://go.drugbank.com/drugs/DB07642	5-{[1-(2-fluorobenzyl)piperidin-4-yl]methoxy}quinazoline-2,4-diamine
DrugBank_DB07265	DB07265	DrugBank	https://go.drugbank.com/drugs/DB07265	3-(9-hydroxy-1,3-dioxo-4-phenyl-2,3-dihydropyrrolo[3,4-c]carbazol-6(1h)-yl)propanoic Acid
DrugBank_DB08647	DB08647	DrugBank	https://go.drugbank.com/drugs/DB08647	Trazeolide
DrugBank_DB04312	DB04312	DrugBank	https://go.drugbank.com/drugs/DB04312	2,3-difluorobenzyl Alcohol
DrugBank_DB01553	DB01553	DrugBank	https://go.drugbank.com/drugs/DB01553	Cloxazolam
DrugBank_DB07441	DB07441	DrugBank	https://go.drugbank.com/drugs/DB07441	3-{[(9-cyano-9,10-dihydro-10-methylacridin-9-yl)carbonyl]amino}propanoic Acid
DrugBank_DB09147	DB09147	DrugBank	https://go.drugbank.com/drugs/DB09147	Ferric Pyrophosphate
DrugBank_DB04767	DB04767	DrugBank	https://go.drugbank.com/drugs/DB04767	N-[1-(4-carbamimidoyl-benzylcarbamoyl)-3-methylsulfanyl-propyl]-3-hydroxy-2-propoxyamino-butyramid
DrugBank_DB07067	DB07067	DrugBank	https://go.drugbank.com/drugs/DB07067	(2s,3s)-3-{3-[4-(methylsulfonyl)phenyl]-1,2,4-oxadiazol-5-yl}-1-oxo-1-pyrrolidin-1-ylbutan-2-amine
DrugBank_DB03819	DB03819	DrugBank	https://go.drugbank.com/drugs/DB03819	Salicylhydroxamic Acid
DrugBank_DB00641	DB00641	DrugBank	https://go.drugbank.com/drugs/DB00641	Simvastatin
DrugBank_DB13384	DB13384	DrugBank	https://go.drugbank.com/drugs/DB13384	Melitracen
DrugBank_DB04335	DB04335	DrugBank	https://go.drugbank.com/drugs/DB04335	Inosine
DrugBank_DB08207	DB08207	DrugBank	https://go.drugbank.com/drugs/DB08207	2-(3,5-dimethylphenyl)-1,3-benzoxazole
DrugBank_DB00774	DB00774	DrugBank	https://go.drugbank.com/drugs/DB00774	Hydroflumethiazide
DrugBank_DB00482	DB00482	DrugBank	https://go.drugbank.com/drugs/DB00482	Celecoxib
DrugBank_DB05956	DB05956	DrugBank	https://go.drugbank.com/drugs/DB05956	Evt-101
DrugBank_DB00555	DB00555	DrugBank	https://go.drugbank.com/drugs/DB00555	Lamotrigine
DrugBank_DB00205	DB00205	DrugBank	https://go.drugbank.com/drugs/DB00205	Pyrimethamine
DrugBank_DB11181	DB11181	DrugBank	https://go.drugbank.com/drugs/DB11181	Homatropine
DrugBank_DB07032	DB07032	DrugBank	https://go.drugbank.com/drugs/DB07032	2-(4-hydroxy-phenyl)benzofuran-5-ol
DrugBank_DB06829	DB06829	DrugBank	https://go.drugbank.com/drugs/DB06829	4-bromo-3-(carboxymethoxy)-5-[3-(cyclohexylamino)phenyl]thiophene-2-carboxylic Acid
DrugBank_DB01940	DB01940	DrugBank	https://go.drugbank.com/drugs/DB01940	Balanol Analog 2
DrugBank_DB11487	DB11487	DrugBank	https://go.drugbank.com/drugs/DB11487	Dexamethasone Isonicotinate
DrugBank_DB07172	DB07172	DrugBank	https://go.drugbank.com/drugs/DB07172	(5r,6e,8z,11z,14z,17z)-5-hydroxyicosa-6,8,11,14,17-pentaenoic Acid
DrugBank_DB08351	DB08351	DrugBank	https://go.drugbank.com/drugs/DB08351	N-cyclopropyl-4-methyl-3-{2-[(2-morpholin-4-ylethyl)amino]quinazolin-6-yl}benzamide
DrugBank_DB03046	DB03046	DrugBank	https://go.drugbank.com/drugs/DB03046	7-methoxy-8-[1-(methylsulfonyl)-1h-pyrazol-4-yl]naphthalene-2-carboximidamide
DrugBank_DB03062	DB03062	DrugBank	https://go.drugbank.com/drugs/DB03062	(1-methyl-1h-imidazol-2-yl)-(3-methyl-4-{3-[(pyridin-3-ylmethyl)-amino]-propoxy}-benzofuran-2-yl)-methanone
DrugBank_DB00001	DB00001	DrugBank	https://go.drugbank.com/drugs/DB00001	Lepirudin
DrugBank_DB08239	DB08239	DrugBank	https://go.drugbank.com/drugs/DB08239	(2s)-4-(2,5-difluorophenyl)-n-methyl-2-phenyl-n-piperidin-4-yl-2,5-dihydro-1h-pyrrole-1-carboxamide
DrugBank_DB05003	DB05003	DrugBank	https://go.drugbank.com/drugs/DB05003	Imexon
DrugBank_DB00300	DB00300	DrugBank	https://go.drugbank.com/drugs/DB00300	Tenofovir Disoproxil
DrugBank_DB13481	DB13481	DrugBank	https://go.drugbank.com/drugs/DB13481	Tenidap
DrugBank_DB00888	DB00888	DrugBank	https://go.drugbank.com/drugs/DB00888	Mechlorethamine
DrugBank_DB04949	DB04949	DrugBank	https://go.drugbank.com/drugs/DB04949	Pexelizumab
DrugBank_DB03240	DB03240	DrugBank	https://go.drugbank.com/drugs/DB03240	(s)-2-amino-3-(1,3,5,7-pentahydro-2,4-dioxo-cyclopenta[e]pyrimidin-1-yl) Proionic Acid
DrugBank_DB01597	DB01597	DrugBank	https://go.drugbank.com/drugs/DB01597	Cilastatin
DrugBank_DB00478	DB00478	DrugBank	https://go.drugbank.com/drugs/DB00478	Rimantadine
DrugBank_DB09273	DB09273	DrugBank	https://go.drugbank.com/drugs/DB09273	Doxofylline
DrugBank_DB08118	DB08118	DrugBank	https://go.drugbank.com/drugs/DB08118	2-(methylamino)-n-(4-methyl-1,3-thiazol-2-yl)-5-[(4-methyl-4h-1,2,4-triazol-3-yl)sulfanyl]benzamide
DrugBank_DB11967	DB11967	DrugBank	https://go.drugbank.com/drugs/DB11967	Binimetinib
DrugBank_DB07150	DB07150	DrugBank	https://go.drugbank.com/drugs/DB07150	4-(4-hydroxyphenyl)-1-naphthaldehyde Oxime
DrugBank_DB06990	DB06990	DrugBank	https://go.drugbank.com/drugs/DB06990	4-[(1e,7e)-8-(2,6-dioxo-1,2,3,6-tetrahydropyrimidin-4-yl)-3,6-dioxa-2,7-diazaocta-1,7-dien-1-yl]benzoic Acid
DrugBank_DB13173	DB13173	DrugBank	https://go.drugbank.com/drugs/DB13173	Cerliponase Alfa
DrugBank_DB01245	DB01245	DrugBank	https://go.drugbank.com/drugs/DB01245	Decamethonium
DrugBank_DB13104	DB13104	DrugBank	https://go.drugbank.com/drugs/DB13104	X-396
DrugBank_DB06834	DB06834	DrugBank	https://go.drugbank.com/drugs/DB06834	N-(2-hydroxy-1,1-dimethylethyl)-1-methyl-3-(1h-pyrrolo[2,3-b]pyridin-2-yl)-1h-indole-5-carboxamide
DrugBank_DB13061	DB13061	DrugBank	https://go.drugbank.com/drugs/DB13061	Mln8054
DrugBank_DB11264	DB11264	DrugBank	https://go.drugbank.com/drugs/DB11264	Calcium Glycerophosphate
DrugBank_DB05895	DB05895	DrugBank	https://go.drugbank.com/drugs/DB05895	Hgs-tr2j
DrugBank_DB04682	DB04682	DrugBank	https://go.drugbank.com/drugs/DB04682	Octylphenoxy Polyethoxyethanol
DrugBank_DB13682	DB13682	DrugBank	https://go.drugbank.com/drugs/DB13682	Cefpirome
DrugBank_DB00530	DB00530	DrugBank	https://go.drugbank.com/drugs/DB00530	Erlotinib
DrugBank_DB05102	DB05102	DrugBank	https://go.drugbank.com/drugs/DB05102	Rupintrivir
DrugBank_DB05906	DB05906	DrugBank	https://go.drugbank.com/drugs/DB05906	Ccr5 Mab
DrugBank_DB05659	DB05659	DrugBank	https://go.drugbank.com/drugs/DB05659	Faropenem Medoxomil
DrugBank_DB07680	DB07680	DrugBank	https://go.drugbank.com/drugs/DB07680	[(1s)-1-(5-chloro-1-benzothien-3-yl)-2-(2-naphthylamino)-2-oxoethyl]phosphonic Acid
DrugBank_DB08743	DB08743	DrugBank	https://go.drugbank.com/drugs/DB08743	2-({8-[(3r)-3-aminopiperidin-1-yl]-1,3-dimethyl-2,6-dioxo-1,2,3,6-tetrahydro-7h-purin-7-yl}methyl)benzonitrile
DrugBank_DB01463	DB01463	DrugBank	https://go.drugbank.com/drugs/DB01463	Fencamfamin
DrugBank_DB01202	DB01202	DrugBank	https://go.drugbank.com/drugs/DB01202	Levetiracetam
DrugBank_DB13693	DB13693	DrugBank	https://go.drugbank.com/drugs/DB13693	Sulbenicillin
DrugBank_DB08082	DB08082	DrugBank	https://go.drugbank.com/drugs/DB08082	N-(2-aminoethyl)-p-chlorobenzamide
DrugBank_DB04899	DB04899	DrugBank	https://go.drugbank.com/drugs/DB04899	Nesiritide
DrugBank_DB11660	DB11660	DrugBank	https://go.drugbank.com/drugs/DB11660	Latanoprostene Bunod
DrugBank_DB13867	DB13867	DrugBank	https://go.drugbank.com/drugs/DB13867	Fluticasone
DrugBank_DB07766	DB07766	DrugBank	https://go.drugbank.com/drugs/DB07766	(2z,3e)-2,3'-biindole-2',3(1h,1'h)-dione 3-{o-[(3r)-3,4-dihydroxybutyl]oxime}
DrugBank_DB15167	DB15167	DrugBank	https://go.drugbank.com/drugs/DB15167	Fallypride
DrugBank_DB06720	DB06720	DrugBank	https://go.drugbank.com/drugs/DB06720	Velaglucerase Alfa
DrugBank_DB13803	DB13803	DrugBank	https://go.drugbank.com/drugs/DB13803	Xipamide
DrugBank_DB00636	DB00636	DrugBank	https://go.drugbank.com/drugs/DB00636	Clofibrate
DrugBank_DB11942	DB11942	DrugBank	https://go.drugbank.com/drugs/DB11942	Selinexor
DrugBank_DB00816	DB00816	DrugBank	https://go.drugbank.com/drugs/DB00816	Orciprenaline
DrugBank_DB06311	DB06311	DrugBank	https://go.drugbank.com/drugs/DB06311	Darapladib
DrugBank_DB02175	DB02175	DrugBank	https://go.drugbank.com/drugs/DB02175	Malonic Acid
DrugBank_DB08467	DB08467	DrugBank	https://go.drugbank.com/drugs/DB08467	6-(2,3,4,5,6,7-hexahydro-2,4,4-trimethyl-1-metyleneinden-2-yl)-3-methylhexa-2,4-dienoic Acid
DrugBank_DB01933	DB01933	DrugBank	https://go.drugbank.com/drugs/DB01933	7-hydroxystaurosporine
DrugBank_DB02134	DB02134	DrugBank	https://go.drugbank.com/drugs/DB02134	Xanthine
DrugBank_DB00038	DB00038	DrugBank	https://go.drugbank.com/drugs/DB00038	Oprelvekin
DrugBank_DB07072	DB07072	DrugBank	https://go.drugbank.com/drugs/DB07072	(1s,2r,5s)-5-[3-(trifluoromethyl)-5,6-dihydro[1,2,4]triazolo[4,3-a]pyrazin-7(8h)-yl]-2-(2,4,5-trifluorophenyl)cyclohexanamine
DrugBank_DB11824	DB11824	DrugBank	https://go.drugbank.com/drugs/DB11824	Tofogliflozin
DrugBank_DB13341	DB13341	DrugBank	https://go.drugbank.com/drugs/DB13341	Fenozolone
DrugBank_DB01766	DB01766	DrugBank	https://go.drugbank.com/drugs/DB01766	Beta-(2-naphthyl)-alanine
DrugBank_DB04440	DB04440	DrugBank	https://go.drugbank.com/drugs/DB04440	Nebularine
DrugBank_DB01459	DB01459	DrugBank	https://go.drugbank.com/drugs/DB01459	Bezitramide
DrugBank_DB04178	DB04178	DrugBank	https://go.drugbank.com/drugs/DB04178	Di-stearoyl-3-sn-phosphatidylcholine
DrugBank_DB03313	DB03313	DrugBank	https://go.drugbank.com/drugs/DB03313	Cephalosporin C
DrugBank_DB00906	DB00906	DrugBank	https://go.drugbank.com/drugs/DB00906	Tiagabine
DrugBank_DB00658	DB00658	DrugBank	https://go.drugbank.com/drugs/DB00658	Sevelamer
DrugBank_DB05838	DB05838	DrugBank	https://go.drugbank.com/drugs/DB05838	Opc-51803
DrugBank_DB02767	DB02767	DrugBank	https://go.drugbank.com/drugs/DB02767	(r)-3-hydroxytetradecanoic Acid
DrugBank_DB14879	DB14879	DrugBank	https://go.drugbank.com/drugs/DB14879	Cefiderocol
DrugBank_DB00395	DB00395	DrugBank	https://go.drugbank.com/drugs/DB00395	Carisoprodol
DrugBank_DB00133	DB00133	DrugBank	https://go.drugbank.com/drugs/DB00133	Serine
DrugBank_DB11117	DB11117	DrugBank	https://go.drugbank.com/drugs/DB11117	Undecylenic Acid
DrugBank_DB00462	DB00462	DrugBank	https://go.drugbank.com/drugs/DB00462	Methscopolamine Bromide
DrugBank_DB12638	DB12638	DrugBank	https://go.drugbank.com/drugs/DB12638	Pu-h71
DrugBank_DB11416	DB11416	DrugBank	https://go.drugbank.com/drugs/DB11416	Gamithromycin
DrugBank_DB02818	DB02818	DrugBank	https://go.drugbank.com/drugs/DB02818	Iodo-willardiine
DrugBank_DB11767	DB11767	DrugBank	https://go.drugbank.com/drugs/DB11767	Sarilumab
DrugBank_DB08232	DB08232	DrugBank	https://go.drugbank.com/drugs/DB08232	[5-(5-amino-1h-pyrrolo[3,2-b]pyridin-2-yl)-6-hydroxy-3'-nitro-3-biphenylyl]acetic Acid
DrugBank_DB02727	DB02727	DrugBank	https://go.drugbank.com/drugs/DB02727	2-butyl-1-hydroxyguanidine
DrugBank_DB14512	DB14512	DrugBank	https://go.drugbank.com/drugs/DB14512	Mometasone Furoate
DrugBank_DB08009	DB08009	DrugBank	https://go.drugbank.com/drugs/DB08009	Su-11652
DrugBank_DB00823	DB00823	DrugBank	https://go.drugbank.com/drugs/DB00823	Ethynodiol Diacetate
DrugBank_DB15317	DB15317	DrugBank	https://go.drugbank.com/drugs/DB15317	Posiphen
DrugBank_DB08780	DB08780	DrugBank	https://go.drugbank.com/drugs/DB08780	6-morpholin-4-yl-9h-purine
DrugBank_DB01157	DB01157	DrugBank	https://go.drugbank.com/drugs/DB01157	Trimetrexate
DrugBank_DB07853	DB07853	DrugBank	https://go.drugbank.com/drugs/DB07853	2-[4-[4-[(5-cyclopropyl-1h-pyrazol-3-yl)amino]quinazolin-2-yl]iminocyclohexa-2,5-dien-1-yl]acetonitrile
DrugBank_DB00663	DB00663	DrugBank	https://go.drugbank.com/drugs/DB00663	Flumethasone
DrugBank_DB00515	DB00515	DrugBank	https://go.drugbank.com/drugs/DB00515	Cisplatin
DrugBank_DB04175	DB04175	DrugBank	https://go.drugbank.com/drugs/DB04175	Mdl-29951
DrugBank_DB03379	DB03379	DrugBank	https://go.drugbank.com/drugs/DB03379	2-carboxyethylphosphonic Acid
DrugBank_DB09251	DB09251	DrugBank	https://go.drugbank.com/drugs/DB09251	Phenoxypropazine
DrugBank_DB06742	DB06742	DrugBank	https://go.drugbank.com/drugs/DB06742	Ambroxol
DrugBank_DB04964	DB04964	DrugBank	https://go.drugbank.com/drugs/DB04964	Oregovomab
DrugBank_DB05298	DB05298	DrugBank	https://go.drugbank.com/drugs/DB05298	Tetomilast
DrugBank_DB13575	DB13575	DrugBank	https://go.drugbank.com/drugs/DB13575	Bietaserpine
DrugBank_DB08849	DB08849	DrugBank	https://go.drugbank.com/drugs/DB08849	Nipecotic Acid
DrugBank_DB05712	DB05712	DrugBank	https://go.drugbank.com/drugs/DB05712	Azd-9684
DrugBank_DB11461	DB11461	DrugBank	https://go.drugbank.com/drugs/DB11461	Sulfachlorpyridazine
DrugBank_DB02758	DB02758	DrugBank	https://go.drugbank.com/drugs/DB02758	Indolepropionic Acid
DrugBank_DB03332	DB03332	DrugBank	https://go.drugbank.com/drugs/DB03332	5,6-cyclic-tetrahydropteridine
DrugBank_DB03255	DB03255	DrugBank	https://go.drugbank.com/drugs/DB03255	Phenol
DrugBank_DB04571	DB04571	DrugBank	https://go.drugbank.com/drugs/DB04571	Trioxsalen
DrugBank_DB00120	DB00120	DrugBank	https://go.drugbank.com/drugs/DB00120	Phenylalanine
DrugBank_DB07488	DB07488	DrugBank	https://go.drugbank.com/drugs/DB07488	{4-amino-2-[(4-methoxyphenyl)amino]-1,3-thiazol-5-yl}(4-methoxyphenyl)methanone
DrugBank_DB05708	DB05708	DrugBank	https://go.drugbank.com/drugs/DB05708	Gts-21
DrugBank_DB04474	DB04474	DrugBank	https://go.drugbank.com/drugs/DB04474	8-anilinonaphthalene-1-sulfonic Acid
DrugBank_DB08515	DB08515	DrugBank	https://go.drugbank.com/drugs/DB08515	(3ar,6r,6as)-6-((s)-((s)-cyclohex-2-enyl)(hydroxy)methyl)-6a-methyl-4-oxo-hexahydro-2h-furo[3,2-c]pyrrole-6-carbaldehyde
DrugBank_DB04840	DB04840	DrugBank	https://go.drugbank.com/drugs/DB04840	Debrisoquine
DrugBank_DB02535	DB02535	DrugBank	https://go.drugbank.com/drugs/DB02535	Aminodi(ethyloxy)ethylaminocarbonylbenzenesulfonamide
DrugBank_DB06755	DB06755	DrugBank	https://go.drugbank.com/drugs/DB06755	Beta Carotene
DrugBank_DB11746	DB11746	DrugBank	https://go.drugbank.com/drugs/DB11746	Onartuzumab
DrugBank_DB01190	DB01190	DrugBank	https://go.drugbank.com/drugs/DB01190	Clindamycin
DrugBank_DB07934	DB07934	DrugBank	https://go.drugbank.com/drugs/DB07934	[[cyclohexanesulfonyl-glycyl]-3[pyridin-4-yl-aminomethyl]alanyl]piperidine
DrugBank_DB01733	DB01733	DrugBank	https://go.drugbank.com/drugs/DB01733	L-phospholactate
DrugBank_DB02269	DB02269	DrugBank	https://go.drugbank.com/drugs/DB02269	[4-({[5-benzyloxy-1-(3-carbamimidoyl-benzyl)-1h-indole-2-carbonyl]-amino}-methyl)-phenyl]-trimethyl-ammonium
DrugBank_DB10317	DB10317	DrugBank	https://go.drugbank.com/drugs/DB10317	Rubella Virus Vaccine
DrugBank_DB06206	DB06206	DrugBank	https://go.drugbank.com/drugs/DB06206	Sugammadex
DrugBank_DB06670	DB06670	DrugBank	https://go.drugbank.com/drugs/DB06670	Odanacatib
DrugBank_DB00586	DB00586	DrugBank	https://go.drugbank.com/drugs/DB00586	Diclofenac
DrugBank_DB09000	DB09000	DrugBank	https://go.drugbank.com/drugs/DB09000	Cyamemazine
DrugBank_DB07335	DB07335	DrugBank	https://go.drugbank.com/drugs/DB07335	3-[4-amino-1-(1-methylethyl)-1h-pyrazolo[3,4-d]pyrimidin-3-yl]phenol
DrugBank_DB02835	DB02835	DrugBank	https://go.drugbank.com/drugs/DB02835	Alpha-d-glucose 1,6-bisphosphate
DrugBank_DB12839	DB12839	DrugBank	https://go.drugbank.com/drugs/DB12839	Pegvaliase
DrugBank_DB02297	DB02297	DrugBank	https://go.drugbank.com/drugs/DB02297	2-amino-6-chloropyrazine
DrugBank_DB01708	DB01708	DrugBank	https://go.drugbank.com/drugs/DB01708	Prasterone
DrugBank_DB05104	DB05104	DrugBank	https://go.drugbank.com/drugs/DB05104	Asimadoline
DrugBank_DB01736	DB01736	DrugBank	https://go.drugbank.com/drugs/DB01736	[3-(dodecanoylamino)propyl](hydroxy)dimethylammonium
DrugBank_DB05452	DB05452	DrugBank	https://go.drugbank.com/drugs/DB05452	Ph-284
DrugBank_DB00032	DB00032	DrugBank	https://go.drugbank.com/drugs/DB00032	Menotropins
DrugBank_DB09290	DB09290	DrugBank	https://go.drugbank.com/drugs/DB09290	Ramosetron
DrugBank_DB15441	DB15441	DrugBank	https://go.drugbank.com/drugs/DB15441	Lulizumab Pegol
DrugBank_DB13313	DB13313	DrugBank	https://go.drugbank.com/drugs/DB13313	Melevodopa
DrugBank_DB12808	DB12808	DrugBank	https://go.drugbank.com/drugs/DB12808	Trifarotene
DrugBank_DB09141	DB09141	DrugBank	https://go.drugbank.com/drugs/DB09141	Protamine Sulfate
DrugBank_DB08808	DB08808	DrugBank	https://go.drugbank.com/drugs/DB08808	Bupranolol
DrugBank_DB04659	DB04659	DrugBank	https://go.drugbank.com/drugs/DB04659	(1s,2s,3r,4s,5s)-2,3,4-trihydroxy-5-(hydroxymethyl)cyclohexyl (1e)-2-phenyl-n-(sulfooxy)ethanimidothioate
DrugBank_DB14541	DB14541	DrugBank	https://go.drugbank.com/drugs/DB14541	Hydrocortisone Cypionate
DrugBank_DB11063	DB11063	DrugBank	https://go.drugbank.com/drugs/DB11063	Polysorbate 80
DrugBank_DB03095	DB03095	DrugBank	https://go.drugbank.com/drugs/DB03095	Tetramethylammonium
DrugBank_DB00188	DB00188	DrugBank	https://go.drugbank.com/drugs/DB00188	Bortezomib
DrugBank_DB09291	DB09291	DrugBank	https://go.drugbank.com/drugs/DB09291	Rolapitant
DrugBank_DB06071	DB06071	DrugBank	https://go.drugbank.com/drugs/DB06071	Dts-201
DrugBank_DB05767	DB05767	DrugBank	https://go.drugbank.com/drugs/DB05767	Andrographolide
DrugBank_DB14777	DB14777	DrugBank	https://go.drugbank.com/drugs/DB14777	Murepavadin
DrugBank_DB06070	DB06070	DrugBank	https://go.drugbank.com/drugs/DB06070	Snx-5422
DrugBank_DB06441	DB06441	DrugBank	https://go.drugbank.com/drugs/DB06441	Cangrelor
DrugBank_DB08951	DB08951	DrugBank	https://go.drugbank.com/drugs/DB08951	Indoprofen
DrugBank_DB14570	DB14570	DrugBank	https://go.drugbank.com/drugs/DB14570	Hydroxyprogesterone
DrugBank_DB14642	DB14642	DrugBank	https://go.drugbank.com/drugs/DB14642	Lypressin
DrugBank_DB00390	DB00390	DrugBank	https://go.drugbank.com/drugs/DB00390	Digoxin
DrugBank_DB03370	DB03370	DrugBank	https://go.drugbank.com/drugs/DB03370	Fr239087
DrugBank_DB13766	DB13766	DrugBank	https://go.drugbank.com/drugs/DB13766	Lidoflazine
DrugBank_DB08912	DB08912	DrugBank	https://go.drugbank.com/drugs/DB08912	Dabrafenib
DrugBank_DB07524	DB07524	DrugBank	https://go.drugbank.com/drugs/DB07524	N-phenyl-1h-pyrrolo[2,3-b]pyridin-3-amine
DrugBank_DB04012	DB04012	DrugBank	https://go.drugbank.com/drugs/DB04012	(3r)-4-(p-toluenesulfonyl)-1,4-thiazane-3-carboxylicacid-l-leucine
DrugBank_DB12917	DB12917	DrugBank	https://go.drugbank.com/drugs/DB12917	Bimekizumab
DrugBank_DB00441	DB00441	DrugBank	https://go.drugbank.com/drugs/DB00441	Gemcitabine
DrugBank_DB08442	DB08442	DrugBank	https://go.drugbank.com/drugs/DB08442	4-{[(2r)-2-(2-methylphenyl)pyrrolidin-1-yl]carbonyl}benzene-1,3-diol
DrugBank_DB04057	DB04057	DrugBank	https://go.drugbank.com/drugs/DB04057	N-[4-([(2-amino-4-oxo-1,4-dihydropyrido[3,2-d]pyrimidin-6-yl)methyl]{(2e)-3-[4-carbamoyl-1-(5-o-phosphono-beta-d-ribofuranosyl)-1h-imidazol-5-yl]-2-propenoyl}amino)benzoyl]-l-glutamic Acid
DrugBank_DB08915	DB08915	DrugBank	https://go.drugbank.com/drugs/DB08915	Aleglitazar
DrugBank_DB08772	DB08772	DrugBank	https://go.drugbank.com/drugs/DB08772	Zopolrestat
DrugBank_DB01207	DB01207	DrugBank	https://go.drugbank.com/drugs/DB01207	Ridogrel
DrugBank_DB01189	DB01189	DrugBank	https://go.drugbank.com/drugs/DB01189	Desflurane
DrugBank_DB13501	DB13501	DrugBank	https://go.drugbank.com/drugs/DB13501	Bendazac
DrugBank_DB04632	DB04632	DrugBank	https://go.drugbank.com/drugs/DB04632	4-(2-hydroxybenzylamino)-n-(3-(4-fluorophenoxy)phenyl)piperidine-1-sulfonamide
DrugBank_DB06785	DB06785	DrugBank	https://go.drugbank.com/drugs/DB06785	Ganirelix
DrugBank_DB08089	DB08089	DrugBank	https://go.drugbank.com/drugs/DB08089	Lgd-2226
DrugBank_DB00871	DB00871	DrugBank	https://go.drugbank.com/drugs/DB00871	Terbutaline
DrugBank_DB06439	DB06439	DrugBank	https://go.drugbank.com/drugs/DB06439	Tyloxapol
DrugBank_DB13251	DB13251	DrugBank	https://go.drugbank.com/drugs/DB13251	Octopamine
DrugBank_DB11703	DB11703	DrugBank	https://go.drugbank.com/drugs/DB11703	Acalabrutinib
DrugBank_DB11057	DB11057	DrugBank	https://go.drugbank.com/drugs/DB11057	Mineral Oil
DrugBank_DB07309	DB07309	DrugBank	https://go.drugbank.com/drugs/DB07309	5-bromo-2-{[(4-chlorophenyl)sulfonyl]amino}benzoic Acid
DrugBank_DB07701	DB07701	DrugBank	https://go.drugbank.com/drugs/DB07701	1-benzyl-4-[(5,6-dimethoxy-1-indanon-2-yl)methyl]piperidine
DrugBank_DB06840	DB06840	DrugBank	https://go.drugbank.com/drugs/DB06840	Diethyl [(1r)-1,5-diaminopentyl]boronate
DrugBank_DB00660	DB00660	DrugBank	https://go.drugbank.com/drugs/DB00660	Metaxalone
DrugBank_DB05758	DB05758	DrugBank	https://go.drugbank.com/drugs/DB05758	Cyt007-tnfqb
DrugBank_DB02573	DB02573	DrugBank	https://go.drugbank.com/drugs/DB02573	2'-deoxycytidine-2'-deoxyadenosine-3',5'-monophosphate
DrugBank_DB03169	DB03169	DrugBank	https://go.drugbank.com/drugs/DB03169	(s)-hmg-coa
DrugBank_DB03317	DB03317	DrugBank	https://go.drugbank.com/drugs/DB03317	Ferroheme C
DrugBank_DB06768	DB06768	DrugBank	https://go.drugbank.com/drugs/DB06768	Ammonium Lactate
DrugBank_DB00685	DB00685	DrugBank	https://go.drugbank.com/drugs/DB00685	Trovafloxacin
DrugBank_DB13635	DB13635	DrugBank	https://go.drugbank.com/drugs/DB13635	Tiracizine
DrugBank_DB12831	DB12831	DrugBank	https://go.drugbank.com/drugs/DB12831	Gabexate
DrugBank_DB13351	DB13351	DrugBank	https://go.drugbank.com/drugs/DB13351	Piperidolate
DrugBank_DB06075	DB06075	DrugBank	https://go.drugbank.com/drugs/DB06075	Linsitinib
DrugBank_DB11396	DB11396	DrugBank	https://go.drugbank.com/drugs/DB11396	Dichlorophen
DrugBank_DB01902	DB01902	DrugBank	https://go.drugbank.com/drugs/DB01902	1-ethyl-pyrrolidine-2,5-dione
DrugBank_DB05440	DB05440	DrugBank	https://go.drugbank.com/drugs/DB05440	Srp 299
DrugBank_DB13872	DB13872	DrugBank	https://go.drugbank.com/drugs/DB13872	Lormetazepam
DrugBank_DB07148	DB07148	DrugBank	https://go.drugbank.com/drugs/DB07148	(6s)-1-chloro-3-[(4-fluorobenzyl)oxy]-6-(pyrrolidin-1-ylcarbonyl)pyrrolo[1,2-a]pyrazin-4(6h)-one
DrugBank_DB01644	DB01644	DrugBank	https://go.drugbank.com/drugs/DB01644	3,6-dihydroxy-xanthene-9-propionic Acid
DrugBank_DB13627	DB13627	DrugBank	https://go.drugbank.com/drugs/DB13627	Oxolinic Acid
DrugBank_DB06763	DB06763	DrugBank	https://go.drugbank.com/drugs/DB06763	Saralasin
DrugBank_DB15349	DB15349	DrugBank	https://go.drugbank.com/drugs/DB15349	Sofituzumab Vedotin
DrugBank_DB05470	DB05470	DrugBank	https://go.drugbank.com/drugs/DB05470	Vx-702
DrugBank_DB07486	DB07486	DrugBank	https://go.drugbank.com/drugs/DB07486	3-({4-[(1e)-3-morpholin-4-yl-3-oxoprop-1-en-1-yl]-2,3-bis(trifluoromethyl)phenyl}sulfanyl)aniline
DrugBank_DB01144	DB01144	DrugBank	https://go.drugbank.com/drugs/DB01144	Diclofenamide
DrugBank_DB08591	DB08591	DrugBank	https://go.drugbank.com/drugs/DB08591	5-(4-methoxybiphenyl-3-yl)-1,2,5-thiadiazolidin-3-one 1,1-dioxide
DrugBank_DB01888	DB01888	DrugBank	https://go.drugbank.com/drugs/DB01888	4-[5-(trans-4-aminocyclohexylamino)-3-isopropylpyrazolo[1,5-a]pyrimidin-7-ylamino]-n,n-dimethylbenzenesulfonamide
DrugBank_DB07313	DB07313	DrugBank	https://go.drugbank.com/drugs/DB07313	5-methyl-2-[(phenylsulfonyl)amino]benzoic Acid
DrugBank_DB00160	DB00160	DrugBank	https://go.drugbank.com/drugs/DB00160	Alanine
DrugBank_DB06073	DB06073	DrugBank	https://go.drugbank.com/drugs/DB06073	Cts-21166
DrugBank_DB07430	DB07430	DrugBank	https://go.drugbank.com/drugs/DB07430	(10r)-10-methyl-3-(6-methylpyridin-3-yl)-9,10,11,12-tetrahydro-8h-[1,4]diazepino[5',6':4,5]thieno[3,2-f]quinolin-8-one
DrugBank_DB13620	DB13620	DrugBank	https://go.drugbank.com/drugs/DB13620	Potassium Gluconate
DrugBank_DB03825	DB03825	DrugBank	https://go.drugbank.com/drugs/DB03825	Rhodamine 6g
DrugBank_DB06877	DB06877	DrugBank	https://go.drugbank.com/drugs/DB06877	N,n-dimethyl-4-(4-phenyl-1h-pyrazol-3-yl)-1h-pyrrole-2-carboxamide
DrugBank_DB13743	DB13743	DrugBank	https://go.drugbank.com/drugs/DB13743	Sodium Aurotiosulfate
DrugBank_DB11133	DB11133	DrugBank	https://go.drugbank.com/drugs/DB11133	Omega-3 Fatty Acids
DrugBank_DB03924	DB03924	DrugBank	https://go.drugbank.com/drugs/DB03924	5,8-di-amino-1,4-dihydroxy-anthraquinone
DrugBank_DB12515	DB12515	DrugBank	https://go.drugbank.com/drugs/DB12515	9-aminocamptothecin
DrugBank_DB12877	DB12877	DrugBank	https://go.drugbank.com/drugs/DB12877	Oxatomide
DrugBank_DB11127	DB11127	DrugBank	https://go.drugbank.com/drugs/DB11127	Selenious Acid
DrugBank_DB07415	DB07415	DrugBank	https://go.drugbank.com/drugs/DB07415	4-[(1s)-1-(3-fluoro-4-methoxyphenyl)-2-(2-methoxy-5-nitrophenyl)ethyl]-1h-imidazol-2-amine
DrugBank_DB15044	DB15044	DrugBank	https://go.drugbank.com/drugs/DB15044	Tafasitamab
DrugBank_DB06884	DB06884	DrugBank	https://go.drugbank.com/drugs/DB06884	4-hydroxy-n'-(4-isopropylbenzyl)benzohydrazide
DrugBank_DB05419	DB05419	DrugBank	https://go.drugbank.com/drugs/DB05419	Adx-10061
DrugBank_DB08894	DB08894	DrugBank	https://go.drugbank.com/drugs/DB08894	Peginesatide
DrugBank_DB01963	DB01963	DrugBank	https://go.drugbank.com/drugs/DB01963	Phenylethane Boronic Acid
DrugBank_DB05476	DB05476	DrugBank	https://go.drugbank.com/drugs/DB05476	Wx-uk1
DrugBank_DB13385	DB13385	DrugBank	https://go.drugbank.com/drugs/DB13385	Dihydroergocryptine
DrugBank_DB00932	DB00932	DrugBank	https://go.drugbank.com/drugs/DB00932	Tipranavir
DrugBank_DB08827	DB08827	DrugBank	https://go.drugbank.com/drugs/DB08827	Lomitapide
DrugBank_DB09511	DB09511	DrugBank	https://go.drugbank.com/drugs/DB09511	Talc
DrugBank_DB11555	DB11555	DrugBank	https://go.drugbank.com/drugs/DB11555	Zolazepam
DrugBank_DB05192	DB05192	DrugBank	https://go.drugbank.com/drugs/DB05192	Mb07811
DrugBank_DB04796	DB04796	DrugBank	https://go.drugbank.com/drugs/DB04796	Inecalcitol
DrugBank_DB11345	DB11345	DrugBank	https://go.drugbank.com/drugs/DB11345	(s)-camphor
DrugBank_DB03917	DB03917	DrugBank	https://go.drugbank.com/drugs/DB03917	N-ethylretinamide
DrugBank_DB00565	DB00565	DrugBank	https://go.drugbank.com/drugs/DB00565	Cisatracurium
DrugBank_DB08142	DB08142	DrugBank	https://go.drugbank.com/drugs/DB08142	At-7519
DrugBank_DB06083	DB06083	DrugBank	https://go.drugbank.com/drugs/DB06083	Tapinarof
DrugBank_DB12864	DB12864	DrugBank	https://go.drugbank.com/drugs/DB12864	Melarsoprol
DrugBank_DB14066	DB14066	DrugBank	https://go.drugbank.com/drugs/DB14066	Tetrandrine
DrugBank_DB13357	DB13357	DrugBank	https://go.drugbank.com/drugs/DB13357	Styramate
DrugBank_DB00741	DB00741	DrugBank	https://go.drugbank.com/drugs/DB00741	Hydrocortisone
DrugBank_DB03136	DB03136	DrugBank	https://go.drugbank.com/drugs/DB03136	4-iodobenzo[b]thiophene-2-carboxamidine
DrugBank_DB08126	DB08126	DrugBank	https://go.drugbank.com/drugs/DB08126	3-{[4-([amino(imino)methyl]aminosulfonyl)anilino]methylene}-2-oxo-2,3-dihydro-1h-indole
DrugBank_DB12842	DB12842	DrugBank	https://go.drugbank.com/drugs/DB12842	Pegamotecan
DrugBank_DB00710	DB00710	DrugBank	https://go.drugbank.com/drugs/DB00710	Ibandronate
DrugBank_DB11849	DB11849	DrugBank	https://go.drugbank.com/drugs/DB11849	Emibetuzumab
DrugBank_DB00858	DB00858	DrugBank	https://go.drugbank.com/drugs/DB00858	Drostanolone
DrugBank_DB07120	DB07120	DrugBank	https://go.drugbank.com/drugs/DB07120	3-carbamimidamido-1,1-diphenylurea
DrugBank_DB04013	DB04013	DrugBank	https://go.drugbank.com/drugs/DB04013	1-deoxy-1-methoxycarbamido-beta-d-gluco-2-heptulopyranosonamide
DrugBank_DB01694	DB01694	DrugBank	https://go.drugbank.com/drugs/DB01694	D-tartaric Acid
DrugBank_DB14725	DB14725	DrugBank	https://go.drugbank.com/drugs/DB14725	Cefamandole Nafate
DrugBank_DB00575	DB00575	DrugBank	https://go.drugbank.com/drugs/DB00575	Clonidine
DrugBank_DB06395	DB06395	DrugBank	https://go.drugbank.com/drugs/DB06395	Abafungin
DrugBank_DB02224	DB02224	DrugBank	https://go.drugbank.com/drugs/DB02224	Taxifolin
DrugBank_DB01754	DB01754	DrugBank	https://go.drugbank.com/drugs/DB01754	3,4-dihydroxy-1-methylquinolin-2(1h)-one
DrugBank_DB08751	DB08751	DrugBank	https://go.drugbank.com/drugs/DB08751	N,n'-dimethyl-n-(acetyl)-n'-(7-nitrobenz-2-oxa-1,3-diazol-4-yl)ethylenediamine
DrugBank_DB12465	DB12465	DrugBank	https://go.drugbank.com/drugs/DB12465	Ketanserin
DrugBank_DB13837	DB13837	DrugBank	https://go.drugbank.com/drugs/DB13837	Doxefazepam
DrugBank_DB03209	DB03209	DrugBank	https://go.drugbank.com/drugs/DB03209	Oteracil
DrugBank_DB15057	DB15057	DrugBank	https://go.drugbank.com/drugs/DB15057	Nuc-1031
DrugBank_DB07955	DB07955	DrugBank	https://go.drugbank.com/drugs/DB07955	(2-bromoethyl)(2-'formyl-4'-aminophenyl) Acetate
DrugBank_DB08530	DB08530	DrugBank	https://go.drugbank.com/drugs/DB08530	7-benzyl-1,3-dimethyl-8-piperazin-1-yl-3,7-dihydro-purine-2,6-dione
DrugBank_DB07854	DB07854	DrugBank	https://go.drugbank.com/drugs/DB07854	N-methyl-1-[4-(9h-purin-6-yl)phenyl]methanamine
DrugBank_DB02309	DB02309	DrugBank	https://go.drugbank.com/drugs/DB02309	5-monophosphate-9-beta-d-ribofuranosyl Xanthine
DrugBank_DB00837	DB00837	DrugBank	https://go.drugbank.com/drugs/DB00837	Progabide
DrugBank_DB00219	DB00219	DrugBank	https://go.drugbank.com/drugs/DB00219	Oxyphenonium
DrugBank_DB12391	DB12391	DrugBank	https://go.drugbank.com/drugs/DB12391	Sagopilone
DrugBank_DB04153	DB04153	DrugBank	https://go.drugbank.com/drugs/DB04153	S-hydroxymethyl Glutathione
DrugBank_DB07607	DB07607	DrugBank	https://go.drugbank.com/drugs/DB07607	4-[5-(3-iodo-phenyl)-2-(4-methanesulfinyl-phenyl)-1h-imidazol-4-yl]-pyridine
DrugBank_DB03848	DB03848	DrugBank	https://go.drugbank.com/drugs/DB03848	Benzenesulfinic Acid
DrugBank_DB02988	DB02988	DrugBank	https://go.drugbank.com/drugs/DB02988	Imino-tryptophan
DrugBank_DB13243	DB13243	DrugBank	https://go.drugbank.com/drugs/DB13243	Tiazofurine
DrugBank_DB13345	DB13345	DrugBank	https://go.drugbank.com/drugs/DB13345	Dihydroergocristine
DrugBank_DB01336	DB01336	DrugBank	https://go.drugbank.com/drugs/DB01336	Metocurine
DrugBank_DB07476	DB07476	DrugBank	https://go.drugbank.com/drugs/DB07476	N-[4-(aminosulfonyl)phenyl]-2-mercaptobenzamide
DrugBank_DB05207	DB05207	DrugBank	https://go.drugbank.com/drugs/DB05207	Sd118
DrugBank_DB00477	DB00477	DrugBank	https://go.drugbank.com/drugs/DB00477	Chlorpromazine
DrugBank_DB03657	DB03657	DrugBank	https://go.drugbank.com/drugs/DB03657	1-deoxy-1-methoxycarbamido-beta-d-glucopyranose
DrugBank_DB15252	DB15252	DrugBank	https://go.drugbank.com/drugs/DB15252	Nemolizumab
DrugBank_DB00918	DB00918	DrugBank	https://go.drugbank.com/drugs/DB00918	Almotriptan
DrugBank_DB13566	DB13566	DrugBank	https://go.drugbank.com/drugs/DB13566	Sequifenadine
DrugBank_DB00451	DB00451	DrugBank	https://go.drugbank.com/drugs/DB00451	Levothyroxine
DrugBank_DB09198	DB09198	DrugBank	https://go.drugbank.com/drugs/DB09198	Lobeglitazone
DrugBank_DB13689	DB13689	DrugBank	https://go.drugbank.com/drugs/DB13689	Tacalcitol
DrugBank_DB07712	DB07712	DrugBank	https://go.drugbank.com/drugs/DB07712	3-ethyl-2-(4-hydroxyphenyl)-2h-indazol-5-ol
DrugBank_DB13524	DB13524	DrugBank	https://go.drugbank.com/drugs/DB13524	Propyphenazone
DrugBank_DB01877	DB01877	DrugBank	https://go.drugbank.com/drugs/DB01877	N-hydroxy 1n(4-methoxyphenyl)sulfonyl-4-(z,e-n-methoxyimino)pyrrolidine-2r-carboxamide
DrugBank_DB13807	DB13807	DrugBank	https://go.drugbank.com/drugs/DB13807	Tisopurine
DrugBank_DB00104	DB00104	DrugBank	https://go.drugbank.com/drugs/DB00104	Octreotide
DrugBank_DB11365	DB11365	DrugBank	https://go.drugbank.com/drugs/DB11365	Sennosides
DrugBank_DB09335	DB09335	DrugBank	https://go.drugbank.com/drugs/DB09335	Alatrofloxacin
DrugBank_DB07086	DB07086	DrugBank	https://go.drugbank.com/drugs/DB07086	4-[(1s,2s,5s)-5-(hydroxymethyl)-8-methyl-3-oxabicyclo[3.3.1]non-7-en-2-yl]phenol
DrugBank_DB03940	DB03940	DrugBank	https://go.drugbank.com/drugs/DB03940	Oxamic Acid
DrugBank_DB03994	DB03994	DrugBank	https://go.drugbank.com/drugs/DB03994	Ethanolamine
DrugBank_DB01025	DB01025	DrugBank	https://go.drugbank.com/drugs/DB01025	Amlexanox
DrugBank_DB08391	DB08391	DrugBank	https://go.drugbank.com/drugs/DB08391	Pq-10
DrugBank_DB11377	DB11377	DrugBank	https://go.drugbank.com/drugs/DB11377	Bambermycins
DrugBank_DB00348	DB00348	DrugBank	https://go.drugbank.com/drugs/DB00348	Nitisinone
DrugBank_DB14094	DB14094	DrugBank	https://go.drugbank.com/drugs/DB14094	Tocopherylquinone
DrugBank_DB07602	DB07602	DrugBank	https://go.drugbank.com/drugs/DB07602	S-{3-[(4-anilinoquinazolin-6-yl)amino]-3-oxopropyl}-l-cysteine
DrugBank_DB11811	DB11811	DrugBank	https://go.drugbank.com/drugs/DB11811	Arhalofenate
DrugBank_DB03078	DB03078	DrugBank	https://go.drugbank.com/drugs/DB03078	Pasbn
DrugBank_DB03023	DB03023	DrugBank	https://go.drugbank.com/drugs/DB03023	1-tert-butyl-3-(4-chloro-phenyl)-1h-pyrazolo[3,4-d]pyrimidin-4-ylamine
DrugBank_DB07778	DB07778	DrugBank	https://go.drugbank.com/drugs/DB07778	(s)-famoxadone
DrugBank_DB13374	DB13374	DrugBank	https://go.drugbank.com/drugs/DB13374	Vincamine
DrugBank_DB03737	DB03737	DrugBank	https://go.drugbank.com/drugs/DB03737	4-((3r,4s,5r)-4-amino-3,5-dihydroxy-hex-1-ynyl)-5-fluoro-3-[1-(3-methoxy-1h-pyrrol-2-yl)-meth-(z)-ylidene]-1,3-dihydro-indol-2-one
DrugBank_DB08788	DB08788	DrugBank	https://go.drugbank.com/drugs/DB08788	3,6-diamino-5-cyano-4-(4-ethoxyphenyl)thieno[2,3-b]pyridine-2-carboxamide
DrugBank_DB13941	DB13941	DrugBank	https://go.drugbank.com/drugs/DB13941	Piperaquine
DrugBank_DB04570	DB04570	DrugBank	https://go.drugbank.com/drugs/DB04570	Latamoxef
DrugBank_DB07589	DB07589	DrugBank	https://go.drugbank.com/drugs/DB07589	N-[1-(aminomethyl)cyclopropyl]-3-(benzylsulfonyl)-n~2~-[(1s)-2,2,2-trifluoro-1-(4-hydroxyphenyl)ethyl]-l-alaninamide
DrugBank_DB03742	DB03742	DrugBank	https://go.drugbank.com/drugs/DB03742	Compound 4-d
DrugBank_DB02057	DB02057	DrugBank	https://go.drugbank.com/drugs/DB02057	(s)-ampa
DrugBank_DB12385	DB12385	DrugBank	https://go.drugbank.com/drugs/DB12385	10-hydroxycamptothecin
DrugBank_DB00044	DB00044	DrugBank	https://go.drugbank.com/drugs/DB00044	Lutropin Alfa
DrugBank_DB00994	DB00994	DrugBank	https://go.drugbank.com/drugs/DB00994	Neomycin
DrugBank_DB07319	DB07319	DrugBank	https://go.drugbank.com/drugs/DB07319	6-(3-bromo-2-naphthyl)-1,3,5-triazine-2,4-diamine
DrugBank_DB04379	DB04379	DrugBank	https://go.drugbank.com/drugs/DB04379	N-methyl-n-(methylbenzyl)formamide
DrugBank_DB04947	DB04947	DrugBank	https://go.drugbank.com/drugs/DB04947	Altropane
DrugBank_DB06697	DB06697	DrugBank	https://go.drugbank.com/drugs/DB06697	Artemether
DrugBank_DB13820	DB13820	DrugBank	https://go.drugbank.com/drugs/DB13820	Oxomemazine
DrugBank_DB06199	DB06199	DrugBank	https://go.drugbank.com/drugs/DB06199	Atrasentan
DrugBank_DB02371	DB02371	DrugBank	https://go.drugbank.com/drugs/DB02371	2-(2-hydroxy-1,1-dihydroxymethyl-ethylamino)-ethanesulfonic Acid
DrugBank_DB01742	DB01742	DrugBank	https://go.drugbank.com/drugs/DB01742	(3r)-1-acetyl-3-methylpiperidine
DrugBank_DB00693	DB00693	DrugBank	https://go.drugbank.com/drugs/DB00693	Fluorescein
DrugBank_DB00696	DB00696	DrugBank	https://go.drugbank.com/drugs/DB00696	Ergotamine
DrugBank_DB03032	DB03032	DrugBank	https://go.drugbank.com/drugs/DB03032	S-octylglutathione
DrugBank_DB11712	DB11712	DrugBank	https://go.drugbank.com/drugs/DB11712	Tezacaftor
DrugBank_DB08822	DB08822	DrugBank	https://go.drugbank.com/drugs/DB08822	Azilsartan Medoxomil
DrugBank_DB15397	DB15397	DrugBank	https://go.drugbank.com/drugs/DB15397	Gma-161
DrugBank_DB07061	DB07061	DrugBank	https://go.drugbank.com/drugs/DB07061	1-(cyclohexylamino)-3-(6-methyl-3,4-dihydro-1h-carbazol-9(2h)-yl)propan-2-ol
DrugBank_DB05394	DB05394	DrugBank	https://go.drugbank.com/drugs/DB05394	Corticorelin
DrugBank_DB00325	DB00325	DrugBank	https://go.drugbank.com/drugs/DB00325	Nitroprusside
DrugBank_DB02311	DB02311	DrugBank	https://go.drugbank.com/drugs/DB02311	Methyl Methylsulfinylmethyl Sulfide
DrugBank_DB04132	DB04132	DrugBank	https://go.drugbank.com/drugs/DB04132	S-hexylglutathione
DrugBank_DB06992	DB06992	DrugBank	https://go.drugbank.com/drugs/DB06992	(3,3-dimethylpiperidin-1-yl)(6-(3-fluoro-4-methylphenyl)pyridin-2-yl)methanone
DrugBank_DB02159	DB02159	DrugBank	https://go.drugbank.com/drugs/DB02159	(r)-propylene Glycol
DrugBank_DB08980	DB08980	DrugBank	https://go.drugbank.com/drugs/DB08980	Fendiline
DrugBank_DB13985	DB13985	DrugBank	https://go.drugbank.com/drugs/DB13985	Lutetium Lu 177 Dotatate
DrugBank_DB14026	DB14026	DrugBank	https://go.drugbank.com/drugs/DB14026	Thiosalicylic Acid
DrugBank_DB01309	DB01309	DrugBank	https://go.drugbank.com/drugs/DB01309	Insulin Glulisine
DrugBank_DB01524	DB01524	DrugBank	https://go.drugbank.com/drugs/DB01524	Androstenediol
DrugBank_DB12923	DB12923	DrugBank	https://go.drugbank.com/drugs/DB12923	Gallopamil
DrugBank_DB04396	DB04396	DrugBank	https://go.drugbank.com/drugs/DB04396	Thiodigalactoside
DrugBank_DB08744	DB08744	DrugBank	https://go.drugbank.com/drugs/DB08744	Casimiroin
DrugBank_DB04000	DB04000	DrugBank	https://go.drugbank.com/drugs/DB04000	Bromo-willardiine
DrugBank_DB06584	DB06584	DrugBank	https://go.drugbank.com/drugs/DB06584	Tg4010
DrugBank_DB03633	DB03633	DrugBank	https://go.drugbank.com/drugs/DB03633	Lpc-ether
DrugBank_DB11217	DB11217	DrugBank	https://go.drugbank.com/drugs/DB11217	Arbutin
DrugBank_DB03203	DB03203	DrugBank	https://go.drugbank.com/drugs/DB03203	Sphingosine
DrugBank_DB13739	DB13739	DrugBank	https://go.drugbank.com/drugs/DB13739	Penamecillin
DrugBank_DB11620	DB11620	DrugBank	https://go.drugbank.com/drugs/DB11620	Neridronic Acid
DrugBank_DB13728	DB13728	DrugBank	https://go.drugbank.com/drugs/DB13728	Halometasone
DrugBank_DB09266	DB09266	DrugBank	https://go.drugbank.com/drugs/DB09266	Technetium Tc-99m Tilmanocept
DrugBank_DB04844	DB04844	DrugBank	https://go.drugbank.com/drugs/DB04844	Tetrabenazine
DrugBank_DB00734	DB00734	DrugBank	https://go.drugbank.com/drugs/DB00734	Risperidone
DrugBank_DB11401	DB11401	DrugBank	https://go.drugbank.com/drugs/DB11401	Efrotomycin
DrugBank_DB13929	DB13929	DrugBank	https://go.drugbank.com/drugs/DB13929	Relcovaptan
DrugBank_DB08810	DB08810	DrugBank	https://go.drugbank.com/drugs/DB08810	Cinitapride
DrugBank_DB00940	DB00940	DrugBank	https://go.drugbank.com/drugs/DB00940	Methantheline
DrugBank_DB12482	DB12482	DrugBank	https://go.drugbank.com/drugs/DB12482	Acotiamide
DrugBank_DB01819	DB01819	DrugBank	https://go.drugbank.com/drugs/DB01819	Phosphoenolpyruvate
DrugBank_DB01082	DB01082	DrugBank	https://go.drugbank.com/drugs/DB01082	Streptomycin
DrugBank_DB06245	DB06245	DrugBank	https://go.drugbank.com/drugs/DB06245	Lanoteplase
DrugBank_DB02942	DB02942	DrugBank	https://go.drugbank.com/drugs/DB02942	Inositol 1,3-bisphosphate
DrugBank_DB13433	DB13433	DrugBank	https://go.drugbank.com/drugs/DB13433	Simfibrate
DrugBank_DB11198	DB11198	DrugBank	https://go.drugbank.com/drugs/DB11198	Peppermint Oil
DrugBank_DB00108	DB00108	DrugBank	https://go.drugbank.com/drugs/DB00108	Natalizumab
DrugBank_DB13892	DB13892	DrugBank	https://go.drugbank.com/drugs/DB13892	Crotalus Atrox Antivenin
DrugBank_DB09100	DB09100	DrugBank	https://go.drugbank.com/drugs/DB09100	Thyroid, Porcine
DrugBank_DB03349	DB03349	DrugBank	https://go.drugbank.com/drugs/DB03349	8-bromo-adenosine-5'-monophosphate
DrugBank_DB03800	DB03800	DrugBank	https://go.drugbank.com/drugs/DB03800	Deoxyuridine Monophosphate
DrugBank_DB01230	DB01230	DrugBank	https://go.drugbank.com/drugs/DB01230	Pemoline
DrugBank_DB12466	DB12466	DrugBank	https://go.drugbank.com/drugs/DB12466	Favipiravir
DrugBank_DB02262	DB02262	DrugBank	https://go.drugbank.com/drugs/DB02262	Orotic Acid
DrugBank_DB10379	DB10379	DrugBank	https://go.drugbank.com/drugs/DB10379	Dactylis Glomerata Pollen
DrugBank_DB07383	DB07383	DrugBank	https://go.drugbank.com/drugs/DB07383	N-(1-benzyl-3,3,3-trifluoro-2,2-dihydroxy-propyl)-acetamide
DrugBank_DB12901	DB12901	DrugBank	https://go.drugbank.com/drugs/DB12901	Fiacitabine
DrugBank_DB07660	DB07660	DrugBank	https://go.drugbank.com/drugs/DB07660	Ac-(d)phe-pro-borohomoornithine-oh
DrugBank_DB01111	DB01111	DrugBank	https://go.drugbank.com/drugs/DB01111	Colistimethate
DrugBank_DB02056	DB02056	DrugBank	https://go.drugbank.com/drugs/DB02056	Prostaglandin D2
DrugBank_DB07646	DB07646	DrugBank	https://go.drugbank.com/drugs/DB07646	Undecylamine-n,n-dimethyl-n-oxide
DrugBank_DB00903	DB00903	DrugBank	https://go.drugbank.com/drugs/DB00903	Etacrynic Acid
DrugBank_DB13953	DB13953	DrugBank	https://go.drugbank.com/drugs/DB13953	Estradiol Benzoate
DrugBank_DB02952	DB02952	DrugBank	https://go.drugbank.com/drugs/DB02952	2-aminoisobutyric Acid
DrugBank_DB12921	DB12921	DrugBank	https://go.drugbank.com/drugs/DB12921	Chlorsulfaquinoxaline
DrugBank_DB07932	DB07932	DrugBank	https://go.drugbank.com/drugs/DB07932	Dimethyl (1r,4s)-5,6-bis(4-hydroxyphenyl)-7-oxabicyclo[2.2.1]hepta-2,5-diene-2,3-dicarboxylate
DrugBank_DB06851	DB06851	DrugBank	https://go.drugbank.com/drugs/DB06851	N-(pyridin-3-ylmethyl)aniline
DrugBank_DB01059	DB01059	DrugBank	https://go.drugbank.com/drugs/DB01059	Norfloxacin
DrugBank_DB13854	DB13854	DrugBank	https://go.drugbank.com/drugs/DB13854	Gamolenic Acid
DrugBank_DB11805	DB11805	DrugBank	https://go.drugbank.com/drugs/DB11805	Saracatinib
DrugBank_DB07789	DB07789	DrugBank	https://go.drugbank.com/drugs/DB07789	1-[5-methyl-2-(trifluoromethyl)furan-3-yl]-3-[5-[2-[[6-(1h-1,2,4-triazol-5-ylamino)pyrimidin-4-yl]amino]ethyl]-1,3-thiazol-2-yl]urea
DrugBank_DB08998	DB08998	DrugBank	https://go.drugbank.com/drugs/DB08998	Demexiptiline
DrugBank_DB11808	DB11808	DrugBank	https://go.drugbank.com/drugs/DB11808	Faldaprevir
DrugBank_DB02873	DB02873	DrugBank	https://go.drugbank.com/drugs/DB02873	1-(2,6-dichlorophenyl)-5-(2,4-difluorophenyl)-7-piperazin-1-yl-3,4-dihydroquinazolin-2(1h)-one
DrugBank_DB02607	DB02607	DrugBank	https://go.drugbank.com/drugs/DB02607	Adenosine Phosphonoacetic Acid
DrugBank_DB05149	DB05149	DrugBank	https://go.drugbank.com/drugs/DB05149	Xl844
DrugBank_DB04932	DB04932	DrugBank	https://go.drugbank.com/drugs/DB04932	Defibrotide
DrugBank_DB01091	DB01091	DrugBank	https://go.drugbank.com/drugs/DB01091	Butenafine
DrugBank_DB06786	DB06786	DrugBank	https://go.drugbank.com/drugs/DB06786	Halcinonide
DrugBank_DB07264	DB07264	DrugBank	https://go.drugbank.com/drugs/DB07264	(s)-n-(1-(3-chloro-4-fluorophenyl)-2-hydroxyethyl)-4-(4-(3-chlorophenyl)-1h-pyrazol-3-yl)-1h-pyrrole-2-carboxamide
DrugBank_DB00015	DB00015	DrugBank	https://go.drugbank.com/drugs/DB00015	Reteplase
DrugBank_DB02602	DB02602	DrugBank	https://go.drugbank.com/drugs/DB02602	Al7182
DrugBank_DB08099	DB08099	DrugBank	https://go.drugbank.com/drugs/DB08099	6-ethyl-5-[(2s)-1-(3-methoxypropyl)-2-phenyl-1,2,3,4-tetrahydroquinolin-7-yl]pyrimidine-2,4-diamine
DrugBank_DB01495	DB01495	DrugBank	https://go.drugbank.com/drugs/DB01495	Dichloralphenazone
DrugBank_DB06969	DB06969	DrugBank	https://go.drugbank.com/drugs/DB06969	2-amino-4-[2,4-dichloro-5-(2-pyrrolidin-1-ylethoxy)phenyl]-n-ethylthieno[2,3-d]pyrimidine-6-carboxamide
DrugBank_DB08708	DB08708	DrugBank	https://go.drugbank.com/drugs/DB08708	N-cyclohexyl-3-[3-(trifluoromethyl)phenyl][1,2,4]triazolo[4,3-b]pyridazin-6-amine
DrugBank_DB01988	DB01988	DrugBank	https://go.drugbank.com/drugs/DB01988	6((s)-3-benzylpiperazin-1-yl)-3-(naphthalen-2-yl)-4-(pyridin-4-yl)pyrazine
DrugBank_DB03738	DB03738	DrugBank	https://go.drugbank.com/drugs/DB03738	Pantothenoylaminoethenethiol
DrugBank_DB00421	DB00421	DrugBank	https://go.drugbank.com/drugs/DB00421	Spironolactone
DrugBank_DB08538	DB08538	DrugBank	https://go.drugbank.com/drugs/DB08538	N-((2-aminopyrimidin-5-yl)methyl)-5-(2,6-difluorophenyl)-3-ethylpyrazolo[1,5-a]pyrimidin-7-amine
DrugBank_DB12846	DB12846	DrugBank	https://go.drugbank.com/drugs/DB12846	Reproterol
DrugBank_DB00182	DB00182	DrugBank	https://go.drugbank.com/drugs/DB00182	Amphetamine
DrugBank_DB00879	DB00879	DrugBank	https://go.drugbank.com/drugs/DB00879	Emtricitabine
DrugBank_DB12593	DB12593	DrugBank	https://go.drugbank.com/drugs/DB12593	Apaziquone
DrugBank_DB01133	DB01133	DrugBank	https://go.drugbank.com/drugs/DB01133	Tiludronic Acid
DrugBank_DB03793	DB03793	DrugBank	https://go.drugbank.com/drugs/DB03793	Benzoic Acid
DrugBank_DB03003	DB03003	DrugBank	https://go.drugbank.com/drugs/DB03003	Glutathione Sulfonic Acid
DrugBank_DB11630	DB11630	DrugBank	https://go.drugbank.com/drugs/DB11630	Temoporfin
DrugBank_DB06920	DB06920	DrugBank	https://go.drugbank.com/drugs/DB06920	Eribaxaban
DrugBank_DB05494	DB05494	DrugBank	https://go.drugbank.com/drugs/DB05494	Elacytarabine
DrugBank_DB13757	DB13757	DrugBank	https://go.drugbank.com/drugs/DB13757	Epanolol
DrugBank_DB04950	DB04950	DrugBank	https://go.drugbank.com/drugs/DB04950	Ranpirnase
DrugBank_DB15657	DB15657	DrugBank	https://go.drugbank.com/drugs/DB15657	Ala-geninthiocin
DrugBank_DB11642	DB11642	DrugBank	https://go.drugbank.com/drugs/DB11642	Pitolisant
DrugBank_DB03663	DB03663	DrugBank	https://go.drugbank.com/drugs/DB03663	1-[(2-amino-6,9-dihydro-1h-purin-6-yl)oxy]-3-methyl-2-butanol
DrugBank_DB00963	DB00963	DrugBank	https://go.drugbank.com/drugs/DB00963	Bromfenac
DrugBank_DB13781	DB13781	DrugBank	https://go.drugbank.com/drugs/DB13781	Xamoterol
DrugBank_DB07149	DB07149	DrugBank	https://go.drugbank.com/drugs/DB07149	(7s)-2-(2-aminopyrimidin-4-yl)-7-(2-fluoroethyl)-1,5,6,7-tetrahydro-4h-pyrrolo[3,2-c]pyridin-4-one
DrugBank_DB07855	DB07855	DrugBank	https://go.drugbank.com/drugs/DB07855	(s)-1-phenyl-1-[4-(9h-purin-6-yl)phenyl]methanamine
DrugBank_DB00472	DB00472	DrugBank	https://go.drugbank.com/drugs/DB00472	Fluoxetine
DrugBank_DB05532	DB05532	DrugBank	https://go.drugbank.com/drugs/DB05532	Bms-488043
DrugBank_DB00634	DB00634	DrugBank	https://go.drugbank.com/drugs/DB00634	Sulfacetamide
DrugBank_DB01076	DB01076	DrugBank	https://go.drugbank.com/drugs/DB01076	Atorvastatin
DrugBank_DB09018	DB09018	DrugBank	https://go.drugbank.com/drugs/DB09018	Bromopride
DrugBank_DB12699	DB12699	DrugBank	https://go.drugbank.com/drugs/DB12699	Balugrastim
DrugBank_DB01623	DB01623	DrugBank	https://go.drugbank.com/drugs/DB01623	Thiothixene
DrugBank_DB11387	DB11387	DrugBank	https://go.drugbank.com/drugs/DB11387	Chloroform
DrugBank_DB05374	DB05374	DrugBank	https://go.drugbank.com/drugs/DB05374	Rindopepimut
DrugBank_DB12097	DB12097	DrugBank	https://go.drugbank.com/drugs/DB12097	Mannitol Busulfan
DrugBank_DB13166	DB13166	DrugBank	https://go.drugbank.com/drugs/DB13166	Zofenopril
DrugBank_DB01080	DB01080	DrugBank	https://go.drugbank.com/drugs/DB01080	Vigabatrin
DrugBank_DB07165	DB07165	DrugBank	https://go.drugbank.com/drugs/DB07165	N-(5-chloro-benzo[b]thiophen-3-ylmethyl)-2-[6-chloro-oxo-3-(2-pyridin-2-yl-ethylamino)-2h-pyrazin-1-yl]-acetamide
DrugBank_DB04721	DB04721	DrugBank	https://go.drugbank.com/drugs/DB04721	N1,n2-ethylene-2-methylamino-4,5,6,7-tetrabromo-benzimidazole
DrugBank_DB05662	DB05662	DrugBank	https://go.drugbank.com/drugs/DB05662	Np-50301
DrugBank_DB11102	DB11102	DrugBank	https://go.drugbank.com/drugs/DB11102	N-acetyltyrosine
DrugBank_DB01117	DB01117	DrugBank	https://go.drugbank.com/drugs/DB01117	Atovaquone
DrugBank_DB11634	DB11634	DrugBank	https://go.drugbank.com/drugs/DB11634	Colestilan Chloride
DrugBank_DB09422	DB09422	DrugBank	https://go.drugbank.com/drugs/DB09422	Soybean Oil
DrugBank_DB00869	DB00869	DrugBank	https://go.drugbank.com/drugs/DB00869	Dorzolamide
DrugBank_DB06828	DB06828	DrugBank	https://go.drugbank.com/drugs/DB06828	5-[2-(1h-pyrrol-1-yl)ethoxy]-1h-indole
DrugBank_DB05264	DB05264	DrugBank	https://go.drugbank.com/drugs/DB05264	Npi 32101
DrugBank_DB03374	DB03374	DrugBank	https://go.drugbank.com/drugs/DB03374	3,5-diiodotyrosine
DrugBank_DB00672	DB00672	DrugBank	https://go.drugbank.com/drugs/DB00672	Chlorpropamide
DrugBank_DB07252	DB07252	DrugBank	https://go.drugbank.com/drugs/DB07252	3-({4-[(5-chloro-1,3-benzodioxol-4-yl)amino]pyrimidin-2-yl}amino)benzenesulfonamide
DrugBank_DB02395	DB02395	DrugBank	https://go.drugbank.com/drugs/DB02395	3-hydroxymethyl-5-aziridinyl-1methyl-2-[1h-indole-4,7-dione]-propanol
DrugBank_DB05578	DB05578	DrugBank	https://go.drugbank.com/drugs/DB05578	Ramucirumab
DrugBank_DB01403	DB01403	DrugBank	https://go.drugbank.com/drugs/DB01403	Methotrimeprazine
DrugBank_DB12551	DB12551	DrugBank	https://go.drugbank.com/drugs/DB12551	Idazoxan
DrugBank_DB03297	DB03297	DrugBank	https://go.drugbank.com/drugs/DB03297	Benzylsulfonic Acid
DrugBank_DB13407	DB13407	DrugBank	https://go.drugbank.com/drugs/DB13407	Nifenazone
DrugBank_DB03560	DB03560	DrugBank	https://go.drugbank.com/drugs/DB03560	P-hydroxybenzaldehyde
DrugBank_DB07829	DB07829	DrugBank	https://go.drugbank.com/drugs/DB07829	4-[3-(4-fluorophenyl)-1h-pyrazol-4-yl]pyridine
DrugBank_DB07026	DB07026	DrugBank	https://go.drugbank.com/drugs/DB07026	(1s,5s,7r)-n~7~-(biphenyl-4-ylmethyl)-n~3~-hydroxy-6,8-dioxa-3-azabicyclo[3.2.1]octane-3,7-dicarboxamide
DrugBank_DB01547	DB01547	DrugBank	https://go.drugbank.com/drugs/DB01547	Drotebanol
DrugBank_DB13717	DB13717	DrugBank	https://go.drugbank.com/drugs/DB13717	Phenothrin
DrugBank_DB01820	DB01820	DrugBank	https://go.drugbank.com/drugs/DB01820	2-{[4-(2-acetylamino-2-pentylcarbamoyl-ethyl)-naphthalen-1-yl]-oxalyl-amino}-benzoic Acid
DrugBank_DB06538	DB06538	DrugBank	https://go.drugbank.com/drugs/DB06538	Robalzotan
DrugBank_DB01121	DB01121	DrugBank	https://go.drugbank.com/drugs/DB01121	Phenacemide
DrugBank_DB07300	DB07300	DrugBank	https://go.drugbank.com/drugs/DB07300	2-(1h-imidazol-1-yl)-9-methoxy-8-(2-methoxyethoxy)benzo[c][2,7]naphthyridin-4-amine
DrugBank_DB00442	DB00442	DrugBank	https://go.drugbank.com/drugs/DB00442	Entecavir
DrugBank_DB11075	DB11075	DrugBank	https://go.drugbank.com/drugs/DB11075	Hypromellose
DrugBank_DB04272	DB04272	DrugBank	https://go.drugbank.com/drugs/DB04272	Citric Acid
DrugBank_DB12404	DB12404	DrugBank	https://go.drugbank.com/drugs/DB12404	Remimazolam
DrugBank_DB11742	DB11742	DrugBank	https://go.drugbank.com/drugs/DB11742	Ebastine
DrugBank_DB00767	DB00767	DrugBank	https://go.drugbank.com/drugs/DB00767	Benzquinamide
DrugBank_DB02742	DB02742	DrugBank	https://go.drugbank.com/drugs/DB02742	Kifunensine
DrugBank_DB01977	DB01977	DrugBank	https://go.drugbank.com/drugs/DB01977	6-(n-phenylcarbamyl)-2-naphthalenecarboxamidine
DrugBank_DB15654	DB15654	DrugBank	https://go.drugbank.com/drugs/DB15654	Mrna-1273
DrugBank_DB07294	DB07294	DrugBank	https://go.drugbank.com/drugs/DB07294	3-fluoro-4-[2-hydroxy-2-(5,5,8,8-tetramethyl-5,6,7,8,-tetrahydro-naphtalen-2-yl)-acetylamino]-benzoic Acid
DrugBank_DB05418	DB05418	DrugBank	https://go.drugbank.com/drugs/DB05418	Gw 597599
DrugBank_DB03253	DB03253	DrugBank	https://go.drugbank.com/drugs/DB03253	(2s)-pyrrolidin-2-ylmethylamine
DrugBank_DB12753	DB12753	DrugBank	https://go.drugbank.com/drugs/DB12753	Racivir
DrugBank_DB06827	DB06827	DrugBank	https://go.drugbank.com/drugs/DB06827	Viomycin
DrugBank_DB02245	DB02245	DrugBank	https://go.drugbank.com/drugs/DB02245	7-deazaguanine
DrugBank_DB00974	DB00974	DrugBank	https://go.drugbank.com/drugs/DB00974	Edetic Acid
DrugBank_DB08782	DB08782	DrugBank	https://go.drugbank.com/drugs/DB08782	4-(2-aminoethyl)benzenesulfonamide
DrugBank_DB01227	DB01227	DrugBank	https://go.drugbank.com/drugs/DB01227	Levacetylmethadol
DrugBank_DB03951	DB03951	DrugBank	https://go.drugbank.com/drugs/DB03951	N-acetyl-d-glucosamine-6-phosphate
DrugBank_DB06848	DB06848	DrugBank	https://go.drugbank.com/drugs/DB06848	1-(1'-{[3-(methylsulfanyl)-2-benzothiophen-1-yl]carbonyl}spiro[1-benzofuran-3,4'-piperidin]-5-yl)methanamine
DrugBank_DB01805	DB01805	DrugBank	https://go.drugbank.com/drugs/DB01805	Monoisopropylphosphorylserine
DrugBank_DB00719	DB00719	DrugBank	https://go.drugbank.com/drugs/DB00719	Azatadine
DrugBank_DB06871	DB06871	DrugBank	https://go.drugbank.com/drugs/DB06871	17-methyl-17-alpha-dihydroequilenin
DrugBank_DB02774	DB02774	DrugBank	https://go.drugbank.com/drugs/DB02774	1,3-propanediol
DrugBank_DB04908	DB04908	DrugBank	https://go.drugbank.com/drugs/DB04908	Flibanserin
DrugBank_DB11707	DB11707	DrugBank	https://go.drugbank.com/drugs/DB11707	Olaptesed Pegol
DrugBank_DB06999	DB06999	DrugBank	https://go.drugbank.com/drugs/DB06999	Plx-4720
DrugBank_DB13924	DB13924	DrugBank	https://go.drugbank.com/drugs/DB13924	Varicella Zoster Vaccine (recombinant)
DrugBank_DB01575	DB01575	DrugBank	https://go.drugbank.com/drugs/DB01575	Kaolin
DrugBank_DB06933	DB06933	DrugBank	https://go.drugbank.com/drugs/DB06933	N-(tert-butyl)-4-[5-(pyridin-2-ylamino)quinolin-3-yl]benzenesulfonamide
DrugBank_DB04156	DB04156	DrugBank	https://go.drugbank.com/drugs/DB04156	Aspartate Beryllium Trifluoride
DrugBank_DB11556	DB11556	DrugBank	https://go.drugbank.com/drugs/DB11556	Detomidine
DrugBank_DB00394	DB00394	DrugBank	https://go.drugbank.com/drugs/DB00394	Beclomethasone Dipropionate
DrugBank_DB02498	DB02498	DrugBank	https://go.drugbank.com/drugs/DB02498	Carba-nicotinamide-adenine-dinucleotide
DrugBank_DB11458	DB11458	DrugBank	https://go.drugbank.com/drugs/DB11458	Roxarsone
DrugBank_DB00831	DB00831	DrugBank	https://go.drugbank.com/drugs/DB00831	Trifluoperazine
DrugBank_DB14600	DB14600	DrugBank	https://go.drugbank.com/drugs/DB14600	Edetate Disodium Anhydrous
DrugBank_DB13908	DB13908	DrugBank	https://go.drugbank.com/drugs/DB13908	Amylmetacresol
DrugBank_DB14908	DB14908	DrugBank	https://go.drugbank.com/drugs/DB14908	Refanezumab
DrugBank_DB14881	DB14881	DrugBank	https://go.drugbank.com/drugs/DB14881	Oliceridine
DrugBank_DB02745	DB02745	DrugBank	https://go.drugbank.com/drugs/DB02745	Uridine
DrugBank_DB01454	DB01454	DrugBank	https://go.drugbank.com/drugs/DB01454	Midomafetamine
DrugBank_DB04754	DB04754	DrugBank	https://go.drugbank.com/drugs/DB04754	Guanosine-2',3'-o-ethylidenephosphonate
DrugBank_DB01609	DB01609	DrugBank	https://go.drugbank.com/drugs/DB01609	Deferasirox
DrugBank_DB04200	DB04200	DrugBank	https://go.drugbank.com/drugs/DB04200	Matairesinol
DrugBank_DB11574	DB11574	DrugBank	https://go.drugbank.com/drugs/DB11574	Elbasvir
DrugBank_DB00315	DB00315	DrugBank	https://go.drugbank.com/drugs/DB00315	Zolmitriptan
DrugBank_DB07608	DB07608	DrugBank	https://go.drugbank.com/drugs/DB07608	N-(5-{[(2s)-4-amino-2-(3-chlorophenyl)butanoyl]amino}-1h-indazol-3-yl)benzamide
DrugBank_DB14644	DB14644	DrugBank	https://go.drugbank.com/drugs/DB14644	Methylprednisolone Hemisuccinate
DrugBank_DB00782	DB00782	DrugBank	https://go.drugbank.com/drugs/DB00782	Propantheline
DrugBank_DB08385	DB08385	DrugBank	https://go.drugbank.com/drugs/DB08385	4-(quinolin-3-ylmethyl)piperidine-1-carboxylic Acid
DrugBank_DB08333	DB08333	DrugBank	https://go.drugbank.com/drugs/DB08333	4-hydroxybenzaldehyde O-(cyclohexylcarbonyl)oxime
DrugBank_DB00066	DB00066	DrugBank	https://go.drugbank.com/drugs/DB00066	Follitropin
DrugBank_DB08847	DB08847	DrugBank	https://go.drugbank.com/drugs/DB08847	Hydroxyproline
DrugBank_DB08790	DB08790	DrugBank	https://go.drugbank.com/drugs/DB08790	1-phenyl-1h-pyrazole-4-carboxylic Acid
DrugBank_DB03572	DB03572	DrugBank	https://go.drugbank.com/drugs/DB03572	Fr230513
DrugBank_DB09091	DB09091	DrugBank	https://go.drugbank.com/drugs/DB09091	Tixocortol
DrugBank_DB00272	DB00272	DrugBank	https://go.drugbank.com/drugs/DB00272	Betazole
DrugBank_DB07612	DB07612	DrugBank	https://go.drugbank.com/drugs/DB07612	6-(3-aminophenyl)-n-(tert-butyl)-2-(trifluoromethyl)quinazolin-4-amine
DrugBank_DB09250	DB09250	DrugBank	https://go.drugbank.com/drugs/DB09250	Pheniprazine
DrugBank_DB00653	DB00653	DrugBank	https://go.drugbank.com/drugs/DB00653	Magnesium Sulfate
DrugBank_DB03367	DB03367	DrugBank	https://go.drugbank.com/drugs/DB03367	Pf-00356231
DrugBank_DB00813	DB00813	DrugBank	https://go.drugbank.com/drugs/DB00813	Fentanyl
DrugBank_DB03085	DB03085	DrugBank	https://go.drugbank.com/drugs/DB03085	Glycolic Acid
DrugBank_DB14077	DB14077	DrugBank	https://go.drugbank.com/drugs/DB14077	Magnesium Stearate
DrugBank_DB05141	DB05141	DrugBank	https://go.drugbank.com/drugs/DB05141	Ly2181308
DrugBank_DB01156	DB01156	DrugBank	https://go.drugbank.com/drugs/DB01156	Bupropion
DrugBank_DB13527	DB13527	DrugBank	https://go.drugbank.com/drugs/DB13527	Proglumetacin
DrugBank_DB08137	DB08137	DrugBank	https://go.drugbank.com/drugs/DB08137	(4e)-n-(4-fluorophenyl)-4-[(phenylcarbonyl)imino]-4h-pyrazole-3-carboxamide
DrugBank_DB01782	DB01782	DrugBank	https://go.drugbank.com/drugs/DB01782	Pyrazolanthrone
DrugBank_DB08856	DB08856	DrugBank	https://go.drugbank.com/drugs/DB08856	Dadle
DrugBank_DB00817	DB00817	DrugBank	https://go.drugbank.com/drugs/DB00817	Rosoxacin
DrugBank_DB06602	DB06602	DrugBank	https://go.drugbank.com/drugs/DB06602	Reslizumab
DrugBank_DB08374	DB08374	DrugBank	https://go.drugbank.com/drugs/DB08374	Phenylalanylmethylchloride
DrugBank_DB04088	DB04088	DrugBank	https://go.drugbank.com/drugs/DB04088	2-[{4-[(2s)-2-{[(allyloxy)carbonyl]amino}-3-({4-[3-hydroxy-2-(methoxycarbonyl)phenoxy]butyl}amino)-3-oxopropyl]phenyl}(carboxycarbonyl)amino]benzoic Acid
DrugBank_DB11661	DB11661	DrugBank	https://go.drugbank.com/drugs/DB11661	Eptacog Alfa Pegol (activated)
DrugBank_DB00521	DB00521	DrugBank	https://go.drugbank.com/drugs/DB00521	Carteolol
DrugBank_DB03910	DB03910	DrugBank	https://go.drugbank.com/drugs/DB03910	S,s'-(1,3-phenylene-bis(1,2-ethanediyl))bis-isothiourea
DrugBank_DB08249	DB08249	DrugBank	https://go.drugbank.com/drugs/DB08249	3,6,9,12,15-pentaoxatricosan-1-ol
DrugBank_DB02822	DB02822	DrugBank	https://go.drugbank.com/drugs/DB02822	Para-bromobenzyl Alcohol
DrugBank_DB01283	DB01283	DrugBank	https://go.drugbank.com/drugs/DB01283	Lumiracoxib
DrugBank_DB08233	DB08233	DrugBank	https://go.drugbank.com/drugs/DB08233	6-cyclohexylmethyloxy-2-(4'-hydroxyanilino)purine
DrugBank_DB13871	DB13871	DrugBank	https://go.drugbank.com/drugs/DB13871	Albendazole Oxide
DrugBank_DB02568	DB02568	DrugBank	https://go.drugbank.com/drugs/DB02568	Peldesine
DrugBank_DB02016	DB02016	DrugBank	https://go.drugbank.com/drugs/DB02016	R048-8071
DrugBank_DB03609	DB03609	DrugBank	https://go.drugbank.com/drugs/DB03609	3'-deoxyguanosine
DrugBank_DB06156	DB06156	DrugBank	https://go.drugbank.com/drugs/DB06156	Tesofensine
DrugBank_DB00416	DB00416	DrugBank	https://go.drugbank.com/drugs/DB00416	Metocurine Iodide
DrugBank_DB06865	DB06865	DrugBank	https://go.drugbank.com/drugs/DB06865	6-carbamimidoyl-2-[2-hydroxy-6-(4-hydroxy-phenyl)-indan-1-yl]-hexanoic Acid
DrugBank_DB04760	DB04760	DrugBank	https://go.drugbank.com/drugs/DB04760	Pyrimidine-4,6-dicarboxylic Acid Bis-(4-fluoro-3-methyl-benzylamide)
DrugBank_DB00925	DB00925	DrugBank	https://go.drugbank.com/drugs/DB00925	Phenoxybenzamine
DrugBank_DB00122	DB00122	DrugBank	https://go.drugbank.com/drugs/DB00122	Choline
DrugBank_DB00723	DB00723	DrugBank	https://go.drugbank.com/drugs/DB00723	Methoxamine
DrugBank_DB06586	DB06586	DrugBank	https://go.drugbank.com/drugs/DB06586	Cetilistat
DrugBank_DB04218	DB04218	DrugBank	https://go.drugbank.com/drugs/DB04218	1-deaza-adenosine
DrugBank_DB13294	DB13294	DrugBank	https://go.drugbank.com/drugs/DB13294	Azidamfenicol
DrugBank_DB01908	DB01908	DrugBank	https://go.drugbank.com/drugs/DB01908	Ru85493
DrugBank_DB07235	DB07235	DrugBank	https://go.drugbank.com/drugs/DB07235	N-[(1s)-2-amino-1-(2,4-dichlorobenzyl)ethyl]-5-[2-(methylamino)pyrimidin-4-yl]thiophene-2-carboxamide
DrugBank_DB00793	DB00793	DrugBank	https://go.drugbank.com/drugs/DB00793	Haloprogin
DrugBank_DB04050	DB04050	DrugBank	https://go.drugbank.com/drugs/DB04050	N-propyl Isocyanide
DrugBank_DB04775	DB04775	DrugBank	https://go.drugbank.com/drugs/DB04775	Reidispongiolide C
DrugBank_DB00701	DB00701	DrugBank	https://go.drugbank.com/drugs/DB00701	Amprenavir
DrugBank_DB13786	DB13786	DrugBank	https://go.drugbank.com/drugs/DB13786	Magnesium Orotate
DrugBank_DB00791	DB00791	DrugBank	https://go.drugbank.com/drugs/DB00791	Uracil Mustard
DrugBank_DB08911	DB08911	DrugBank	https://go.drugbank.com/drugs/DB08911	Trametinib
DrugBank_DB02756	DB02756	DrugBank	https://go.drugbank.com/drugs/DB02756	Pyroquilon
DrugBank_DB06754	DB06754	DrugBank	https://go.drugbank.com/drugs/DB06754	Danaparoid
DrugBank_DB00625	DB00625	DrugBank	https://go.drugbank.com/drugs/DB00625	Efavirenz
DrugBank_DB13423	DB13423	DrugBank	https://go.drugbank.com/drugs/DB13423	Ferric Hydroxide
DrugBank_DB04893	DB04893	DrugBank	https://go.drugbank.com/drugs/DB04893	Azd3409
DrugBank_DB04576	DB04576	DrugBank	https://go.drugbank.com/drugs/DB04576	Fleroxacin
DrugBank_DB00740	DB00740	DrugBank	https://go.drugbank.com/drugs/DB00740	Riluzole
DrugBank_DB06876	DB06876	DrugBank	https://go.drugbank.com/drugs/DB06876	N-{5-[4-(4-methylpiperazin-1-yl)phenyl]-1h-pyrrolo[2,3-b]pyridin-3-yl}nicotinamide
DrugBank_DB08060	DB08060	DrugBank	https://go.drugbank.com/drugs/DB08060	4-(2-aminophenyl)-4-oxobutanoic Acid
DrugBank_DB08539	DB08539	DrugBank	https://go.drugbank.com/drugs/DB08539	3-cyclopropyl-5-phenyl-n-(pyridin-3-ylmethyl)pyrazolo[1,5-a]pyrimidin-7-amine
DrugBank_DB08097	DB08097	DrugBank	https://go.drugbank.com/drugs/DB08097	2-(2,6-difluorophenoxy)-n-(2-fluorophenyl)-9-isopropyl-9h-purin-8-amine
DrugBank_DB03756	DB03756	DrugBank	https://go.drugbank.com/drugs/DB03756	Doconexent
DrugBank_DB05779	DB05779	DrugBank	https://go.drugbank.com/drugs/DB05779	Oglufanide
DrugBank_DB09066	DB09066	DrugBank	https://go.drugbank.com/drugs/DB09066	Corifollitropin Alfa
DrugBank_DB04338	DB04338	DrugBank	https://go.drugbank.com/drugs/DB04338	Sb220025
DrugBank_DB02087	DB02087	DrugBank	https://go.drugbank.com/drugs/DB02087	3,5-difluorobenzenesulfonamide
DrugBank_DB08795	DB08795	DrugBank	https://go.drugbank.com/drugs/DB08795	Azidocillin
DrugBank_DB02948	DB02948	DrugBank	https://go.drugbank.com/drugs/DB02948	Fosmidomycin
DrugBank_DB10584	DB10584	DrugBank	https://go.drugbank.com/drugs/DB10584	Corynebacterium Diphtheriae Toxoid Antigen (formaldehyde Inactivated)
DrugBank_DB03039	DB03039	DrugBank	https://go.drugbank.com/drugs/DB03039	4-(aminosulfonyl)-n-[(2,5-difluorophenyl)methyl]-benzamide
DrugBank_DB06789	DB06789	DrugBank	https://go.drugbank.com/drugs/DB06789	Hydroxyprogesterone Caproate
DrugBank_DB09165	DB09165	DrugBank	https://go.drugbank.com/drugs/DB09165	Technetium Tc-99m Pyrophosphate
DrugBank_DB01175	DB01175	DrugBank	https://go.drugbank.com/drugs/DB01175	Escitalopram
DrugBank_DB05905	DB05905	DrugBank	https://go.drugbank.com/drugs/DB05905	Td-2749
DrugBank_DB13910	DB13910	DrugBank	https://go.drugbank.com/drugs/DB13910	Valproate Bismuth
DrugBank_DB04141	DB04141	DrugBank	https://go.drugbank.com/drugs/DB04141	2-hexyloxy-6-hydroxymethyl-tetrahydro-pyran-3,4,5-triol
DrugBank_DB12996	DB12996	DrugBank	https://go.drugbank.com/drugs/DB12996	Acteoside
DrugBank_DB08035	DB08035	DrugBank	https://go.drugbank.com/drugs/DB08035	1-tert-butyl-3-(2,5-dimethylbenzyl)-1h-pyrazolo[3,4-d]pyrimidin-4-amine
DrugBank_DB06817	DB06817	DrugBank	https://go.drugbank.com/drugs/DB06817	Raltegravir
DrugBank_DB13578	DB13578	DrugBank	https://go.drugbank.com/drugs/DB13578	Metabutethamine
DrugBank_DB02458	DB02458	DrugBank	https://go.drugbank.com/drugs/DB02458	S-(2,4-dinitrophenyl)glutathione
DrugBank_DB04875	DB04875	DrugBank	https://go.drugbank.com/drugs/DB04875	Pralnacasan
DrugBank_DB00647	DB00647	DrugBank	https://go.drugbank.com/drugs/DB00647	Dextropropoxyphene
DrugBank_DB09004	DB09004	DrugBank	https://go.drugbank.com/drugs/DB09004	Clobutinol
DrugBank_DB01604	DB01604	DrugBank	https://go.drugbank.com/drugs/DB01604	Pivampicillin
DrugBank_DB08448	DB08448	DrugBank	https://go.drugbank.com/drugs/DB08448	(4as)-5-[(2,4-diaminopteridin-6-yl)methyl]-4a,5-dihydro-2h-dibenzo[b,f]azepin-8-ol
DrugBank_DB14652	DB14652	DrugBank	https://go.drugbank.com/drugs/DB14652	Clocortolone Acetate
DrugBank_DB08127	DB08127	DrugBank	https://go.drugbank.com/drugs/DB08127	1,3,3-trimethyl-2-[(1e,3e)-3-methylpenta-1,3-dien-1-yl]cyclohexene
DrugBank_DB06103	DB06103	DrugBank	https://go.drugbank.com/drugs/DB06103	Vx-148
DrugBank_DB02691	DB02691	DrugBank	https://go.drugbank.com/drugs/DB02691	Glycocholic Acid
DrugBank_DB08730	DB08730	DrugBank	https://go.drugbank.com/drugs/DB08730	3-fluoro-5-morpholin-4-yl-n-[1-(2-pyridin-4-ylethyl)-1h-indol-6-yl]benzamide
DrugBank_DB15427	DB15427	DrugBank	https://go.drugbank.com/drugs/DB15427	Fialuridine
DrugBank_DB07593	DB07593	DrugBank	https://go.drugbank.com/drugs/DB07593	1-(phenylmethyl)cyclopentyl[(1s)-1-formylpentyl]carbamate
DrugBank_DB00438	DB00438	DrugBank	https://go.drugbank.com/drugs/DB00438	Ceftazidime
DrugBank_DB10804	DB10804	DrugBank	https://go.drugbank.com/drugs/DB10804	Bacillus Calmette-guerin Substrain Connaught Live Antigen
DrugBank_DB13167	DB13167	DrugBank	https://go.drugbank.com/drugs/DB13167	Alclofenac
DrugBank_DB11210	DB11210	DrugBank	https://go.drugbank.com/drugs/DB11210	Ferrous Bisglycinate
DrugBank_DB08190	DB08190	DrugBank	https://go.drugbank.com/drugs/DB08190	N-[2-(2-iodo-5-methoxy-1h-indol-3-yl)ethyl]acetamide
DrugBank_DB08907	DB08907	DrugBank	https://go.drugbank.com/drugs/DB08907	Canagliflozin
DrugBank_DB04758	DB04758	DrugBank	https://go.drugbank.com/drugs/DB04758	2-[2-ethanesulfonylamino-3-(1h-indol-3-yl)-propionylamino]-pentanedioic Acid 5-amide 1-(4-carbamim Idoyl-benzylamide)
DrugBank_DB14067	DB14067	DrugBank	https://go.drugbank.com/drugs/DB14067	Dofequidar
DrugBank_DB01629	DB01629	DrugBank	https://go.drugbank.com/drugs/DB01629	5-fluorouridine
DrugBank_DB00835	DB00835	DrugBank	https://go.drugbank.com/drugs/DB00835	Brompheniramine
DrugBank_DB00470	DB00470	DrugBank	https://go.drugbank.com/drugs/DB00470	Dronabinol
DrugBank_DB14040	DB14040	DrugBank	https://go.drugbank.com/drugs/DB14040	Eptinezumab
DrugBank_DB07841	DB07841	DrugBank	https://go.drugbank.com/drugs/DB07841	Geranylgeranyl Diphosphate
DrugBank_DB00572	DB00572	DrugBank	https://go.drugbank.com/drugs/DB00572	Atropine
DrugBank_DB05562	DB05562	DrugBank	https://go.drugbank.com/drugs/DB05562	Naluzotan
DrugBank_DB14516	DB14516	DrugBank	https://go.drugbank.com/drugs/DB14516	Sodium Cation
DrugBank_DB01279	DB01279	DrugBank	https://go.drugbank.com/drugs/DB01279	Galsulfase
DrugBank_DB11087	DB11087	DrugBank	https://go.drugbank.com/drugs/DB11087	Pyrethrum Extract
DrugBank_DB13805	DB13805	DrugBank	https://go.drugbank.com/drugs/DB13805	Reposal
DrugBank_DB01056	DB01056	DrugBank	https://go.drugbank.com/drugs/DB01056	Tocainide
DrugBank_DB01922	DB01922	DrugBank	https://go.drugbank.com/drugs/DB01922	Maltosyl-alpha (1,4)-d-gluconhydroximo-1,5-lactam
DrugBank_DB00915	DB00915	DrugBank	https://go.drugbank.com/drugs/DB00915	Amantadine
DrugBank_DB06290	DB06290	DrugBank	https://go.drugbank.com/drugs/DB06290	Simeprevir
DrugBank_DB02069	DB02069	DrugBank	https://go.drugbank.com/drugs/DB02069	N-(2-flouro-benzyl)-4-sulfamoyl-benzamide
DrugBank_DB05035	DB05035	DrugBank	https://go.drugbank.com/drugs/DB05035	Eprotirome
DrugBank_DB07960	DB07960	DrugBank	https://go.drugbank.com/drugs/DB07960	5-acetamido-5,6-dihydro-4-hydroxy-6-isobutoxy-4h-pyran-2-carboxylic Acid
DrugBank_DB02929	DB02929	DrugBank	https://go.drugbank.com/drugs/DB02929	K201 Free Base
DrugBank_DB04044	DB04044	DrugBank	https://go.drugbank.com/drugs/DB04044	4-{2-[(3-nitrobenzoyl)amino]phenoxy}phthalic Acid
DrugBank_DB09242	DB09242	DrugBank	https://go.drugbank.com/drugs/DB09242	Moxonidine
DrugBank_DB09143	DB09143	DrugBank	https://go.drugbank.com/drugs/DB09143	Sonidegib
DrugBank_DB04581	DB04581	DrugBank	https://go.drugbank.com/drugs/DB04581	1-benzylimidazole
DrugBank_DB00273	DB00273	DrugBank	https://go.drugbank.com/drugs/DB00273	Topiramate
DrugBank_DB01048	DB01048	DrugBank	https://go.drugbank.com/drugs/DB01048	Abacavir
DrugBank_DB06193	DB06193	DrugBank	https://go.drugbank.com/drugs/DB06193	Pixantrone
DrugBank_DB08988	DB08988	DrugBank	https://go.drugbank.com/drugs/DB08988	Ethoheptazine
DrugBank_DB04907	DB04907	DrugBank	https://go.drugbank.com/drugs/DB04907	Sitimagene Ceradenovec
DrugBank_DB00508	DB00508	DrugBank	https://go.drugbank.com/drugs/DB00508	Triflupromazine
DrugBank_DB13199	DB13199	DrugBank	https://go.drugbank.com/drugs/DB13199	Brinase
DrugBank_DB01247	DB01247	DrugBank	https://go.drugbank.com/drugs/DB01247	Isocarboxazid
DrugBank_DB08974	DB08974	DrugBank	https://go.drugbank.com/drugs/DB08974	Flubendazole
DrugBank_DB09128	DB09128	DrugBank	https://go.drugbank.com/drugs/DB09128	Brexpiprazole
DrugBank_DB05197	DB05197	DrugBank	https://go.drugbank.com/drugs/DB05197	Sofalcone
DrugBank_DB08631	DB08631	DrugBank	https://go.drugbank.com/drugs/DB08631	N-(4-chlorophenyl)-1,2,3,4-tetrahydroisoquinoline-7-sulfonamide
DrugBank_DB05481	DB05481	DrugBank	https://go.drugbank.com/drugs/DB05481	Recombinant Alpha 1-antitrypsin
DrugBank_DB05057	DB05057	DrugBank	https://go.drugbank.com/drugs/DB05057	Erdosteine
DrugBank_DB09105	DB09105	DrugBank	https://go.drugbank.com/drugs/DB09105	Asfotase Alfa
DrugBank_DB02805	DB02805	DrugBank	https://go.drugbank.com/drugs/DB02805	Arabinouridine 3'-phosphate
DrugBank_DB13275	DB13275	DrugBank	https://go.drugbank.com/drugs/DB13275	Clorindione
DrugBank_DB06691	DB06691	DrugBank	https://go.drugbank.com/drugs/DB06691	Mepyramine
DrugBank_DB01953	DB01953	DrugBank	https://go.drugbank.com/drugs/DB01953	Inhibitor Of P38 Kinase
DrugBank_DB08902	DB08902	DrugBank	https://go.drugbank.com/drugs/DB08902	Raxibacumab
DrugBank_DB06783	DB06783	DrugBank	https://go.drugbank.com/drugs/DB06783	Prussian Blue
DrugBank_DB00749	DB00749	DrugBank	https://go.drugbank.com/drugs/DB00749	Etodolac
DrugBank_DB00897	DB00897	DrugBank	https://go.drugbank.com/drugs/DB00897	Triazolam
DrugBank_DB04339	DB04339	DrugBank	https://go.drugbank.com/drugs/DB04339	Carbocisteine
DrugBank_DB13657	DB13657	DrugBank	https://go.drugbank.com/drugs/DB13657	Benorilate
DrugBank_DB02894	DB02894	DrugBank	https://go.drugbank.com/drugs/DB02894	Sulfamic Acid 2,3-o-(1-methylethylidene)-4,5-o-sulfonyl-beta-fructopyranose Ester
DrugBank_DB03740	DB03740	DrugBank	https://go.drugbank.com/drugs/DB03740	N-acetyl-alpha-d-glucosamine
DrugBank_DB14449	DB14449	DrugBank	https://go.drugbank.com/drugs/DB14449	Influenza A Virus A/perth/16/2009 (h3n2) Live (attenuated) Antigen
DrugBank_DB07231	DB07231	DrugBank	https://go.drugbank.com/drugs/DB07231	N-({(2s,3s)-3-[(benzylamino)carbonyl]oxiran-2-yl}carbonyl)-l-isoleucyl-l-proline
DrugBank_DB09381	DB09381	DrugBank	https://go.drugbank.com/drugs/DB09381	Esterified Estrogens
DrugBank_DB09108	DB09108	DrugBank	https://go.drugbank.com/drugs/DB09108	Simoctocog Alfa
DrugBank_DB09494	DB09494	DrugBank	https://go.drugbank.com/drugs/DB09494	Cetyl Alcohol
DrugBank_DB11770	DB11770	DrugBank	https://go.drugbank.com/drugs/DB11770	Talinolol
DrugBank_DB07263	DB07263	DrugBank	https://go.drugbank.com/drugs/DB07263	[{2-bromo-4-[(2r)-3-oxo-2,3-diphenylpropyl]phenyl}(difluoro)methyl]phosphonic Acid
DrugBank_DB11951	DB11951	DrugBank	https://go.drugbank.com/drugs/DB11951	Lemborexant
DrugBank_DB04278	DB04278	DrugBank	https://go.drugbank.com/drugs/DB04278	2-[2-(2-cyclohexyl-2-guanidino-acetylamino)-acetylamino]-n-(3-mercapto-propyl)-propionamide
DrugBank_DB06782	DB06782	DrugBank	https://go.drugbank.com/drugs/DB06782	Dimercaprol
DrugBank_DB00220	DB00220	DrugBank	https://go.drugbank.com/drugs/DB00220	Nelfinavir
DrugBank_DB01525	DB01525	DrugBank	https://go.drugbank.com/drugs/DB01525	Ecgonine
DrugBank_DB10719	DB10719	DrugBank	https://go.drugbank.com/drugs/DB10719	Pascopyrum Smithii Pollen
DrugBank_DB13542	DB13542	DrugBank	https://go.drugbank.com/drugs/DB13542	Bevonium
DrugBank_DB06856	DB06856	DrugBank	https://go.drugbank.com/drugs/DB06856	6-fluoro-2-[2-hydroxy-3-(2-methyl-cyclohexyloxy)-phenyl]-1h-indole-5-carboxamidine
DrugBank_DB00034	DB00034	DrugBank	https://go.drugbank.com/drugs/DB00034	Interferon Alfa-2a, Recombinant
DrugBank_DB00228	DB00228	DrugBank	https://go.drugbank.com/drugs/DB00228	Enflurane
DrugBank_DB00946	DB00946	DrugBank	https://go.drugbank.com/drugs/DB00946	Phenprocoumon
DrugBank_DB06324	DB06324	DrugBank	https://go.drugbank.com/drugs/DB06324	Xmab 2513
DrugBank_DB01075	DB01075	DrugBank	https://go.drugbank.com/drugs/DB01075	Diphenhydramine
DrugBank_DB08455	DB08455	DrugBank	https://go.drugbank.com/drugs/DB08455	Ro 12-7310
DrugBank_DB12478	DB12478	DrugBank	https://go.drugbank.com/drugs/DB12478	Piribedil
DrugBank_DB07020	DB07020	DrugBank	https://go.drugbank.com/drugs/DB07020	N-{3-[5-(1h-1,2,4-triazol-3-yl)-1h-indazol-3-yl]phenyl}furan-2-carboxamide
DrugBank_DB13069	DB13069	DrugBank	https://go.drugbank.com/drugs/DB13069	Nimustine
DrugBank_DB13505	DB13505	DrugBank	https://go.drugbank.com/drugs/DB13505	Emepronium
DrugBank_DB04929	DB04929	DrugBank	https://go.drugbank.com/drugs/DB04929	Dg031
DrugBank_DB01105	DB01105	DrugBank	https://go.drugbank.com/drugs/DB01105	Sibutramine
DrugBank_DB07013	DB07013	DrugBank	https://go.drugbank.com/drugs/DB07013	Tert-butyl 4-({[4-(but-2-yn-1-ylamino)phenyl]sulfonyl}methyl)-4-[(hydroxyamino)carbonyl]piperidine-1-carboxylate
DrugBank_DB05389	DB05389	DrugBank	https://go.drugbank.com/drugs/DB05389	Tetrachlorodecaoxide
DrugBank_DB00177	DB00177	DrugBank	https://go.drugbank.com/drugs/DB00177	Valsartan
DrugBank_DB07605	DB07605	DrugBank	https://go.drugbank.com/drugs/DB07605	2-({4-[(5-chloro-1h-indol-2-yl)sulfonyl]piperazin-1-yl}carbonyl)thieno[3,2-b]pyridine 4-oxide
DrugBank_DB07317	DB07317	DrugBank	https://go.drugbank.com/drugs/DB07317	(3e)-3-[(phenylamino)methylidene]dihydrofuran-2(3h)-one
DrugBank_DB06825	DB06825	DrugBank	https://go.drugbank.com/drugs/DB06825	Triptorelin
DrugBank_DB06976	DB06976	DrugBank	https://go.drugbank.com/drugs/DB06976	1-(5-oxo-2,3,5,9b-tetrahydro-1h-pyrrolo[2,1-a]isoindol-9-yl)-3-(5-pyrrolidin-2-yl-1h-pyrazol-3-yl)-urea
DrugBank_DB09298	DB09298	DrugBank	https://go.drugbank.com/drugs/DB09298	Silibinin
DrugBank_DB12323	DB12323	DrugBank	https://go.drugbank.com/drugs/DB12323	Radotinib
DrugBank_DB07583	DB07583	DrugBank	https://go.drugbank.com/drugs/DB07583	(4r,2s)-5'-(4-(4-chlorobenzyloxy)pyrrolidin-2-ylmethanesulfonyl)isoquinoline
DrugBank_DB01484	DB01484	DrugBank	https://go.drugbank.com/drugs/DB01484	4-bromo-2,5-dimethoxyamphetamine
DrugBank_DB06892	DB06892	DrugBank	https://go.drugbank.com/drugs/DB06892	(5s)-4,5-difluoro-6-[(2-fluoro-4-iodophenyl)imino]-n-(2-hydroxyethoxy)cyclohexa-1,3-diene-1-carboxamide
DrugBank_DB01016	DB01016	DrugBank	https://go.drugbank.com/drugs/DB01016	Glyburide
DrugBank_DB01667	DB01667	DrugBank	https://go.drugbank.com/drugs/DB01667	8-azaguanine
DrugBank_DB01809	DB01809	DrugBank	https://go.drugbank.com/drugs/DB01809	1-ter-butyl-3-p-tolyl-1h-pyrazolo[3,4-d]pyrimidin-4-ylamine
DrugBank_DB01015	DB01015	DrugBank	https://go.drugbank.com/drugs/DB01015	Sulfamethoxazole
DrugBank_DB00698	DB00698	DrugBank	https://go.drugbank.com/drugs/DB00698	Nitrofurantoin
DrugBank_DB06905	DB06905	DrugBank	https://go.drugbank.com/drugs/DB06905	(2s,3s,4e,6e,8s,9s)-3-amino-9-methoxy-2,6,8-trimethyl-10-phenyldeca-4,6-dienoic Acid
DrugBank_DB07058	DB07058	DrugBank	https://go.drugbank.com/drugs/DB07058	5-[1-(4-methoxyphenyl)-1h-benzimidazol-6-yl]-1,3,4-oxadiazole-2(3h)-thione
DrugBank_DB02987	DB02987	DrugBank	https://go.drugbank.com/drugs/DB02987	Cysteine-s-acetamide
DrugBank_DB07051	DB07051	DrugBank	https://go.drugbank.com/drugs/DB07051	3,5-dimethyl-1-phenyl-1h-pyrazole-4-carboxylic Acid Ethyl Ester
DrugBank_DB04847	DB04847	DrugBank	https://go.drugbank.com/drugs/DB04847	Roxadustat
DrugBank_DB03419	DB03419	DrugBank	https://go.drugbank.com/drugs/DB03419	Uracil
DrugBank_DB12371	DB12371	DrugBank	https://go.drugbank.com/drugs/DB12371	Siponimod
DrugBank_DB14638	DB14638	DrugBank	https://go.drugbank.com/drugs/DB14638	Diloxanide Furoate
DrugBank_DB04410	DB04410	DrugBank	https://go.drugbank.com/drugs/DB04410	3-phenylpropylamine
DrugBank_DB02044	DB02044	DrugBank	https://go.drugbank.com/drugs/DB02044	N-[3-(aminomethyl)benzyl]acetamidine
DrugBank_DB14627	DB14627	DrugBank	https://go.drugbank.com/drugs/DB14627	Oxyphenisatin Acetate
DrugBank_DB12271	DB12271	DrugBank	https://go.drugbank.com/drugs/DB12271	Ore-1001
DrugBank_DB13277	DB13277	DrugBank	https://go.drugbank.com/drugs/DB13277	Benziodarone
DrugBank_DB14490	DB14490	DrugBank	https://go.drugbank.com/drugs/DB14490	Ferrous Ascorbate
DrugBank_DB00983	DB00983	DrugBank	https://go.drugbank.com/drugs/DB00983	Formoterol
DrugBank_DB02762	DB02762	DrugBank	https://go.drugbank.com/drugs/DB02762	Ru79072
DrugBank_DB00635	DB00635	DrugBank	https://go.drugbank.com/drugs/DB00635	Prednisone
DrugBank_DB04105	DB04105	DrugBank	https://go.drugbank.com/drugs/DB04105	N-heptylformamide
DrugBank_DB00618	DB00618	DrugBank	https://go.drugbank.com/drugs/DB00618	Demeclocycline
DrugBank_DB09502	DB09502	DrugBank	https://go.drugbank.com/drugs/DB09502	Fludeoxyglucose (18f)
DrugBank_DB11976	DB11976	DrugBank	https://go.drugbank.com/drugs/DB11976	Anifrolumab
DrugBank_DB06699	DB06699	DrugBank	https://go.drugbank.com/drugs/DB06699	Degarelix
DrugBank_DB14394	DB14394	DrugBank	https://go.drugbank.com/drugs/DB14394	Influenza A Virus A/california/7/2009 (h1n1) Live (attenuated) Antigen
DrugBank_DB13775	DB13775	DrugBank	https://go.drugbank.com/drugs/DB13775	Tertatolol
DrugBank_DB08130	DB08130	DrugBank	https://go.drugbank.com/drugs/DB08130	N-(5-{3,4-difluoro-2-[(2-fluoro-4-iodophenyl)amino]phenyl}-1,3,4-oxadiazol-2-yl)ethane-1,2-diamine
DrugBank_DB14947	DB14947	DrugBank	https://go.drugbank.com/drugs/DB14947	Bermekimab
DrugBank_DB11040	DB11040	DrugBank	https://go.drugbank.com/drugs/DB11040	Influenza B Virus B/brisbane/60/2008 Hemagglutinin Antigen (propiolactone Inactivated)
DrugBank_DB07230	DB07230	DrugBank	https://go.drugbank.com/drugs/DB07230	3-bromo-6-hydroxy-2-(4-hydroxyphenyl)-1h-inden-1-one
DrugBank_DB03008	DB03008	DrugBank	https://go.drugbank.com/drugs/DB03008	5-fluoro-beta-l-gulosyl Fluoride
DrugBank_DB07724	DB07724	DrugBank	https://go.drugbank.com/drugs/DB07724	Indeglitazar
DrugBank_DB11694	DB11694	DrugBank	https://go.drugbank.com/drugs/DB11694	Ilorasertib
DrugBank_DB00691	DB00691	DrugBank	https://go.drugbank.com/drugs/DB00691	Moexipril
DrugBank_DB01346	DB01346	DrugBank	https://go.drugbank.com/drugs/DB01346	Quinidine Barbiturate
DrugBank_DB13784	DB13784	DrugBank	https://go.drugbank.com/drugs/DB13784	Dixyrazine
DrugBank_DB07422	DB07422	DrugBank	https://go.drugbank.com/drugs/DB07422	(2s)-2-hydroxy-2-methyl-n-[4-nitro-3-(trifluoromethyl)phenyl]-3-(pentafluorophenoxy)propanamide
DrugBank_DB02131	DB02131	DrugBank	https://go.drugbank.com/drugs/DB02131	N-1-methylheptylformamide
DrugBank_DB01079	DB01079	DrugBank	https://go.drugbank.com/drugs/DB01079	Tegaserod
DrugBank_DB04958	DB04958	DrugBank	https://go.drugbank.com/drugs/DB04958	Epratuzumab
DrugBank_DB04941	DB04941	DrugBank	https://go.drugbank.com/drugs/DB04941	Crofelemer
DrugBank_DB14679	DB14679	DrugBank	https://go.drugbank.com/drugs/DB14679	Quingestanol Acetate
DrugBank_DB02383	DB02383	DrugBank	https://go.drugbank.com/drugs/DB02383	Tolrestat
DrugBank_DB03024	DB03024	DrugBank	https://go.drugbank.com/drugs/DB03024	2-methyl-3-(2-aminothiazolo)propanal
DrugBank_DB08368	DB08368	DrugBank	https://go.drugbank.com/drugs/DB08368	Octane-1,3,5,7-tetracarboxylic Acid
DrugBank_DB11126	DB11126	DrugBank	https://go.drugbank.com/drugs/DB11126	Calcium Gluconate
DrugBank_DB06163	DB06163	DrugBank	https://go.drugbank.com/drugs/DB06163	Plevitrexed
DrugBank_DB03555	DB03555	DrugBank	https://go.drugbank.com/drugs/DB03555	Cra_11092
DrugBank_DB05084	DB05084	DrugBank	https://go.drugbank.com/drugs/DB05084	Abaloparatide
DrugBank_DB02558	DB02558	DrugBank	https://go.drugbank.com/drugs/DB02558	N-(3-phenyl-2-sulfanylpropanoyl)phenylalanylalanine
DrugBank_DB03807	DB03807	DrugBank	https://go.drugbank.com/drugs/DB03807	1-(2-chlorophenyl)-3,5-dimethyl-1h-pyrazole-4-carboxylic Acid Ethyl Ester
DrugBank_DB05308	DB05308	DrugBank	https://go.drugbank.com/drugs/DB05308	Anx-510
DrugBank_DB03777	DB03777	DrugBank	https://go.drugbank.com/drugs/DB03777	Bisindolylmaleimide I
DrugBank_DB05903	DB05903	DrugBank	https://go.drugbank.com/drugs/DB05903	Kos-1584
DrugBank_DB12752	DB12752	DrugBank	https://go.drugbank.com/drugs/DB12752	Bucindolol
DrugBank_DB13804	DB13804	DrugBank	https://go.drugbank.com/drugs/DB13804	Benzylthiouracil
DrugBank_DB05169	DB05169	DrugBank	https://go.drugbank.com/drugs/DB05169	At9283
DrugBank_DB00194	DB00194	DrugBank	https://go.drugbank.com/drugs/DB00194	Vidarabine
DrugBank_DB08613	DB08613	DrugBank	https://go.drugbank.com/drugs/DB08613	2,2,2-trifluoro-1-{5-[(3-phenyl-5,6-dihydroimidazo[1,2-a]pyrazin-7(8h)-yl)carbonyl]thiophen-2-yl}ethane-1,1-diol
DrugBank_DB07821	DB07821	DrugBank	https://go.drugbank.com/drugs/DB07821	(1r)-1,2,2-trimethylpropyl (r)-methylphosphinate
DrugBank_DB13456	DB13456	DrugBank	https://go.drugbank.com/drugs/DB13456	Midecamycin
DrugBank_DB01467	DB01467	DrugBank	https://go.drugbank.com/drugs/DB01467	2,5-dimethoxy-4-ethylamphetamine
DrugBank_DB08378	DB08378	DrugBank	https://go.drugbank.com/drugs/DB08378	4-[4-(2,5-dioxo-pyrrolidin-1-yl)-phenylamino]-4-hydroxy-butyric Acid
DrugBank_DB04071	DB04071	DrugBank	https://go.drugbank.com/drugs/DB04071	Cpad
DrugBank_DB01978	DB01978	DrugBank	https://go.drugbank.com/drugs/DB01978	7,9-dimethylguanine
DrugBank_DB11511	DB11511	DrugBank	https://go.drugbank.com/drugs/DB11511	Difloxacin
DrugBank_DB03891	DB03891	DrugBank	https://go.drugbank.com/drugs/DB03891	Dibenzyl (carbonylbis{2,1-hydrazinediyl[(2s)-4-methyl-1-oxo-1,2-pentanediyl]})biscarbamate
DrugBank_DB05744	DB05744	DrugBank	https://go.drugbank.com/drugs/DB05744	Crx-139
DrugBank_DB06764	DB06764	DrugBank	https://go.drugbank.com/drugs/DB06764	Tetryzoline
DrugBank_DB05429	DB05429	DrugBank	https://go.drugbank.com/drugs/DB05429	Cat-213
DrugBank_DB14712	DB14712	DrugBank	https://go.drugbank.com/drugs/DB14712	Elapegademase
DrugBank_DB04629	DB04629	DrugBank	https://go.drugbank.com/drugs/DB04629	Aplyronine A
DrugBank_DB07737	DB07737	DrugBank	https://go.drugbank.com/drugs/DB07737	(2s)-4-(4-fluorobenzyl)-n-(3-sulfanylpropyl)piperazine-2-carboxamide
DrugBank_DB00640	DB00640	DrugBank	https://go.drugbank.com/drugs/DB00640	Adenosine
DrugBank_DB08129	DB08129	DrugBank	https://go.drugbank.com/drugs/DB08129	(1r)-2-amino-1-[3-(trifluoromethyl)phenyl]ethanol
DrugBank_DB00266	DB00266	DrugBank	https://go.drugbank.com/drugs/DB00266	Dicoumarol
DrugBank_DB00371	DB00371	DrugBank	https://go.drugbank.com/drugs/DB00371	Meprobamate
DrugBank_DB03351	DB03351	DrugBank	https://go.drugbank.com/drugs/DB03351	Sri-9439
DrugBank_DB06470	DB06470	DrugBank	https://go.drugbank.com/drugs/DB06470	Clomethiazole
DrugBank_DB11430	DB11430	DrugBank	https://go.drugbank.com/drugs/DB11430	Monensin
DrugBank_DB04566	DB04566	DrugBank	https://go.drugbank.com/drugs/DB04566	Inosinic Acid
DrugBank_DB05288	DB05288	DrugBank	https://go.drugbank.com/drugs/DB05288	Anecortave Acetate
DrugBank_DB04948	DB04948	DrugBank	https://go.drugbank.com/drugs/DB04948	Lofexidine
DrugBank_DB01580	DB01580	DrugBank	https://go.drugbank.com/drugs/DB01580	Oxprenolol
DrugBank_DB05495	DB05495	DrugBank	https://go.drugbank.com/drugs/DB05495	Pg-530742
DrugBank_DB02569	DB02569	DrugBank	https://go.drugbank.com/drugs/DB02569	2',3'-dehydro-2',3'-deoxy-thymidine 5'-diphosphate
DrugBank_DB01060	DB01060	DrugBank	https://go.drugbank.com/drugs/DB01060	Amoxicillin
DrugBank_DB00516	DB00516	DrugBank	https://go.drugbank.com/drugs/DB00516	Bentoquatam
DrugBank_DB11563	DB11563	DrugBank	https://go.drugbank.com/drugs/DB11563	Sebelipase Alfa
DrugBank_DB06235	DB06235	DrugBank	https://go.drugbank.com/drugs/DB06235	Vadimezan
DrugBank_DB00495	DB00495	DrugBank	https://go.drugbank.com/drugs/DB00495	Zidovudine
DrugBank_DB00633	DB00633	DrugBank	https://go.drugbank.com/drugs/DB00633	Dexmedetomidine
DrugBank_DB00954	DB00954	DrugBank	https://go.drugbank.com/drugs/DB00954	Dirithromycin
DrugBank_DB05337	DB05337	DrugBank	https://go.drugbank.com/drugs/DB05337	Sot-107
DrugBank_DB06262	DB06262	DrugBank	https://go.drugbank.com/drugs/DB06262	Droxidopa
DrugBank_DB13552	DB13552	DrugBank	https://go.drugbank.com/drugs/DB13552	Trifluperidol
DrugBank_DB08639	DB08639	DrugBank	https://go.drugbank.com/drugs/DB08639	Dapivirine
DrugBank_DB04213	DB04213	DrugBank	https://go.drugbank.com/drugs/DB04213	N-cyclohexyl-n'-(propyl)phenyl Urea
DrugBank_DB14546	DB14546	DrugBank	https://go.drugbank.com/drugs/DB14546	Sulfate Ion
DrugBank_DB08447	DB08447	DrugBank	https://go.drugbank.com/drugs/DB08447	3-{3-[(dimethylamino)methyl]-1h-indol-7-yl}propan-1-ol
DrugBank_DB13014	DB13014	DrugBank	https://go.drugbank.com/drugs/DB13014	Hypericin
DrugBank_DB07897	DB07897	DrugBank	https://go.drugbank.com/drugs/DB07897	1-(hydroxymethyleneamino)-8-hydroxy-octane
DrugBank_DB06442	DB06442	DrugBank	https://go.drugbank.com/drugs/DB06442	Avasimibe
DrugBank_DB06788	DB06788	DrugBank	https://go.drugbank.com/drugs/DB06788	Histrelin
DrugBank_DB11268	DB11268	DrugBank	https://go.drugbank.com/drugs/DB11268	Protocatechualdehyde
DrugBank_DB08053	DB08053	DrugBank	https://go.drugbank.com/drugs/DB08053	1-cyclobutyl-3-(3,4-dimethoxyphenyl)-1h-pyrazolo[3,4-d]pyrimidin-4-amine
DrugBank_DB06773	DB06773	DrugBank	https://go.drugbank.com/drugs/DB06773	Human Calcitonin
DrugBank_DB08884	DB08884	DrugBank	https://go.drugbank.com/drugs/DB08884	Gadoxetic Acid
DrugBank_DB02991	DB02991	DrugBank	https://go.drugbank.com/drugs/DB02991	S-ethyl-n-[4-(trifluoromethyl)phenyl]isothiourea
DrugBank_DB07318	DB07318	DrugBank	https://go.drugbank.com/drugs/DB07318	N-[2-(4-amino-5,8-difluoro-1,2-dihydroquinazolin-2-yl)ethyl]-3-furamide
DrugBank_DB06258	DB06258	DrugBank	https://go.drugbank.com/drugs/DB06258	Bimoclomol
DrugBank_DB12376	DB12376	DrugBank	https://go.drugbank.com/drugs/DB12376	Ricolinostat
DrugBank_DB00342	DB00342	DrugBank	https://go.drugbank.com/drugs/DB00342	Terfenadine
DrugBank_DB11714	DB11714	DrugBank	https://go.drugbank.com/drugs/DB11714	Durvalumab
DrugBank_DB00642	DB00642	DrugBank	https://go.drugbank.com/drugs/DB00642	Pemetrexed
DrugBank_DB01183	DB01183	DrugBank	https://go.drugbank.com/drugs/DB01183	Naloxone
DrugBank_DB06843	DB06843	DrugBank	https://go.drugbank.com/drugs/DB06843	2',5'-dideoxy-adenosine 3'-monophosphate
DrugBank_DB01429	DB01429	DrugBank	https://go.drugbank.com/drugs/DB01429	Aprindine
DrugBank_DB06811	DB06811	DrugBank	https://go.drugbank.com/drugs/DB06811	Polidocanol
DrugBank_DB01297	DB01297	DrugBank	https://go.drugbank.com/drugs/DB01297	Practolol
DrugBank_DB07873	DB07873	DrugBank	https://go.drugbank.com/drugs/DB07873	Lauryl Alcohol Diphosphonic Acid
DrugBank_DB06694	DB06694	DrugBank	https://go.drugbank.com/drugs/DB06694	Xylometazoline
DrugBank_DB07181	DB07181	DrugBank	https://go.drugbank.com/drugs/DB07181	4'-[(1r)-1-amino-2-(2,5-difluorophenyl)ethyl]biphenyl-3-carboxamide
DrugBank_DB06333	DB06333	DrugBank	https://go.drugbank.com/drugs/DB06333	Trodusquemine
DrugBank_DB04098	DB04098	DrugBank	https://go.drugbank.com/drugs/DB04098	Balanol
DrugBank_DB05974	DB05974	DrugBank	https://go.drugbank.com/drugs/DB05974	Transcrocetinate
DrugBank_DB08658	DB08658	DrugBank	https://go.drugbank.com/drugs/DB08658	Ethyl Hydrogen Diethylamidophosphate
DrugBank_DB07289	DB07289	DrugBank	https://go.drugbank.com/drugs/DB07289	5-[3-(benzylamino)phenyl]-4-bromo-3-(carboxymethoxy)thiophene-2-carboxylic Acid
DrugBank_DB09090	DB09090	DrugBank	https://go.drugbank.com/drugs/DB09090	Pinaverium
DrugBank_DB00581	DB00581	DrugBank	https://go.drugbank.com/drugs/DB00581	Lactulose
DrugBank_DB05422	DB05422	DrugBank	https://go.drugbank.com/drugs/DB05422	Opc-14523
DrugBank_DB12713	DB12713	DrugBank	https://go.drugbank.com/drugs/DB12713	Sotagliflozin
DrugBank_DB06457	DB06457	DrugBank	https://go.drugbank.com/drugs/DB06457	Tecastemizole
DrugBank_DB07306	DB07306	DrugBank	https://go.drugbank.com/drugs/DB07306	Ethyl 4-[(4-chloropyridin-2-yl)amino]piperidine-1-carboxylate
DrugBank_DB07066	DB07066	DrugBank	https://go.drugbank.com/drugs/DB07066	2-chloro-n-[(3r)-2-oxo-1,2,3,4-tetrahydroquinolin-3-yl]-6h-thieno[2,3-b]pyrrole-5-carboxamide
DrugBank_DB00937	DB00937	DrugBank	https://go.drugbank.com/drugs/DB00937	Diethylpropion
DrugBank_DB11581	DB11581	DrugBank	https://go.drugbank.com/drugs/DB11581	Venetoclax
DrugBank_DB11282	DB11282	DrugBank	https://go.drugbank.com/drugs/DB11282	Diethyltoluamide
DrugBank_DB01035	DB01035	DrugBank	https://go.drugbank.com/drugs/DB01035	Procainamide
DrugBank_DB04244	DB04244	DrugBank	https://go.drugbank.com/drugs/DB04244	(2r)-2-(3-biphenylyl)-n-{(2r)-2-hydroxy-3-[(2-pyridinylsulfonyl)amino]propyl}-4-methylpentanamide
DrugBank_DB03507	DB03507	DrugBank	https://go.drugbank.com/drugs/DB03507	6-[3-(4-morpholinyl)propyl]-2-(3-nitrophenyl)-5-thioxo-5,6,-dihydro-7h-thienol[2',3':4,5]pyrrolo[1,2-c]imidazol-7-one
DrugBank_DB07632	DB07632	DrugBank	https://go.drugbank.com/drugs/DB07632	5-(2-chlorophenyl)-1,3,4-thiadiazole-2-sulfonamide
DrugBank_DB08063	DB08063	DrugBank	https://go.drugbank.com/drugs/DB08063	1-benzyl-3-(4-methoxyphenylamino)-4-phenylpyrrole-2,5-dione
DrugBank_DB01418	DB01418	DrugBank	https://go.drugbank.com/drugs/DB01418	Acenocoumarol
DrugBank_DB01404	DB01404	DrugBank	https://go.drugbank.com/drugs/DB01404	Ginseng
DrugBank_DB00522	DB00522	DrugBank	https://go.drugbank.com/drugs/DB00522	Bentiromide
DrugBank_DB08964	DB08964	DrugBank	https://go.drugbank.com/drugs/DB08964	Gemeprost
DrugBank_DB04417	DB04417	DrugBank	https://go.drugbank.com/drugs/DB04417	P-nitrophenol
DrugBank_DB11862	DB11862	DrugBank	https://go.drugbank.com/drugs/DB11862	Landogrozumab
DrugBank_DB02179	DB02179	DrugBank	https://go.drugbank.com/drugs/DB02179	O-trifluoromethylphenyl Anthranilic Acid
DrugBank_DB00736	DB00736	DrugBank	https://go.drugbank.com/drugs/DB00736	Esomeprazole
DrugBank_DB07804	DB07804	DrugBank	https://go.drugbank.com/drugs/DB07804	5-(5-chloro-2-thienyl)-n-{(3s)-1-[(1s)-1-methyl-2-morpholin-4-yl-2-oxoethyl]-2-oxopyrrolidin-3-yl}-1h-1,2,4-triazole-3-sulfonamide
DrugBank_DB12089	DB12089	DrugBank	https://go.drugbank.com/drugs/DB12089	Lorvotuzumab Mertansine
DrugBank_DB13185	DB13185	DrugBank	https://go.drugbank.com/drugs/DB13185	Oxabolone Cipionate
DrugBank_DB12492	DB12492	DrugBank	https://go.drugbank.com/drugs/DB12492	Piritramide
DrugBank_DB07002	DB07002	DrugBank	https://go.drugbank.com/drugs/DB07002	4-({4-[(4-methoxypyridin-2-yl)amino]piperidin-1-yl}carbonyl)benzonitrile
DrugBank_DB02187	DB02187	DrugBank	https://go.drugbank.com/drugs/DB02187	Equilin
DrugBank_DB12184	DB12184	DrugBank	https://go.drugbank.com/drugs/DB12184	Gepirone
DrugBank_DB00370	DB00370	DrugBank	https://go.drugbank.com/drugs/DB00370	Mirtazapine
DrugBank_DB09407	DB09407	DrugBank	https://go.drugbank.com/drugs/DB09407	Magnesium Chloride
DrugBank_DB01785	DB01785	DrugBank	https://go.drugbank.com/drugs/DB01785	Dimethylallyl Diphosphate
DrugBank_DB03948	DB03948	DrugBank	https://go.drugbank.com/drugs/DB03948	6-chloropurine Riboside, 5'-monophosphate
DrugBank_DB12093	DB12093	DrugBank	https://go.drugbank.com/drugs/DB12093	Tetrahydropalmatine
DrugBank_DB11090	DB11090	DrugBank	https://go.drugbank.com/drugs/DB11090	Potassium Nitrate
DrugBank_DB07384	DB07384	DrugBank	https://go.drugbank.com/drugs/DB07384	1-acetyl-2-carboxypiperidine
DrugBank_DB06267	DB06267	DrugBank	https://go.drugbank.com/drugs/DB06267	Udenafil
DrugBank_DB02358	DB02358	DrugBank	https://go.drugbank.com/drugs/DB02358	Ly374571
DrugBank_DB05014	DB05014	DrugBank	https://go.drugbank.com/drugs/DB05014	Xl999
DrugBank_DB00649	DB00649	DrugBank	https://go.drugbank.com/drugs/DB00649	Stavudine
DrugBank_DB03305	DB03305	DrugBank	https://go.drugbank.com/drugs/DB03305	N(g)-iminoethylornithine
DrugBank_DB01425	DB01425	DrugBank	https://go.drugbank.com/drugs/DB01425	Alizapride
DrugBank_DB00059	DB00059	DrugBank	https://go.drugbank.com/drugs/DB00059	Pegaspargase
DrugBank_DB04827	DB04827	DrugBank	https://go.drugbank.com/drugs/DB04827	Urethane
DrugBank_DB03719	DB03719	DrugBank	https://go.drugbank.com/drugs/DB03719	N-ethyl-5'-carboxamido Adenosine
DrugBank_DB08489	DB08489	DrugBank	https://go.drugbank.com/drugs/DB08489	N4-hydroxy-2-isobutyl-n1-(9-oxo-1,8-diaza-tricyclo[10.6.1.013,18]nonadeca-12(19),13,15,17-tetraen-10-yl)-succinamide
DrugBank_DB06307	DB06307	DrugBank	https://go.drugbank.com/drugs/DB06307	Apoptone
DrugBank_DB00425	DB00425	DrugBank	https://go.drugbank.com/drugs/DB00425	Zolpidem
DrugBank_DB08588	DB08588	DrugBank	https://go.drugbank.com/drugs/DB08588	2-({2-[(3r)-3-aminopiperidin-1-yl]-4-oxoquinazolin-3(4h)-yl}methyl)benzonitrile
DrugBank_DB07104	DB07104	DrugBank	https://go.drugbank.com/drugs/DB07104	4-amino-n-[4-(benzyloxy)phenyl]butanamide
DrugBank_DB11641	DB11641	DrugBank	https://go.drugbank.com/drugs/DB11641	Vinflunine
DrugBank_DB01426	DB01426	DrugBank	https://go.drugbank.com/drugs/DB01426	Ajmaline
DrugBank_DB13733	DB13733	DrugBank	https://go.drugbank.com/drugs/DB13733	Methylpentynol
DrugBank_DB00757	DB00757	DrugBank	https://go.drugbank.com/drugs/DB00757	Dolasetron
DrugBank_DB06412	DB06412	DrugBank	https://go.drugbank.com/drugs/DB06412	Oxymetholone
DrugBank_DB13737	DB13737	DrugBank	https://go.drugbank.com/drugs/DB13737	Cyclobarbital
DrugBank_DB00131	DB00131	DrugBank	https://go.drugbank.com/drugs/DB00131	Adenosine Phosphate
DrugBank_DB11603	DB11603	DrugBank	https://go.drugbank.com/drugs/DB11603	Human Rabies Virus Immune Globulin
DrugBank_DB00611	DB00611	DrugBank	https://go.drugbank.com/drugs/DB00611	Butorphanol
DrugBank_DB12814	DB12814	DrugBank	https://go.drugbank.com/drugs/DB12814	Cepeginterferon Alfa-2b
DrugBank_DB00208	DB00208	DrugBank	https://go.drugbank.com/drugs/DB00208	Ticlopidine
DrugBank_DB07196	DB07196	DrugBank	https://go.drugbank.com/drugs/DB07196	N-methyl-1-(2-thiophen-2-ylphenyl)methanamine
DrugBank_DB12961	DB12961	DrugBank	https://go.drugbank.com/drugs/DB12961	Leukotriene B4
DrugBank_DB02481	DB02481	DrugBank	https://go.drugbank.com/drugs/DB02481	N-benzylformamide
DrugBank_DB06150	DB06150	DrugBank	https://go.drugbank.com/drugs/DB06150	Sulfadimethoxine
DrugBank_DB12834	DB12834	DrugBank	https://go.drugbank.com/drugs/DB12834	Secnidazole
DrugBank_DB02379	DB02379	DrugBank	https://go.drugbank.com/drugs/DB02379	Beta-d-glucose
DrugBank_DB06371	DB06371	DrugBank	https://go.drugbank.com/drugs/DB06371	Siplizumab
DrugBank_DB13532	DB13532	DrugBank	https://go.drugbank.com/drugs/DB13532	Cyclopenthiazide
DrugBank_DB02027	DB02027	DrugBank	https://go.drugbank.com/drugs/DB02027	N-{(4s)-4-amino-5-[(2-aminoethyl)amino]pentyl}-n'-nitroguanidine
DrugBank_DB13229	DB13229	DrugBank	https://go.drugbank.com/drugs/DB13229	Enibomal
DrugBank_DB01034	DB01034	DrugBank	https://go.drugbank.com/drugs/DB01034	Cerulenin
DrugBank_DB14478	DB14478	DrugBank	https://go.drugbank.com/drugs/DB14478	Povidone K30
DrugBank_DB06202	DB06202	DrugBank	https://go.drugbank.com/drugs/DB06202	Lasofoxifene
DrugBank_DB00364	DB00364	DrugBank	https://go.drugbank.com/drugs/DB00364	Sucralfate
DrugBank_DB04744	DB04744	DrugBank	https://go.drugbank.com/drugs/DB04744	Lawsone
DrugBank_DB10349	DB10349	DrugBank	https://go.drugbank.com/drugs/DB10349	Paspalum Notatum Pollen
DrugBank_DB02226	DB02226	DrugBank	https://go.drugbank.com/drugs/DB02226	3,8-diamino-6-phenyl-5-[6-[1-[2-[(1,2,3,4-tetrahydro-9-acridinyl)amino]ethyl]-1h-1,2,3-triazol-4-yl]hexyl]-phenanthridinium
DrugBank_DB03042	DB03042	DrugBank	https://go.drugbank.com/drugs/DB03042	5-phosphoarabinonic Acid
DrugBank_DB07694	DB07694	DrugBank	https://go.drugbank.com/drugs/DB07694	2,5-dichloro-n-(3,5-dibromo-4-hydroxyphenyl)benzamide
DrugBank_DB00326	DB00326	DrugBank	https://go.drugbank.com/drugs/DB00326	Calcium Glucoheptonate
DrugBank_DB04275	DB04275	DrugBank	https://go.drugbank.com/drugs/DB04275	N-acetylserotonin
DrugBank_DB12388	DB12388	DrugBank	https://go.drugbank.com/drugs/DB12388	Evocalcet
DrugBank_DB09205	DB09205	DrugBank	https://go.drugbank.com/drugs/DB09205	Moxisylyte
DrugBank_DB06467	DB06467	DrugBank	https://go.drugbank.com/drugs/DB06467	Apolizumab
DrugBank_DB13778	DB13778	DrugBank	https://go.drugbank.com/drugs/DB13778	Cefazedone
DrugBank_DB07285	DB07285	DrugBank	https://go.drugbank.com/drugs/DB07285	(3r)-4,4-difluoro-3-[(4-methoxyphenyl)sulfonyl]butanoic Acid
DrugBank_DB08917	DB08917	DrugBank	https://go.drugbank.com/drugs/DB08917	Ferric Carboxymaltose
DrugBank_DB02924	DB02924	DrugBank	https://go.drugbank.com/drugs/DB02924	(4r)-limonene 1α,2α-epoxide
DrugBank_DB12361	DB12361	DrugBank	https://go.drugbank.com/drugs/DB12361	Piclozotan
DrugBank_DB07530	DB07530	DrugBank	https://go.drugbank.com/drugs/DB07530	(1r,3r)-5-[(2e)-3-{(1s,3r)-2,2,3-trimethyl-3-[6,6,6-trifluoro-5-hydroxy-5-(trifluoromethyl)hex-3-yn-1-yl]cyclopentyl}prop-2-en-1-ylidene]cyclohexane-1,3-diol
DrugBank_DB08347	DB08347	DrugBank	https://go.drugbank.com/drugs/DB08347	4-{[(2s)-3-(tert-butylamino)-2-hydroxypropyl]oxy}-3h-indole-2-carbonitrile
DrugBank_DB14649	DB14649	DrugBank	https://go.drugbank.com/drugs/DB14649	Dexamethasone Acetate
DrugBank_DB03864	DB03864	DrugBank	https://go.drugbank.com/drugs/DB03864	Monothioglycerol
DrugBank_DB02432	DB02432	DrugBank	https://go.drugbank.com/drugs/DB02432	Ru90395
DrugBank_DB13092	DB13092	DrugBank	https://go.drugbank.com/drugs/DB13092	Meclocycline
DrugBank_DB02486	DB02486	DrugBank	https://go.drugbank.com/drugs/DB02486	2-hydroxyethyl Disulfide
DrugBank_DB12849	DB12849	DrugBank	https://go.drugbank.com/drugs/DB12849	Clazakizumab
DrugBank_DB00644	DB00644	DrugBank	https://go.drugbank.com/drugs/DB00644	Gonadorelin
DrugBank_DB08755	DB08755	DrugBank	https://go.drugbank.com/drugs/DB08755	N-[(1s)-2-{[(1r)-2-(benzyloxy)-1-cyano-1-methylethyl]amino}-1-(cyclohexylmethyl)-2-oxoethyl]morpholine-4-carboxamide
DrugBank_DB13105	DB13105	DrugBank	https://go.drugbank.com/drugs/DB13105	Resolvin E1
DrugBank_DB04851	DB04851	DrugBank	https://go.drugbank.com/drugs/DB04851	Biricodar
DrugBank_DB06835	DB06835	DrugBank	https://go.drugbank.com/drugs/DB06835	(2s)-2-[3-(aminomethyl)phenyl]-3-{(s)-hydroxy[(1r)-2-methyl-1-{[(2-phenylethyl)sulfonyl]amino}propyl]phosphoryl}propanoic Acid
DrugBank_DB12845	DB12845	DrugBank	https://go.drugbank.com/drugs/DB12845	Amatuximab
DrugBank_DB00100	DB00100	DrugBank	https://go.drugbank.com/drugs/DB00100	Coagulation Factor Ix (recombinant)
DrugBank_DB04975	DB04975	DrugBank	https://go.drugbank.com/drugs/DB04975	Banoxantrone
DrugBank_DB13179	DB13179	DrugBank	https://go.drugbank.com/drugs/DB13179	Troleandomycin
DrugBank_DB04215	DB04215	DrugBank	https://go.drugbank.com/drugs/DB04215	Cra_9076
DrugBank_DB00259	DB00259	DrugBank	https://go.drugbank.com/drugs/DB00259	Sulfanilamide
DrugBank_DB14065	DB14065	DrugBank	https://go.drugbank.com/drugs/DB14065	Lomerizine
DrugBank_DB01831	DB01831	DrugBank	https://go.drugbank.com/drugs/DB01831	Tryptophanyl-5'amp
DrugBank_DB07587	DB07587	DrugBank	https://go.drugbank.com/drugs/DB07587	N-(1-cyanocyclopropyl)-3-({[(2s)-5-oxopyrrolidin-2-yl]methyl}sulfonyl)-n~2~-[(1s)-2,2,2-trifluoro-1-(4-fluorophenyl)ethyl]-l-alaninamide
DrugBank_DB08221	DB08221	DrugBank	https://go.drugbank.com/drugs/DB08221	N-{4-methyl-3-[(3-pyrimidin-4-ylpyridin-2-yl)amino]phenyl}-3-(trifluoromethyl)benzamide
DrugBank_DB07509	DB07509	DrugBank	https://go.drugbank.com/drugs/DB07509	Difluoro(5-{2-[(5-octyl-1h-pyrrol-2-yl-kappan)methylidene]-2h-pyrrol-5-yl-kappan}pentanoato)boron
DrugBank_DB13881	DB13881	DrugBank	https://go.drugbank.com/drugs/DB13881	Tisagenlecleucel
DrugBank_DB01744	DB01744	DrugBank	https://go.drugbank.com/drugs/DB01744	Camphor
DrugBank_DB14519	DB14519	DrugBank	https://go.drugbank.com/drugs/DB14519	Aluminum Cation
DrugBank_DB08334	DB08334	DrugBank	https://go.drugbank.com/drugs/DB08334	3-fluoro-4-hydroxybenzaldehyde O-(cyclohexylcarbonyl)oxime
DrugBank_DB00337	DB00337	DrugBank	https://go.drugbank.com/drugs/DB00337	Pimecrolimus
DrugBank_DB04888	DB04888	DrugBank	https://go.drugbank.com/drugs/DB04888	Bifeprunox
DrugBank_DB01066	DB01066	DrugBank	https://go.drugbank.com/drugs/DB01066	Cefditoren
DrugBank_DB07929	DB07929	DrugBank	https://go.drugbank.com/drugs/DB07929	N-(tert-butyl)-3,5-dimethyl-n'-[(5-methyl-2,3-dihydro-1,4-benzodioxin-6-yl)carbonyl]benzohydrazide
DrugBank_DB07710	DB07710	DrugBank	https://go.drugbank.com/drugs/DB07710	Phenylalanylaminodi(ethyloxy)ethyl Benzenesulfonamideaminocarbonylbenzenesulfonamide
DrugBank_DB03621	DB03621	DrugBank	https://go.drugbank.com/drugs/DB03621	L-709,587
DrugBank_DB03067	DB03067	DrugBank	https://go.drugbank.com/drugs/DB03067	4-{2,4-bis[(3-nitrobenzoyl)amino]phenoxy}phthalic Acid
DrugBank_DB00487	DB00487	DrugBank	https://go.drugbank.com/drugs/DB00487	Pefloxacin
DrugBank_DB00088	DB00088	DrugBank	https://go.drugbank.com/drugs/DB00088	Alglucerase
DrugBank_DB13994	DB13994	DrugBank	https://go.drugbank.com/drugs/DB13994	Azd-7325
DrugBank_DB12221	DB12221	DrugBank	https://go.drugbank.com/drugs/DB12221	Canrenone
DrugBank_DB00630	DB00630	DrugBank	https://go.drugbank.com/drugs/DB00630	Alendronic Acid
DrugBank_DB06454	DB06454	DrugBank	https://go.drugbank.com/drugs/DB06454	Sarizotan
DrugBank_DB11348	DB11348	DrugBank	https://go.drugbank.com/drugs/DB11348	Calcium Phosphate
DrugBank_DB13559	DB13559	DrugBank	https://go.drugbank.com/drugs/DB13559	Rimiterol
DrugBank_DB06841	DB06841	DrugBank	https://go.drugbank.com/drugs/DB06841	[(2r)-1-[(2s)-2-[[(2s,3s)-1-chloro-6-(diaminomethylideneamino)-2-hydroxyhexan-3-yl]carbamoyl]pyrrolidin-1-yl]-1-oxo-3-phenylpropan-2-yl]azanium
DrugBank_DB05897	DB05897	DrugBank	https://go.drugbank.com/drugs/DB05897	Rhigfbp-3
DrugBank_DB08188	DB08188	DrugBank	https://go.drugbank.com/drugs/DB08188	Emivirine
DrugBank_DB00608	DB00608	DrugBank	https://go.drugbank.com/drugs/DB00608	Chloroquine
DrugBank_DB02557	DB02557	DrugBank	https://go.drugbank.com/drugs/DB02557	Phosphoramidon
DrugBank_DB07997	DB07997	DrugBank	https://go.drugbank.com/drugs/DB07997	N-[2-(methylamino)ethyl]-5-isoquinolinesulfonamide
DrugBank_DB13940	DB13940	DrugBank	https://go.drugbank.com/drugs/DB13940	2,5-dimethoxy-4-ethylthioamphetamine
DrugBank_DB11491	DB11491	DrugBank	https://go.drugbank.com/drugs/DB11491	Sarafloxacin
DrugBank_DB14048	DB14048	DrugBank	https://go.drugbank.com/drugs/DB14048	Sodium Zirconium Cyclosilicate
DrugBank_DB11136	DB11136	DrugBank	https://go.drugbank.com/drugs/DB11136	Chromium
DrugBank_DB13612	DB13612	DrugBank	https://go.drugbank.com/drugs/DB13612	Carbaspirin Calcium
DrugBank_DB13770	DB13770	DrugBank	https://go.drugbank.com/drugs/DB13770	Vinylbital
DrugBank_DB04579	DB04579	DrugBank	https://go.drugbank.com/drugs/DB04579	N-{[(2s,3s)-3-(ethoxycarbonyl)-2-oxiranyl]carbonyl}-l-threonyl-l-isoleucine
DrugBank_DB07557	DB07557	DrugBank	https://go.drugbank.com/drugs/DB07557	3,20-pregnanedione
DrugBank_DB11884	DB11884	DrugBank	https://go.drugbank.com/drugs/DB11884	Vadastuximab Talirine
DrugBank_DB13976	DB13976	DrugBank	https://go.drugbank.com/drugs/DB13976	Sulesomab
DrugBank_DB05143	DB05143	DrugBank	https://go.drugbank.com/drugs/DB05143	Oxi-4503
DrugBank_DB03155	DB03155	DrugBank	https://go.drugbank.com/drugs/DB03155	2'-fluoro-2'-deoxyuridine 3'-monophosphate
DrugBank_DB13590	DB13590	DrugBank	https://go.drugbank.com/drugs/DB13590	Calcium Pangamate
DrugBank_DB09342	DB09342	DrugBank	https://go.drugbank.com/drugs/DB09342	Propoxycaine
DrugBank_DB03394	DB03394	DrugBank	https://go.drugbank.com/drugs/DB03394	Heptaethylene Glycol
DrugBank_DB00331	DB00331	DrugBank	https://go.drugbank.com/drugs/DB00331	Metformin
DrugBank_DB05460	DB05460	DrugBank	https://go.drugbank.com/drugs/DB05460	Ezatiostat
DrugBank_DB09400	DB09400	DrugBank	https://go.drugbank.com/drugs/DB09400	Selenomethionine Se-75
DrugBank_DB08495	DB08495	DrugBank	https://go.drugbank.com/drugs/DB08495	4-({4-[(6-chloro-1-benzothien-2-yl)sulfonyl]-2-oxopiperazin-1-yl}methyl)benzenecarboximidamide
DrugBank_DB04450	DB04450	DrugBank	https://go.drugbank.com/drugs/DB04450	Heptyl 1-thiohexopyranoside
DrugBank_DB13393	DB13393	DrugBank	https://go.drugbank.com/drugs/DB13393	Emetine
DrugBank_DB06804	DB06804	DrugBank	https://go.drugbank.com/drugs/DB06804	Nonoxynol-9
DrugBank_DB06321	DB06321	DrugBank	https://go.drugbank.com/drugs/DB06321	R-348
DrugBank_DB04794	DB04794	DrugBank	https://go.drugbank.com/drugs/DB04794	Bifonazole
DrugBank_DB05448	DB05448	DrugBank	https://go.drugbank.com/drugs/DB05448	Px-12
DrugBank_DB06406	DB06406	DrugBank	https://go.drugbank.com/drugs/DB06406	Idraparinux
DrugBank_DB06731	DB06731	DrugBank	https://go.drugbank.com/drugs/DB06731	Seproxetine
DrugBank_DB06900	DB06900	DrugBank	https://go.drugbank.com/drugs/DB06900	1-[4-(hydroxymethyl)phenyl]guanidine
DrugBank_DB02054	DB02054	DrugBank	https://go.drugbank.com/drugs/DB02054	Gabaculine
DrugBank_DB08383	DB08383	DrugBank	https://go.drugbank.com/drugs/DB08383	4,5-bis(4-methoxyphenyl)-2-thiophen-2-yl-1h-imidazole
DrugBank_DB01666	DB01666	DrugBank	https://go.drugbank.com/drugs/DB01666	D-myo-inositol-hexasulphate
DrugBank_DB12386	DB12386	DrugBank	https://go.drugbank.com/drugs/DB12386	Bacillus Calmette-guerin Substrain Danish 1331 Live Antigen
DrugBank_DB08965	DB08965	DrugBank	https://go.drugbank.com/drugs/DB08965	Fusafungine
DrugBank_DB12185	DB12185	DrugBank	https://go.drugbank.com/drugs/DB12185	Exatecan
DrugBank_DB08000	DB08000	DrugBank	https://go.drugbank.com/drugs/DB08000	2-(carboxymethyl)-1-oxo-1,2-dihydronaphtho[1,2-d]isothiazole-4-carboxylic Acid 3,3-dioxide
DrugBank_DB12200	DB12200	DrugBank	https://go.drugbank.com/drugs/DB12200	Tivantinib
DrugBank_DB02746	DB02746	DrugBank	https://go.drugbank.com/drugs/DB02746	Phthalic Acid
DrugBank_DB08804	DB08804	DrugBank	https://go.drugbank.com/drugs/DB08804	Nandrolone Decanoate
DrugBank_DB05518	DB05518	DrugBank	https://go.drugbank.com/drugs/DB05518	Managlinat Dialanetil
DrugBank_DB06186	DB06186	DrugBank	https://go.drugbank.com/drugs/DB06186	Ipilimumab
DrugBank_DB02622	DB02622	DrugBank	https://go.drugbank.com/drugs/DB02622	2-(oxalyl-amino)-benzoic Acid
DrugBank_DB05961	DB05961	DrugBank	https://go.drugbank.com/drugs/DB05961	Ppl-100
DrugBank_DB00489	DB00489	DrugBank	https://go.drugbank.com/drugs/DB00489	Sotalol
DrugBank_DB01748	DB01748	DrugBank	https://go.drugbank.com/drugs/DB01748	N-benzyl-4-sulfamoyl-benzamide
DrugBank_DB13200	DB13200	DrugBank	https://go.drugbank.com/drugs/DB13200	Lipegfilgrastim
DrugBank_DB01456	DB01456	DrugBank	https://go.drugbank.com/drugs/DB01456	5-androstenedione
DrugBank_DB13001	DB13001	DrugBank	https://go.drugbank.com/drugs/DB13001	Tinoridine
DrugBank_DB06997	DB06997	DrugBank	https://go.drugbank.com/drugs/DB06997	2-(4-fluorophenyl)-n-{[3-fluoro-4-(1h-pyrrolo[2,3-b]pyridin-4-yloxy)phenyl]carbamoyl}acetamide
DrugBank_DB11059	DB11059	DrugBank	https://go.drugbank.com/drugs/DB11059	Carboxymethylcellulose
DrugBank_DB14678	DB14678	DrugBank	https://go.drugbank.com/drugs/DB14678	Norethindrone Enanthate
DrugBank_DB02600	DB02600	DrugBank	https://go.drugbank.com/drugs/DB02600	Oseltamivir Acid
DrugBank_DB00061	DB00061	DrugBank	https://go.drugbank.com/drugs/DB00061	Pegademase
DrugBank_DB00689	DB00689	DrugBank	https://go.drugbank.com/drugs/DB00689	Cephaloglycin
DrugBank_DB12576	DB12576	DrugBank	https://go.drugbank.com/drugs/DB12576	Azd-3043
DrugBank_DB11060	DB11060	DrugBank	https://go.drugbank.com/drugs/DB11060	Polyvinyl Alcohol
DrugBank_DB13981	DB13981	DrugBank	https://go.drugbank.com/drugs/DB13981	Nomegestrol Acetate
DrugBank_DB00876	DB00876	DrugBank	https://go.drugbank.com/drugs/DB00876	Eprosartan
DrugBank_DB04872	DB04872	DrugBank	https://go.drugbank.com/drugs/DB04872	Osanetant
DrugBank_DB07597	DB07597	DrugBank	https://go.drugbank.com/drugs/DB07597	Cis-(1r,2s)-2-amino-1,2,3,4-tetrahydronaphthalen-1-ol
DrugBank_DB08500	DB08500	DrugBank	https://go.drugbank.com/drugs/DB08500	(3s,5r,7r,8s,9s,10r)-7-(hydroxymethyl)-3-(2-naphthyl)-1,6-dioxa-2-azaspiro[4.5]decane-8,9,10-triol
DrugBank_DB07000	DB07000	DrugBank	https://go.drugbank.com/drugs/DB07000	N-{2,4-difluoro-3-[(5-pyridin-3-yl-1h-pyrrolo[2,3-b]pyridin-3-yl)carbonyl]phenyl}ethanesulfonamide
DrugBank_DB03945	DB03945	DrugBank	https://go.drugbank.com/drugs/DB03945	N,n,n-trimethyl-2-(phosphonooxy)ethanaminium
DrugBank_DB06964	DB06964	DrugBank	https://go.drugbank.com/drugs/DB06964	5-(5-chloro-2,4-dihydroxyphenyl)-n-ethyl-4-(4-methoxyphenyl)isoxazole-3-carboxamide
DrugBank_DB06696	DB06696	DrugBank	https://go.drugbank.com/drugs/DB06696	Arbekacin
DrugBank_DB09256	DB09256	DrugBank	https://go.drugbank.com/drugs/DB09256	Tegafur
DrugBank_DB03814	DB03814	DrugBank	https://go.drugbank.com/drugs/DB03814	2-(n-morpholino)ethanesulfonic Acid
DrugBank_DB08925	DB08925	DrugBank	https://go.drugbank.com/drugs/DB08925	Adrafinil
DrugBank_DB11362	DB11362	DrugBank	https://go.drugbank.com/drugs/DB11362	Selexipag
DrugBank_DB02483	DB02483	DrugBank	https://go.drugbank.com/drugs/DB02483	Etheno-nad
DrugBank_DB03225	DB03225	DrugBank	https://go.drugbank.com/drugs/DB03225	D-tryptophan
DrugBank_DB08008	DB08008	DrugBank	https://go.drugbank.com/drugs/DB08008	5-methyl-n-[4-(trifluoromethyl)phenyl][1,2,4]triazolo[1,5-a]pyrimidin-7-amine
DrugBank_DB07555	DB07555	DrugBank	https://go.drugbank.com/drugs/DB07555	Hydroxy(oxo)(2-{(1s)-2,2,2-trifluoro-1-[2-(trimethylarsonio)ethoxy]ethyl}phenyl)ammonium
DrugBank_DB01946	DB01946	DrugBank	https://go.drugbank.com/drugs/DB01946	Bisindolylmaleimide Viii
DrugBank_DB00369	DB00369	DrugBank	https://go.drugbank.com/drugs/DB00369	Cidofovir
DrugBank_DB01384	DB01384	DrugBank	https://go.drugbank.com/drugs/DB01384	Paramethasone
DrugBank_DB08462	DB08462	DrugBank	https://go.drugbank.com/drugs/DB08462	N-(4-phenylamino-quinazolin-6-yl)-acrylamide
DrugBank_DB04873	DB04873	DrugBank	https://go.drugbank.com/drugs/DB04873	Piboserod
DrugBank_DB04351	DB04351	DrugBank	https://go.drugbank.com/drugs/DB04351	Aconitate Ion
DrugBank_DB05488	DB05488	DrugBank	https://go.drugbank.com/drugs/DB05488	Technetium Tc-99m Ciprofloxacin
DrugBank_DB04005	DB04005	DrugBank	https://go.drugbank.com/drugs/DB04005	Uridine 5'-triphosphate
DrugBank_DB11604	DB11604	DrugBank	https://go.drugbank.com/drugs/DB11604	Tetanus Immune Globulin
DrugBank_DB01605	DB01605	DrugBank	https://go.drugbank.com/drugs/DB01605	Pivmecillinam
DrugBank_DB04527	DB04527	DrugBank	https://go.drugbank.com/drugs/DB04527	Beta-hydroxyasparagine
DrugBank_DB13338	DB13338	DrugBank	https://go.drugbank.com/drugs/DB13338	Flurithromycin
DrugBank_DB08248	DB08248	DrugBank	https://go.drugbank.com/drugs/DB08248	3-(6-cyclohexylmethoxy-9h-purin-2-ylamino)-benzenesulfonamide
DrugBank_DB01607	DB01607	DrugBank	https://go.drugbank.com/drugs/DB01607	Ticarcillin
DrugBank_DB08476	DB08476	DrugBank	https://go.drugbank.com/drugs/DB08476	3-amino-azacyclotridecan-2-one
DrugBank_DB07428	DB07428	DrugBank	https://go.drugbank.com/drugs/DB07428	4-[(5-methoxy-2-methylphenoxy)methyl]pyridine
DrugBank_DB11569	DB11569	DrugBank	https://go.drugbank.com/drugs/DB11569	Ixekizumab
DrugBank_DB09013	DB09013	DrugBank	https://go.drugbank.com/drugs/DB09013	Befunolol
DrugBank_DB11466	DB11466	DrugBank	https://go.drugbank.com/drugs/DB11466	Tepoxalin
DrugBank_DB11429	DB11429	DrugBank	https://go.drugbank.com/drugs/DB11429	Mibolerone
DrugBank_DB11678	DB11678	DrugBank	https://go.drugbank.com/drugs/DB11678	Treosulfan
DrugBank_DB05883	DB05883	DrugBank	https://go.drugbank.com/drugs/DB05883	Abx-pth
DrugBank_DB00457	DB00457	DrugBank	https://go.drugbank.com/drugs/DB00457	Prazosin
DrugBank_DB14123	DB14123	DrugBank	https://go.drugbank.com/drugs/DB14123	Racementhol
DrugBank_DB11988	DB11988	DrugBank	https://go.drugbank.com/drugs/DB11988	Ocrelizumab
DrugBank_DB15076	DB15076	DrugBank	https://go.drugbank.com/drugs/DB15076	Abrilumab
DrugBank_DB08070	DB08070	DrugBank	https://go.drugbank.com/drugs/DB08070	2-[4-(3-methyl-1h-pyrazol-4-yl)phenyl]ethanamine
DrugBank_DB11091	DB11091	DrugBank	https://go.drugbank.com/drugs/DB11091	Hydrogen Peroxide
DrugBank_DB01390	DB01390	DrugBank	https://go.drugbank.com/drugs/DB01390	Sodium Bicarbonate
DrugBank_DB09119	DB09119	DrugBank	https://go.drugbank.com/drugs/DB09119	Eslicarbazepine Acetate
DrugBank_DB00012	DB00012	DrugBank	https://go.drugbank.com/drugs/DB00012	Darbepoetin Alfa
DrugBank_DB09212	DB09212	DrugBank	https://go.drugbank.com/drugs/DB09212	Loxoprofen
DrugBank_DB08892	DB08892	DrugBank	https://go.drugbank.com/drugs/DB08892	Arbaclofen Placarbil
DrugBank_DB13744	DB13744	DrugBank	https://go.drugbank.com/drugs/DB13744	Piromidic Acid
DrugBank_DB13730	DB13730	DrugBank	https://go.drugbank.com/drugs/DB13730	Nifurtoinol
DrugBank_DB00593	DB00593	DrugBank	https://go.drugbank.com/drugs/DB00593	Ethosuximide
DrugBank_DB03551	DB03551	DrugBank	https://go.drugbank.com/drugs/DB03551	(3r,4r)-3-hydroxy-4-(hydroxymethyl)-1-[(4-oxo-4,4a,5,7a-tetrahydro-3h-pyrrolo[3,2-d]pyrimidin-7-yl)methyl]pyrrolidinium
DrugBank_DB05168	DB05168	DrugBank	https://go.drugbank.com/drugs/DB05168	Vintafolide
DrugBank_DB04934	DB04934	DrugBank	https://go.drugbank.com/drugs/DB04934	Rifalazil
DrugBank_DB08296	DB08296	DrugBank	https://go.drugbank.com/drugs/DB08296	5-(para-nitrophenyl Phosphonate)-pentanoic Acid
DrugBank_DB14952	DB14952	DrugBank	https://go.drugbank.com/drugs/DB14952	Pamrevlumab
DrugBank_DB13648	DB13648	DrugBank	https://go.drugbank.com/drugs/DB13648	Alcuronium
DrugBank_DB06536	DB06536	DrugBank	https://go.drugbank.com/drugs/DB06536	Tesaglitazar
DrugBank_DB01143	DB01143	DrugBank	https://go.drugbank.com/drugs/DB01143	Amifostine
DrugBank_DB13403	DB13403	DrugBank	https://go.drugbank.com/drugs/DB13403	Oxypertine
DrugBank_DB00043	DB00043	DrugBank	https://go.drugbank.com/drugs/DB00043	Omalizumab
DrugBank_DB05630	DB05630	DrugBank	https://go.drugbank.com/drugs/DB05630	Sodium Stibogluconate
DrugBank_DB02140	DB02140	DrugBank	https://go.drugbank.com/drugs/DB02140	N1-(1-dimethylcarbamoyl-2-phenyl-ethyl)-2-oxo-n4-(2-pyridin-2-yl-ethyl)-succinamide
DrugBank_DB09011	DB09011	DrugBank	https://go.drugbank.com/drugs/DB09011	Beclamide
DrugBank_DB15215	DB15215	DrugBank	https://go.drugbank.com/drugs/DB15215	Krn-5500
DrugBank_DB11898	DB11898	DrugBank	https://go.drugbank.com/drugs/DB11898	2,4-thiazolidinedione
DrugBank_DB05412	DB05412	DrugBank	https://go.drugbank.com/drugs/DB05412	Talmapimod
DrugBank_DB13626	DB13626	DrugBank	https://go.drugbank.com/drugs/DB13626	Aluminium Glycinate
DrugBank_DB08940	DB08940	DrugBank	https://go.drugbank.com/drugs/DB08940	Kebuzone
DrugBank_DB12379	DB12379	DrugBank	https://go.drugbank.com/drugs/DB12379	Indirubin
DrugBank_DB01209	DB01209	DrugBank	https://go.drugbank.com/drugs/DB01209	Dezocine
DrugBank_DB02115	DB02115	DrugBank	https://go.drugbank.com/drugs/DB02115	Daidzin
DrugBank_DB09076	DB09076	DrugBank	https://go.drugbank.com/drugs/DB09076	Umeclidinium
DrugBank_DB02964	DB02964	DrugBank	https://go.drugbank.com/drugs/DB02964	8,9,10-trihydroxy-7-hydroxymethyl-2-thioxo-6-oxa-1,3-diaza-spiro[4.5]decan-4-one
DrugBank_DB12667	DB12667	DrugBank	https://go.drugbank.com/drugs/DB12667	Protionamide
DrugBank_DB01638	DB01638	DrugBank	https://go.drugbank.com/drugs/DB01638	Sorbitol
DrugBank_DB00587	DB00587	DrugBank	https://go.drugbank.com/drugs/DB00587	Cinalukast
DrugBank_DB15415	DB15415	DrugBank	https://go.drugbank.com/drugs/DB15415	Tomaralimab
DrugBank_DB09043	DB09043	DrugBank	https://go.drugbank.com/drugs/DB09043	Albiglutide
DrugBank_DB08828	DB08828	DrugBank	https://go.drugbank.com/drugs/DB08828	Vismodegib
DrugBank_DB09245	DB09245	DrugBank	https://go.drugbank.com/drugs/DB09245	Toloxatone
DrugBank_DB08729	DB08729	DrugBank	https://go.drugbank.com/drugs/DB08729	5-ethoxy-4-(1-methyl-7-oxo-3-propyl-6,7-dihydro-1h-pyrazolo[4,3-d]pyrimidin-5-yl)thiophene-2-sulfonamide
DrugBank_DB11737	DB11737	DrugBank	https://go.drugbank.com/drugs/DB11737	Icotinib
DrugBank_DB01811	DB01811	DrugBank	https://go.drugbank.com/drugs/DB01811	3h-indole-5,6-diol
DrugBank_DB01621	DB01621	DrugBank	https://go.drugbank.com/drugs/DB01621	Pipotiazine
DrugBank_DB03525	DB03525	DrugBank	https://go.drugbank.com/drugs/DB03525	Ru79073
DrugBank_DB07604	DB07604	DrugBank	https://go.drugbank.com/drugs/DB07604	(6ar,11as,11br)-10-acetyl-9-hydroxy-7,7-dimethyl-2,6,6a,7,11a,11b-hexahydro-11h-pyrrolo[1',2':2,3]isoindolo[4,5,6-cd]indol-11-one
DrugBank_DB08774	DB08774	DrugBank	https://go.drugbank.com/drugs/DB08774	1-[(2s)-4-(5-phenyl-1h-pyrazolo[3,4-b]pyridin-4-yl)morpholin-2-yl]methanamine
DrugBank_DB02079	DB02079	DrugBank	https://go.drugbank.com/drugs/DB02079	Aminooxyacetic Acid
DrugBank_DB09077	DB09077	DrugBank	https://go.drugbank.com/drugs/DB09077	Dinutuximab
DrugBank_DB00722	DB00722	DrugBank	https://go.drugbank.com/drugs/DB00722	Lisinopril
DrugBank_DB04316	DB04316	DrugBank	https://go.drugbank.com/drugs/DB04316	D-[(n-hydroxyamino)carbonyl]phenylalanine
DrugBank_DB03214	DB03214	DrugBank	https://go.drugbank.com/drugs/DB03214	Vinylglycine
DrugBank_DB08418	DB08418	DrugBank	https://go.drugbank.com/drugs/DB08418	(4as,4br,10bs,12as)-12a-methyl-1,3-dioxo-2-(pyridin-3-ylmethyl)-1,2,3,4,4a,4b,5,6,10b,11,12,12a-dodecahydronaphtho[2,1-f]isoquinolin-8-yl Sulfamate
DrugBank_DB11481	DB11481	DrugBank	https://go.drugbank.com/drugs/DB11481	Atipamezole
DrugBank_DB09226	DB09226	DrugBank	https://go.drugbank.com/drugs/DB09226	Brilaroxazine
DrugBank_DB08151	DB08151	DrugBank	https://go.drugbank.com/drugs/DB08151	(5r,7r,8s,9s,10r)-7-(hydroxymethyl)-3-phenyl-1,6-dioxa-2-azaspiro[4.5]dec-2-ene-8,9,10-triol
DrugBank_DB03918	DB03918	DrugBank	https://go.drugbank.com/drugs/DB03918	6s-5,6,7,8-tetrahydrobiopterin
DrugBank_DB14542	DB14542	DrugBank	https://go.drugbank.com/drugs/DB14542	Hydrocortisone Phosphate
DrugBank_DB11664	DB11664	DrugBank	https://go.drugbank.com/drugs/DB11664	Psilocybin
DrugBank_DB07772	DB07772	DrugBank	https://go.drugbank.com/drugs/DB07772	(1r)-1-{[(4'-methoxy-1,1'-biphenyl-4-yl)sulfonyl]amino}-2-methylpropylphosphonic Acid
DrugBank_DB14754	DB14754	DrugBank	https://go.drugbank.com/drugs/DB14754	Solriamfetol
DrugBank_DB02482	DB02482	DrugBank	https://go.drugbank.com/drugs/DB02482	Phosphonothreonine
DrugBank_DB07060	DB07060	DrugBank	https://go.drugbank.com/drugs/DB07060	3-(indol-3-yl) Lactate
DrugBank_DB07374	DB07374	DrugBank	https://go.drugbank.com/drugs/DB07374	Anisomycin
DrugBank_DB09278	DB09278	DrugBank	https://go.drugbank.com/drugs/DB09278	Activated Charcoal
DrugBank_DB04838	DB04838	DrugBank	https://go.drugbank.com/drugs/DB04838	Cyclandelate
DrugBank_DB00539	DB00539	DrugBank	https://go.drugbank.com/drugs/DB00539	Toremifene
DrugBank_DB04826	DB04826	DrugBank	https://go.drugbank.com/drugs/DB04826	Thenalidine
DrugBank_DB07253	DB07253	DrugBank	https://go.drugbank.com/drugs/DB07253	N'-(5-chloro-1,3-benzodioxol-4-yl)-n-(3-methylsulfonylphenyl)pyrimidine-2,4-diamine
DrugBank_DB11160	DB11160	DrugBank	https://go.drugbank.com/drugs/DB11160	Phenyltoloxamine
DrugBank_DB14762	DB14762	DrugBank	https://go.drugbank.com/drugs/DB14762	Risankizumab
DrugBank_DB07219	DB07219	DrugBank	https://go.drugbank.com/drugs/DB07219	Benzyl N-({(2s,3s)-3-[(propylamino)carbonyl]oxiran-2-yl}carbonyl)-l-isoleucyl-l-prolinate
DrugBank_DB08709	DB08709	DrugBank	https://go.drugbank.com/drugs/DB08709	2,3-diphenyl-1h-indole-7-carboxylic Acid
DrugBank_DB07280	DB07280	DrugBank	https://go.drugbank.com/drugs/DB07280	5-[4-(dimethylamino)phenyl]-6-[(6-morpholin-4-ylpyridin-3-yl)ethynyl]pyrimidin-4-amine
DrugBank_DB14520	DB14520	DrugBank	https://go.drugbank.com/drugs/DB14520	Tetraferric Tricitrate Decahydrate
DrugBank_DB11751	DB11751	DrugBank	https://go.drugbank.com/drugs/DB11751	Cabotegravir
DrugBank_DB13997	DB13997	DrugBank	https://go.drugbank.com/drugs/DB13997	Baloxavir Marboxil
DrugBank_DB00591	DB00591	DrugBank	https://go.drugbank.com/drugs/DB00591	Fluocinolone Acetonide
DrugBank_DB07719	DB07719	DrugBank	https://go.drugbank.com/drugs/DB07719	[(3r)-3-(methylcarbamoyl)-2-{[(2-methyl-2-propanyl)oxy]carbonyl}-1,2,3,4-tetrahydro-7-isoquinolinyl]sulfamic Acid
DrugBank_DB15685	DB15685	DrugBank	https://go.drugbank.com/drugs/DB15685	Selpercatinib
DrugBank_DB07077	DB07077	DrugBank	https://go.drugbank.com/drugs/DB07077	(r)-1-(4-(4-(hydroxymethyl)-1,3,2-dioxaborolan-2-yl)phenyl)guanidine
DrugBank_DB01096	DB01096	DrugBank	https://go.drugbank.com/drugs/DB01096	Oxamniquine
DrugBank_DB00184	DB00184	DrugBank	https://go.drugbank.com/drugs/DB00184	Nicotine
DrugBank_DB05428	DB05428	DrugBank	https://go.drugbank.com/drugs/DB05428	Motexafin Gadolinium
DrugBank_DB08819	DB08819	DrugBank	https://go.drugbank.com/drugs/DB08819	Tafluprost
DrugBank_DB01341	DB01341	DrugBank	https://go.drugbank.com/drugs/DB01341	Dihydroquinidine Barbiturate
DrugBank_DB05739	DB05739	DrugBank	https://go.drugbank.com/drugs/DB05739	Cyt006-angqb
DrugBank_DB07991	DB07991	DrugBank	https://go.drugbank.com/drugs/DB07991	N-[(1r)-3-(4-hydroxyphenyl)-1-methylpropyl]-2-(2-phenyl-1h-indol-3-yl)acetamide
DrugBank_DB00080	DB00080	DrugBank	https://go.drugbank.com/drugs/DB00080	Daptomycin
DrugBank_DB00430	DB00430	DrugBank	https://go.drugbank.com/drugs/DB00430	Cefpiramide
DrugBank_DB07957	DB07957	DrugBank	https://go.drugbank.com/drugs/DB07957	Methyl(2-acetoxy-2-(2-carboxy-4-amino-phenyl))acetate
DrugBank_DB08855	DB08855	DrugBank	https://go.drugbank.com/drugs/DB08855	Leukotriene C4
DrugBank_DB11627	DB11627	DrugBank	https://go.drugbank.com/drugs/DB11627	Hepatitis B Vaccine (recombinant)
DrugBank_DB12267	DB12267	DrugBank	https://go.drugbank.com/drugs/DB12267	Brigatinib
DrugBank_DB04930	DB04930	DrugBank	https://go.drugbank.com/drugs/DB04930	Permethrin
DrugBank_DB06838	DB06838	DrugBank	https://go.drugbank.com/drugs/DB06838	Methyl L-phenylalaninate
DrugBank_DB07988	DB07988	DrugBank	https://go.drugbank.com/drugs/DB07988	2-[3-(5-mercapto-[1,3,4]thiadiazol-2yl)-ureido]-n-methyl-3-pentafluorophenyl-propionamide
DrugBank_DB07132	DB07132	DrugBank	https://go.drugbank.com/drugs/DB07132	1-{2-oxo-3-[(1r)-1-(1h-pyrrol-2-yl)ethyl]-2h-indol-5-yl}urea
DrugBank_DB08857	DB08857	DrugBank	https://go.drugbank.com/drugs/DB08857	Bamet-ud2
DrugBank_DB03711	DB03711	DrugBank	https://go.drugbank.com/drugs/DB03711	6-hydroxy-6-methyl-heptan-3-one
DrugBank_DB02821	DB02821	DrugBank	https://go.drugbank.com/drugs/DB02821	Canaline
DrugBank_DB04405	DB04405	DrugBank	https://go.drugbank.com/drugs/DB04405	2-[2-(1,3-dioxo-1,3-dihydro-2h-isoindol-2-yl)ethyl]-4-(4'-ethoxy-1,1'-biphenyl-4-yl)-4-oxobutanoic Acid
DrugBank_DB00675	DB00675	DrugBank	https://go.drugbank.com/drugs/DB00675	Tamoxifen
DrugBank_DB01378	DB01378	DrugBank	https://go.drugbank.com/drugs/DB01378	Magnesium Cation
DrugBank_DB05941	DB05941	DrugBank	https://go.drugbank.com/drugs/DB05941	Leronlimab
DrugBank_DB05321	DB05321	DrugBank	https://go.drugbank.com/drugs/DB05321	Peg-uricase
DrugBank_DB08356	DB08356	DrugBank	https://go.drugbank.com/drugs/DB08356	4-[4-(4-methoxyphenyl)-5-methyl-1h-pyrazol-3-yl]benzene-1,3-diol
DrugBank_DB06650	DB06650	DrugBank	https://go.drugbank.com/drugs/DB06650	Ofatumumab
DrugBank_DB07521	DB07521	DrugBank	https://go.drugbank.com/drugs/DB07521	(3z,6s)-6-chloro-1-(2-{[(5-chloro-1-benzothiophen-3-yl)methyl]amino}ethyl)-3-({2-[(2r)-2-piperidinyl]ethyl}imino)-2-piperazinol
DrugBank_DB01884	DB01884	DrugBank	https://go.drugbank.com/drugs/DB01884	2-amino-3-methyl-1-pyrrolidin-1-yl-butan-1-one
DrugBank_DB00071	DB00071	DrugBank	https://go.drugbank.com/drugs/DB00071	Insulin Pork
DrugBank_DB13398	DB13398	DrugBank	https://go.drugbank.com/drugs/DB13398	Oxyfedrine
DrugBank_DB11081	DB11081	DrugBank	https://go.drugbank.com/drugs/DB11081	Aluminum Chloride
DrugBank_DB13485	DB13485	DrugBank	https://go.drugbank.com/drugs/DB13485	Sulfametomidine
DrugBank_DB09302	DB09302	DrugBank	https://go.drugbank.com/drugs/DB09302	Alirocumab
DrugBank_DB01168	DB01168	DrugBank	https://go.drugbank.com/drugs/DB01168	Procarbazine
DrugBank_DB01948	DB01948	DrugBank	https://go.drugbank.com/drugs/DB01948	1-(2,6-dichlorophenyl)-5-(2,4-difluorophenyl)-7-piperidin-4-yl-3,4-dihydroquinolin-2(1h)-one
DrugBank_DB02857	DB02857	DrugBank	https://go.drugbank.com/drugs/DB02857	Guanosine
DrugBank_DB07091	DB07091	DrugBank	https://go.drugbank.com/drugs/DB07091	(s)-n-(4-carbamimidoylbenzyl)-1-(2-(cyclohexyloxy)ethanoyl)pyrrolidine-2-carboxamide
DrugBank_DB01843	DB01843	DrugBank	https://go.drugbank.com/drugs/DB01843	(5s,7r,8s,9s,10r)-3-amino-8,9,10-trihydroxy-7-(hydroxymethyl)-6-oxa-1,3-diazaspiro[4.5]decane-2,4-dione
DrugBank_DB07586	DB07586	DrugBank	https://go.drugbank.com/drugs/DB07586	5-(4-methyl-benzoylamino)-biphenyl-3,4'-dicarboxylic Acid 3-dimethylamide-4'-hydroxyamide
DrugBank_DB05483	DB05483	DrugBank	https://go.drugbank.com/drugs/DB05483	Pcl-016
DrugBank_DB06777	DB06777	DrugBank	https://go.drugbank.com/drugs/DB06777	Chenodeoxycholic Acid
DrugBank_DB08128	DB08128	DrugBank	https://go.drugbank.com/drugs/DB08128	(1s,4r,9s)-5-(trifluoromethyl)-1,2,3,4-tetrahydro-1,4-methanonaphthalen-9-amine
DrugBank_DB00833	DB00833	DrugBank	https://go.drugbank.com/drugs/DB00833	Cefaclor
DrugBank_DB08992	DB08992	DrugBank	https://go.drugbank.com/drugs/DB08992	Eperisone
DrugBank_DB12313	DB12313	DrugBank	https://go.drugbank.com/drugs/DB12313	Dopexamine
DrugBank_DB07217	DB07217	DrugBank	https://go.drugbank.com/drugs/DB07217	N-(3-cyano-4,5,6,7-tetrahydro-1-benzothien-2-yl)-2-fluorobenzamide
DrugBank_DB02123	DB02123	DrugBank	https://go.drugbank.com/drugs/DB02123	Glycochenodeoxycholic Acid
DrugBank_DB08972	DB08972	DrugBank	https://go.drugbank.com/drugs/DB08972	Flumequine
DrugBank_DB00155	DB00155	DrugBank	https://go.drugbank.com/drugs/DB00155	Citrulline
DrugBank_DB14906	DB14906	DrugBank	https://go.drugbank.com/drugs/DB14906	Adafosbuvir
DrugBank_DB03729	DB03729	DrugBank	https://go.drugbank.com/drugs/DB03729	2-amino-1h-benzimidazol-5-ol
DrugBank_DB04444	DB04444	DrugBank	https://go.drugbank.com/drugs/DB04444	Tetrafluoroaluminate Ion
DrugBank_DB00501	DB00501	DrugBank	https://go.drugbank.com/drugs/DB00501	Cimetidine
DrugBank_DB14809	DB14809	DrugBank	https://go.drugbank.com/drugs/DB14809	Anetumab Ravtansine
DrugBank_DB06350	DB06350	DrugBank	https://go.drugbank.com/drugs/DB06350	Elinogrel
DrugBank_DB06283	DB06283	DrugBank	https://go.drugbank.com/drugs/DB06283	Ziconotide
DrugBank_DB08621	DB08621	DrugBank	https://go.drugbank.com/drugs/DB08621	Thiamphenicol
DrugBank_DB06775	DB06775	DrugBank	https://go.drugbank.com/drugs/DB06775	Carglumic Acid
DrugBank_DB07556	DB07556	DrugBank	https://go.drugbank.com/drugs/DB07556	Cgs-27023
DrugBank_DB13201	DB13201	DrugBank	https://go.drugbank.com/drugs/DB13201	Trenonacog Alfa
DrugBank_DB07786	DB07786	DrugBank	https://go.drugbank.com/drugs/DB07786	1-((1r,2s)-1-{2-[2-(4-chlorophenyl)-1,3-benzoxazol-7-yl]ethyl}-2-hydroxypropyl)-1h-imidazole-4-carboxamide
DrugBank_DB08695	DB08695	DrugBank	https://go.drugbank.com/drugs/DB08695	3-(4-nitrophenyl)-1h-pyrazole
DrugBank_DB07023	DB07023	DrugBank	https://go.drugbank.com/drugs/DB07023	(1r)-2-[(diaminomethylene)amino]-1-{4-[(4r)-4-(hydroxymethyl)-1,3,2-dioxaborolan-2-yl]phenyl}ethyl Nicotinate
DrugBank_DB06414	DB06414	DrugBank	https://go.drugbank.com/drugs/DB06414	Etravirine
DrugBank_DB01926	DB01926	DrugBank	https://go.drugbank.com/drugs/DB01926	Carboxymycobactin S
DrugBank_DB08610	DB08610	DrugBank	https://go.drugbank.com/drugs/DB08610	N-(2-aminoethyl)-2-{3-chloro-4-[(4-isopropylbenzyl)oxy]phenyl} Acetamide
DrugBank_DB14493	DB14493	DrugBank	https://go.drugbank.com/drugs/DB14493	Zinc Glycinate
DrugBank_DB01520	DB01520	DrugBank	https://go.drugbank.com/drugs/DB01520	Tenocyclidine
DrugBank_DB08095	DB08095	DrugBank	https://go.drugbank.com/drugs/DB08095	3-(2-chlorophenyl)-1-(2-{[(1s)-2-hydroxy-1,2-dimethylpropyl]amino}pyrimidin-4-yl)-1-(4-methoxyphenyl)urea
DrugBank_DB00775	DB00775	DrugBank	https://go.drugbank.com/drugs/DB00775	Tirofiban
DrugBank_DB11960	DB11960	DrugBank	https://go.drugbank.com/drugs/DB11960	Carboxyamidotriazole
DrugBank_DB11120	DB11120	DrugBank	https://go.drugbank.com/drugs/DB11120	Turpentine
DrugBank_DB09153	DB09153	DrugBank	https://go.drugbank.com/drugs/DB09153	Sodium Chloride
DrugBank_DB12053	DB12053	DrugBank	https://go.drugbank.com/drugs/DB12053	Visilizumab
DrugBank_DB06924	DB06924	DrugBank	https://go.drugbank.com/drugs/DB06924	(2r)-2-benzyl-3-nitropropanoic Acid
DrugBank_DB00380	DB00380	DrugBank	https://go.drugbank.com/drugs/DB00380	Dexrazoxane
DrugBank_DB13154	DB13154	DrugBank	https://go.drugbank.com/drugs/DB13154	Parachlorophenol
DrugBank_DB05750	DB05750	DrugBank	https://go.drugbank.com/drugs/DB05750	Ave-1625
DrugBank_DB08054	DB08054	DrugBank	https://go.drugbank.com/drugs/DB08054	1-(1-methylethyl)-3-quinolin-6-yl-1h-pyrazolo[3,4-d]pyrimidin-4-amine
DrugBank_DB00836	DB00836	DrugBank	https://go.drugbank.com/drugs/DB00836	Loperamide
DrugBank_DB13530	DB13530	DrugBank	https://go.drugbank.com/drugs/DB13530	Mepindolol
DrugBank_DB12232	DB12232	DrugBank	https://go.drugbank.com/drugs/DB12232	Krn-7000
DrugBank_DB02563	DB02563	DrugBank	https://go.drugbank.com/drugs/DB02563	Hexanoyl-coa
DrugBank_DB08121	DB08121	DrugBank	https://go.drugbank.com/drugs/DB08121	(2s)-2-(biphenyl-4-yloxy)-3-phenylpropanoic Acid
DrugBank_DB11853	DB11853	DrugBank	https://go.drugbank.com/drugs/DB11853	Relugolix
DrugBank_DB08092	DB08092	DrugBank	https://go.drugbank.com/drugs/DB08092	3-fluoro-n-1h-indol-5-yl-5-morpholin-4-ylbenzamide
DrugBank_DB05434	DB05434	DrugBank	https://go.drugbank.com/drugs/DB05434	Abt-510
DrugBank_DB13641	DB13641	DrugBank	https://go.drugbank.com/drugs/DB13641	Metisazone
DrugBank_DB08234	DB08234	DrugBank	https://go.drugbank.com/drugs/DB08234	5-[3-(2,5-dimethoxyphenyl)prop-1-yn-1-yl]-6-ethylpyrimidine-2,4-diamine
DrugBank_DB02442	DB02442	DrugBank	https://go.drugbank.com/drugs/DB02442	Dioxyselenocysteine
DrugBank_DB14485	DB14485	DrugBank	https://go.drugbank.com/drugs/DB14485	Zinc Ascorbate
DrugBank_DB07744	DB07744	DrugBank	https://go.drugbank.com/drugs/DB07744	Z-val-ala-asp Fluoromethyl Ketone
DrugBank_DB09564	DB09564	DrugBank	https://go.drugbank.com/drugs/DB09564	Insulin Degludec
DrugBank_DB05885	DB05885	DrugBank	https://go.drugbank.com/drugs/DB05885	Seletracetam
DrugBank_DB01364	DB01364	DrugBank	https://go.drugbank.com/drugs/DB01364	Ephedrine
DrugBank_DB06401	DB06401	DrugBank	https://go.drugbank.com/drugs/DB06401	Bazedoxifene
DrugBank_DB09049	DB09049	DrugBank	https://go.drugbank.com/drugs/DB09049	Naloxegol
DrugBank_DB08003	DB08003	DrugBank	https://go.drugbank.com/drugs/DB08003	Isothiazolidinone Analog
DrugBank_DB14527	DB14527	DrugBank	https://go.drugbank.com/drugs/DB14527	Chromic Nitrate
DrugBank_DB05442	DB05442	DrugBank	https://go.drugbank.com/drugs/DB05442	Etiprednol Dicloacetate
DrugBank_DB12112	DB12112	DrugBank	https://go.drugbank.com/drugs/DB12112	Zuretinol Acetate
DrugBank_DB08168	DB08168	DrugBank	https://go.drugbank.com/drugs/DB08168	Coumarin 120
DrugBank_DB00564	DB00564	DrugBank	https://go.drugbank.com/drugs/DB00564	Carbamazepine
DrugBank_DB03600	DB03600	DrugBank	https://go.drugbank.com/drugs/DB03600	Capric Acid
DrugBank_DB08084	DB08084	DrugBank	https://go.drugbank.com/drugs/DB08084	Idd594
DrugBank_DB13995	DB13995	DrugBank	https://go.drugbank.com/drugs/DB13995	Ferric Pyrophosphate Citrate
DrugBank_DB06807	DB06807	DrugBank	https://go.drugbank.com/drugs/DB06807	Phenyl Aminosalicylate
DrugBank_DB07916	DB07916	DrugBank	https://go.drugbank.com/drugs/DB07916	3-{6-[(8-hydroxy-quinoline-2-carbonyl)-amino]-2-thiophen-2-yl-hexanoylamino}-4-oxo-butyri Acid
DrugBank_DB08843	DB08843	DrugBank	https://go.drugbank.com/drugs/DB08843	Gs 0573
DrugBank_DB06767	DB06767	DrugBank	https://go.drugbank.com/drugs/DB06767	Ammonium Chloride
DrugBank_DB13650	DB13650	DrugBank	https://go.drugbank.com/drugs/DB13650	Aloglutamol
DrugBank_DB13316	DB13316	DrugBank	https://go.drugbank.com/drugs/DB13316	Ibopamine
DrugBank_DB06688	DB06688	DrugBank	https://go.drugbank.com/drugs/DB06688	Sipuleucel-t
DrugBank_DB13848	DB13848	DrugBank	https://go.drugbank.com/drugs/DB13848	Fluorodopa (18f)
DrugBank_DB09253	DB09253	DrugBank	https://go.drugbank.com/drugs/DB09253	Safrazine
DrugBank_DB03189	DB03189	DrugBank	https://go.drugbank.com/drugs/DB03189	Cu-cyclam
DrugBank_DB02710	DB02710	DrugBank	https://go.drugbank.com/drugs/DB02710	2,3,-dihydroxybenzoylserine
DrugBank_DB08820	DB08820	DrugBank	https://go.drugbank.com/drugs/DB08820	Ivacaftor
DrugBank_DB06736	DB06736	DrugBank	https://go.drugbank.com/drugs/DB06736	Aceclofenac
DrugBank_DB09111	DB09111	DrugBank	https://go.drugbank.com/drugs/DB09111	Pentastarch
DrugBank_DB07453	DB07453	DrugBank	https://go.drugbank.com/drugs/DB07453	Alpha-naphthoflavone
DrugBank_DB06040	DB06040	DrugBank	https://go.drugbank.com/drugs/DB06040	Filanesib
DrugBank_DB01762	DB01762	DrugBank	https://go.drugbank.com/drugs/DB01762	Acetoacetic Acid
DrugBank_DB14185	DB14185	DrugBank	https://go.drugbank.com/drugs/DB14185	Aripiprazole Lauroxil
DrugBank_DB03907	DB03907	DrugBank	https://go.drugbank.com/drugs/DB03907	N-[(e)-3-[(2r,3s,4r,5r)-5-(6-aminopurin-9-yl)-3,4-dihydroxyoxolan-2-yl]prop-2-enyl]-2,3-dihydroxy-5-nitrobenzamide
DrugBank_DB07402	DB07402	DrugBank	https://go.drugbank.com/drugs/DB07402	Azapropazone
DrugBank_DB03461	DB03461	DrugBank	https://go.drugbank.com/drugs/DB03461	Nicotinamide Adenine Dinucleotide Phosphate
DrugBank_DB05036	DB05036	DrugBank	https://go.drugbank.com/drugs/DB05036	Grn163l
DrugBank_DB01791	DB01791	DrugBank	https://go.drugbank.com/drugs/DB01791	Piclamilast
DrugBank_DB06171	DB06171	DrugBank	https://go.drugbank.com/drugs/DB06171	Paclitaxel Trevatide
DrugBank_DB08688	DB08688	DrugBank	https://go.drugbank.com/drugs/DB08688	2-undecanone
DrugBank_DB04054	DB04054	DrugBank	https://go.drugbank.com/drugs/DB04054	9-butyl-8-(2,5-dimethoxy-benzyl)-2-fluoro-9h-purin-6-ylamine
DrugBank_DB00280	DB00280	DrugBank	https://go.drugbank.com/drugs/DB00280	Disopyramide
DrugBank_DB07565	DB07565	DrugBank	https://go.drugbank.com/drugs/DB07565	Chloramphenicol Succinate
DrugBank_DB01969	DB01969	DrugBank	https://go.drugbank.com/drugs/DB01969	Trifluoroacetonyl Coenzyme A
DrugBank_DB07433	DB07433	DrugBank	https://go.drugbank.com/drugs/DB07433	(tert-butyloxycarbonyl)-alanyl-amino Ethyl-formamide
DrugBank_DB13917	DB13917	DrugBank	https://go.drugbank.com/drugs/DB13917	Deoxyepinephrine
DrugBank_DB03593	DB03593	DrugBank	https://go.drugbank.com/drugs/DB03593	7-methyl-5'-guanylic Acid
DrugBank_DB13075	DB13075	DrugBank	https://go.drugbank.com/drugs/DB13075	Menaquinone 7
DrugBank_DB06879	DB06879	DrugBank	https://go.drugbank.com/drugs/DB06879	5-(4'-amino-1'-ethyl-5',8'-difluoro-1'h-spiro[piperidine-4,2'-quinazoline]-1-ylcarbonyl)picolinonitrile
DrugBank_DB04985	DB04985	DrugBank	https://go.drugbank.com/drugs/DB04985	Tigapotide
DrugBank_DB07546	DB07546	DrugBank	https://go.drugbank.com/drugs/DB07546	[1-(6-{6-[(1-methylethyl)amino]-1h-indazol-1-yl}pyrazin-2-yl)-1h-pyrrol-3-yl]acetic Acid
DrugBank_DB00975	DB00975	DrugBank	https://go.drugbank.com/drugs/DB00975	Dipyridamole
DrugBank_DB07382	DB07382	DrugBank	https://go.drugbank.com/drugs/DB07382	N~2~-1h-benzimidazol-5-yl-n~4~-(3-cyclopropyl-1h-pyrazol-5-yl)pyrimidine-2,4-diamine
DrugBank_DB13588	DB13588	DrugBank	https://go.drugbank.com/drugs/DB13588	Naftidrofuryl
DrugBank_DB11152	DB11152	DrugBank	https://go.drugbank.com/drugs/DB11152	Trichloroacetate
DrugBank_DB01237	DB01237	DrugBank	https://go.drugbank.com/drugs/DB01237	Bromodiphenhydramine
DrugBank_DB06919	DB06919	DrugBank	https://go.drugbank.com/drugs/DB06919	D-phenylalanyl-n-(3-chlorobenzyl)-l-prolinamide
DrugBank_DB04133	DB04133	DrugBank	https://go.drugbank.com/drugs/DB04133	Degraded Cephaloridine
DrugBank_DB01213	DB01213	DrugBank	https://go.drugbank.com/drugs/DB01213	Fomepizole
DrugBank_DB00643	DB00643	DrugBank	https://go.drugbank.com/drugs/DB00643	Mebendazole
DrugBank_DB03186	DB03186	DrugBank	https://go.drugbank.com/drugs/DB03186	Adenylate-3'-phosphate-[[2'-deoxy-uridine-5'-phosphate]-3'-phosphate]
DrugBank_DB14506	DB14506	DrugBank	https://go.drugbank.com/drugs/DB14506	Lithium Hydroxide
DrugBank_DB00218	DB00218	DrugBank	https://go.drugbank.com/drugs/DB00218	Moxifloxacin
DrugBank_DB07161	DB07161	DrugBank	https://go.drugbank.com/drugs/DB07161	5-phenyl-1h-indazol-3-amine
DrugBank_DB08529	DB08529	DrugBank	https://go.drugbank.com/drugs/DB08529	(6e,11e)-heptadeca-6,11-diene-9,9-diylbis(phosphonic Acid)
DrugBank_DB11359	DB11359	DrugBank	https://go.drugbank.com/drugs/DB11359	Guaiacol
DrugBank_DB05223	DB05223	DrugBank	https://go.drugbank.com/drugs/DB05223	Pracinostat
DrugBank_DB03523	DB03523	DrugBank	https://go.drugbank.com/drugs/DB03523	Brequinar
DrugBank_DB08195	DB08195	DrugBank	https://go.drugbank.com/drugs/DB08195	(1r)-2-[(cyanomethyl)amino]-1-({[2-(difluoromethoxy)benzyl]sulfonyl}methyl)-2-oxoethyl Morpholine-4-carboxylate
DrugBank_DB09241	DB09241	DrugBank	https://go.drugbank.com/drugs/DB09241	Methylene Blue
DrugBank_DB00192	DB00192	DrugBank	https://go.drugbank.com/drugs/DB00192	Indecainide
DrugBank_DB04654	DB04654	DrugBank	https://go.drugbank.com/drugs/DB04654	4-piperidin-4-ylbutanal
DrugBank_DB02369	DB02369	DrugBank	https://go.drugbank.com/drugs/DB02369	3-aza-2,3-dihydrogeranyl Diphosphate
DrugBank_DB09347	DB09347	DrugBank	https://go.drugbank.com/drugs/DB09347	Acetrizoic Acid
DrugBank_DB09324	DB09324	DrugBank	https://go.drugbank.com/drugs/DB09324	Sulbactam
DrugBank_DB07004	DB07004	DrugBank	https://go.drugbank.com/drugs/DB07004	2-[(5-hex-1-yn-1-ylfuran-2-yl)carbonyl]-n-methylhydrazinecarbothioamide
DrugBank_DB03135	DB03135	DrugBank	https://go.drugbank.com/drugs/DB03135	[2(formyl-hydroxy-amino)-ethyl]-phosphonic Acid
DrugBank_DB01783	DB01783	DrugBank	https://go.drugbank.com/drugs/DB01783	Pantothenic Acid
DrugBank_DB09265	DB09265	DrugBank	https://go.drugbank.com/drugs/DB09265	Lixisenatide
DrugBank_DB13328	DB13328	DrugBank	https://go.drugbank.com/drugs/DB13328	Butanilicaine
DrugBank_DB11235	DB11235	DrugBank	https://go.drugbank.com/drugs/DB11235	Thonzylamine
DrugBank_DB03984	DB03984	DrugBank	https://go.drugbank.com/drugs/DB03984	Morpholine-4-carboxylic Acid [1-(2-benzylsulfanyl-1-formyl-ethylcarbamoyl)-2-phenyl-ethyl]-amide
DrugBank_DB13787	DB13787	DrugBank	https://go.drugbank.com/drugs/DB13787	Tilidine
DrugBank_DB00332	DB00332	DrugBank	https://go.drugbank.com/drugs/DB00332	Ipratropium
DrugBank_DB04831	DB04831	DrugBank	https://go.drugbank.com/drugs/DB04831	Tienilic Acid
DrugBank_DB13460	DB13460	DrugBank	https://go.drugbank.com/drugs/DB13460	Ronifibrate
DrugBank_DB05198	DB05198	DrugBank	https://go.drugbank.com/drugs/DB05198	Cyc116
DrugBank_DB07653	DB07653	DrugBank	https://go.drugbank.com/drugs/DB07653	N-(5,6-diphenylfuro[2,3-d]pyrimidin-4-yl)glycine
DrugBank_DB03758	DB03758	DrugBank	https://go.drugbank.com/drugs/DB03758	Radicicol
DrugBank_DB02837	DB02837	DrugBank	https://go.drugbank.com/drugs/DB02837	4-(hydrogen Sulfate)-beta-d-galactopyranose
DrugBank_DB02468	DB02468	DrugBank	https://go.drugbank.com/drugs/DB02468	12-phenylheme
DrugBank_DB13453	DB13453	DrugBank	https://go.drugbank.com/drugs/DB13453	Xenon
DrugBank_DB11840	DB11840	DrugBank	https://go.drugbank.com/drugs/DB11840	Dalotuzumab
DrugBank_DB00606	DB00606	DrugBank	https://go.drugbank.com/drugs/DB00606	Cyclothiazide
DrugBank_DB07637	DB07637	DrugBank	https://go.drugbank.com/drugs/DB07637	Dibromotyrosine
DrugBank_DB04160	DB04160	DrugBank	https://go.drugbank.com/drugs/DB04160	Pyrophosphoric Acid
DrugBank_DB08617	DB08617	DrugBank	https://go.drugbank.com/drugs/DB08617	4-(2,2,2-trifluoroethyl)-l-phenylalanine
DrugBank_DB11776	DB11776	DrugBank	https://go.drugbank.com/drugs/DB11776	Brodalumab
DrugBank_DB07995	DB07995	DrugBank	https://go.drugbank.com/drugs/DB07995	H-89
DrugBank_DB00970	DB00970	DrugBank	https://go.drugbank.com/drugs/DB00970	Dactinomycin
DrugBank_DB13540	DB13540	DrugBank	https://go.drugbank.com/drugs/DB13540	Isepamicin
DrugBank_DB12671	DB12671	DrugBank	https://go.drugbank.com/drugs/DB12671	Beloranib
DrugBank_DB07095	DB07095	DrugBank	https://go.drugbank.com/drugs/DB07095	(s)-n-(4-carbamimidoylbenzyl)-1-(3-cyclopentylpropanoyl)pyrrolidine-2-carboxamide
DrugBank_DB09055	DB09055	DrugBank	https://go.drugbank.com/drugs/DB09055	Acipimox
DrugBank_DB08080	DB08080	DrugBank	https://go.drugbank.com/drugs/DB08080	Latrunculin B
DrugBank_DB08262	DB08262	DrugBank	https://go.drugbank.com/drugs/DB08262	2,6-dicarboxynaphthalene
DrugBank_DB05443	DB05443	DrugBank	https://go.drugbank.com/drugs/DB05443	Adl 10-0101
DrugBank_DB05846	DB05846	DrugBank	https://go.drugbank.com/drugs/DB05846	Mito-4509
DrugBank_DB09001	DB09001	DrugBank	https://go.drugbank.com/drugs/DB09001	Barbexaclone
DrugBank_DB11273	DB11273	DrugBank	https://go.drugbank.com/drugs/DB11273	Dihydroergocornine
DrugBank_DB08175	DB08175	DrugBank	https://go.drugbank.com/drugs/DB08175	(2e,4e)-11-methoxy-3,7,11-trimethyldodeca-2,4-dienoic Acid
DrugBank_DB13254	DB13254	DrugBank	https://go.drugbank.com/drugs/DB13254	Prifinium
DrugBank_DB00294	DB00294	DrugBank	https://go.drugbank.com/drugs/DB00294	Etonogestrel
DrugBank_DB07689	DB07689	DrugBank	https://go.drugbank.com/drugs/DB07689	Methyl 1-(4-{[(2,4-diaminopteridin-6-yl)methyl]amino}benzoyl)piperidine-4-carboxylate
DrugBank_DB13989	DB13989	DrugBank	https://go.drugbank.com/drugs/DB13989	Epitizide
DrugBank_DB07647	DB07647	DrugBank	https://go.drugbank.com/drugs/DB07647	(2r)-1-[(5,6-diphenyl-7h-pyrrolo[2,3-d]pyrimidin-4-yl)amino]propan-2-ol
DrugBank_DB09092	DB09092	DrugBank	https://go.drugbank.com/drugs/DB09092	Xanthinol
DrugBank_DB07419	DB07419	DrugBank	https://go.drugbank.com/drugs/DB07419	S-23
DrugBank_DB00455	DB00455	DrugBank	https://go.drugbank.com/drugs/DB00455	Loratadine
DrugBank_DB12339	DB12339	DrugBank	https://go.drugbank.com/drugs/DB12339	Radezolid
DrugBank_DB02161	DB02161	DrugBank	https://go.drugbank.com/drugs/DB02161	Hydroxy-phenyl-acetic Acid 8-methyl-8-aza-bicyclo[3.2.1]oct-3-yl Ester
DrugBank_DB00025	DB00025	DrugBank	https://go.drugbank.com/drugs/DB00025	Antihemophilic Factor, Human Recombinant
DrugBank_DB08740	DB08740	DrugBank	https://go.drugbank.com/drugs/DB08740	Cyclohexylmethyl-2,3-dihydroxy-5-methyl-hexylamide
DrugBank_DB00138	DB00138	DrugBank	https://go.drugbank.com/drugs/DB00138	Cystine
DrugBank_DB01823	DB01823	DrugBank	https://go.drugbank.com/drugs/DB01823	Beta-d-glucopyranose Spirohydantoin
DrugBank_DB02471	DB02471	DrugBank	https://go.drugbank.com/drugs/DB02471	Nojirimycine Tetrazole
DrugBank_DB00492	DB00492	DrugBank	https://go.drugbank.com/drugs/DB00492	Fosinopril
DrugBank_DB13346	DB13346	DrugBank	https://go.drugbank.com/drugs/DB13346	Bufexamac
DrugBank_DB13160	DB13160	DrugBank	https://go.drugbank.com/drugs/DB13160	Alphaprodine
DrugBank_DB00737	DB00737	DrugBank	https://go.drugbank.com/drugs/DB00737	Meclizine
DrugBank_DB11624	DB11624	DrugBank	https://go.drugbank.com/drugs/DB11624	Epoetin Delta
DrugBank_DB02007	DB02007	DrugBank	https://go.drugbank.com/drugs/DB02007	Alpha-d-glucose 6-phosphate
DrugBank_DB06248	DB06248	DrugBank	https://go.drugbank.com/drugs/DB06248	Amelubant
DrugBank_DB08575	DB08575	DrugBank	https://go.drugbank.com/drugs/DB08575	2-[(1s)-1-benzyl-2-sulfanylethyl]-1h-imidazo[4,5-c]pyridin-5-ium
DrugBank_DB00650	DB00650	DrugBank	https://go.drugbank.com/drugs/DB00650	Leucovorin
DrugBank_DB00514	DB00514	DrugBank	https://go.drugbank.com/drugs/DB00514	Dextromethorphan
DrugBank_DB12225	DB12225	DrugBank	https://go.drugbank.com/drugs/DB12225	Beclabuvir
DrugBank_DB00373	DB00373	DrugBank	https://go.drugbank.com/drugs/DB00373	Timolol
DrugBank_DB01408	DB01408	DrugBank	https://go.drugbank.com/drugs/DB01408	Bambuterol
DrugBank_DB09089	DB09089	DrugBank	https://go.drugbank.com/drugs/DB09089	Trimebutine
DrugBank_DB01543	DB01543	DrugBank	https://go.drugbank.com/drugs/DB01543	18-methyl-19-nortestosterone
DrugBank_DB13653	DB13653	DrugBank	https://go.drugbank.com/drugs/DB13653	Lorcainide
DrugBank_DB00168	DB00168	DrugBank	https://go.drugbank.com/drugs/DB00168	Aspartame
DrugBank_DB00165	DB00165	DrugBank	https://go.drugbank.com/drugs/DB00165	Pyridoxine
DrugBank_DB09007	DB09007	DrugBank	https://go.drugbank.com/drugs/DB09007	Chlorphenoxamine
DrugBank_DB13248	DB13248	DrugBank	https://go.drugbank.com/drugs/DB13248	Phthalylsulfathiazole
DrugBank_DB07751	DB07751	DrugBank	https://go.drugbank.com/drugs/DB07751	(2s)-1-[4-({6-[(2,6-difluorophenyl)amino]-4-pyrimidinyl}amino)phenoxy]-3-(dimethylamino)-2-propanol
DrugBank_DB00241	DB00241	DrugBank	https://go.drugbank.com/drugs/DB00241	Butalbital
DrugBank_DB03153	DB03153	DrugBank	https://go.drugbank.com/drugs/DB03153	3h-pyrazolo[4,3-d]pyrimidin-7-ol
DrugBank_DB04644	DB04644	DrugBank	https://go.drugbank.com/drugs/DB04644	4-{4-[3-(2,4-dichloro-benzoyl)-ureido]-2,3-dimethyl-phenoxy}-butyric Acid
DrugBank_DB00275	DB00275	DrugBank	https://go.drugbank.com/drugs/DB00275	Olmesartan
DrugBank_DB06784	DB06784	DrugBank	https://go.drugbank.com/drugs/DB06784	Gallium Citrate Ga-67
DrugBank_DB04434	DB04434	DrugBank	https://go.drugbank.com/drugs/DB04434	Naphthyridine Inhibitor
DrugBank_DB02854	DB02854	DrugBank	https://go.drugbank.com/drugs/DB02854	Aetiocholanolone
DrugBank_DB12412	DB12412	DrugBank	https://go.drugbank.com/drugs/DB12412	Gemigliptin
DrugBank_DB11907	DB11907	DrugBank	https://go.drugbank.com/drugs/DB11907	Rociletinib
DrugBank_DB12020	DB12020	DrugBank	https://go.drugbank.com/drugs/DB12020	Tecovirimat
DrugBank_DB11726	DB11726	DrugBank	https://go.drugbank.com/drugs/DB11726	Encenicline
DrugBank_DB11251	DB11251	DrugBank	https://go.drugbank.com/drugs/DB11251	Tocopherol
DrugBank_DB14707	DB14707	DrugBank	https://go.drugbank.com/drugs/DB14707	Cemiplimab
DrugBank_DB13857	DB13857	DrugBank	https://go.drugbank.com/drugs/DB13857	Demegestone
DrugBank_DB09313	DB09313	DrugBank	https://go.drugbank.com/drugs/DB09313	Ioxaglic Acid
DrugBank_DB09264	DB09264	DrugBank	https://go.drugbank.com/drugs/DB09264	Idarucizumab
DrugBank_DB05387	DB05387	DrugBank	https://go.drugbank.com/drugs/DB05387	Ae-941
DrugBank_DB03884	DB03884	DrugBank	https://go.drugbank.com/drugs/DB03884	Phenylpyruvic Acid
DrugBank_DB00486	DB00486	DrugBank	https://go.drugbank.com/drugs/DB00486	Nabilone
DrugBank_DB14639	DB14639	DrugBank	https://go.drugbank.com/drugs/DB14639	Boldenone Undecylenate
DrugBank_DB09085	DB09085	DrugBank	https://go.drugbank.com/drugs/DB09085	Tetracaine
DrugBank_DB07639	DB07639	DrugBank	https://go.drugbank.com/drugs/DB07639	3-(7-diaminomethyl-naphthalen-2-yl)-propionic Acid Ethyl Ester
DrugBank_DB07941	DB07941	DrugBank	https://go.drugbank.com/drugs/DB07941	Ph-797804
DrugBank_DB09484	DB09484	DrugBank	https://go.drugbank.com/drugs/DB09484	Sodium Fluorophosphate
DrugBank_DB07218	DB07218	DrugBank	https://go.drugbank.com/drugs/DB07218	6-chloro-9-hydroxy-1,3-dimethyl-1,9-dihydro-4h-pyrazolo[3,4-b]quinolin-4-one
DrugBank_DB09040	DB09040	DrugBank	https://go.drugbank.com/drugs/DB09040	Efinaconazole
DrugBank_DB00998	DB00998	DrugBank	https://go.drugbank.com/drugs/DB00998	Frovatriptan
DrugBank_DB15409	DB15409	DrugBank	https://go.drugbank.com/drugs/DB15409	Ladiratuzumab Vedotin
DrugBank_DB07833	DB07833	DrugBank	https://go.drugbank.com/drugs/DB07833	N-(3-cyanophenyl)-2'-methyl-5'-(5-methyl-1,3,4-oxadiazol-2-yl)-4-biphenylcarboxamide
DrugBank_DB15335	DB15335	DrugBank	https://go.drugbank.com/drugs/DB15335	Formononetin
DrugBank_DB06647	DB06647	DrugBank	https://go.drugbank.com/drugs/DB06647	Volociximab
DrugBank_DB14585	DB14585	DrugBank	https://go.drugbank.com/drugs/DB14585	Plantago Ovata Seed
DrugBank_DB01901	DB01901	DrugBank	https://go.drugbank.com/drugs/DB01901	Sucrosofate
DrugBank_DB08841	DB08841	DrugBank	https://go.drugbank.com/drugs/DB08841	Tyramine
DrugBank_DB07595	DB07595	DrugBank	https://go.drugbank.com/drugs/DB07595	(5z)-5-(3-bromocyclohexa-2,5-dien-1-ylidene)-n-(pyridin-4-ylmethyl)-1,5-dihydropyrazolo[1,5-a]pyrimidin-7-amine
DrugBank_DB03539	DB03539	DrugBank	https://go.drugbank.com/drugs/DB03539	2-(acetylamino)-2-deoxy-6-o-methyl-alpha-d-allopyranose
DrugBank_DB15104	DB15104	DrugBank	https://go.drugbank.com/drugs/DB15104	Telisotuzumab Vedotin
DrugBank_DB07283	DB07283	DrugBank	https://go.drugbank.com/drugs/DB07283	9-benzyl-2,3,4,9-tetrahydro-1h-carbazole-8-carboxylic Acid
DrugBank_DB00246	DB00246	DrugBank	https://go.drugbank.com/drugs/DB00246	Ziprasidone
DrugBank_DB14914	DB14914	DrugBank	https://go.drugbank.com/drugs/DB14914	Flortaucipir F-18
DrugBank_DB03049	DB03049	DrugBank	https://go.drugbank.com/drugs/DB03049	S-selanyl Cysteine
DrugBank_DB02901	DB02901	DrugBank	https://go.drugbank.com/drugs/DB02901	Stanolone
DrugBank_DB04643	DB04643	DrugBank	https://go.drugbank.com/drugs/DB04643	4-{3-chloro-4-[3-(2,4-dichloro-benzoyl)-ureido]-phenoxy}-butyric Acid
DrugBank_DB05915	DB05915	DrugBank	https://go.drugbank.com/drugs/DB05915	Myo-029
DrugBank_DB03115	DB03115	DrugBank	https://go.drugbank.com/drugs/DB03115	5-bromo-n-[(2s)-2,3-dihydroxypropoxy]-3,4-difluoro-2-[(2-fluoro-4-iodophenyl)amino]benzamide
DrugBank_DB08948	DB08948	DrugBank	https://go.drugbank.com/drugs/DB08948	Iodamide
DrugBank_DB00041	DB00041	DrugBank	https://go.drugbank.com/drugs/DB00041	Aldesleukin
DrugBank_DB04719	DB04719	DrugBank	https://go.drugbank.com/drugs/DB04719	Dimethyl-(4,5,6,7-tetrabromo-1h-benzoimidazol-2-yl)-amine
DrugBank_DB13759	DB13759	DrugBank	https://go.drugbank.com/drugs/DB13759	Fenpiverinium
DrugBank_DB03866	DB03866	DrugBank	https://go.drugbank.com/drugs/DB03866	Prostaglandin G2
DrugBank_DB03932	DB03932	DrugBank	https://go.drugbank.com/drugs/DB03932	Lfa703
DrugBank_DB07369	DB07369	DrugBank	https://go.drugbank.com/drugs/DB07369	N-(3-chlorophenyl)-n-methyl-2-oxo-3-[(3,4,5-trimethyl-1h-pyrrol-2-yl)methyl]-2h-indole-5-sulfonamide
DrugBank_DB06160	DB06160	DrugBank	https://go.drugbank.com/drugs/DB06160	Garenoxacin
DrugBank_DB06011	DB06011	DrugBank	https://go.drugbank.com/drugs/DB06011	Amg-222
DrugBank_DB03468	DB03468	DrugBank	https://go.drugbank.com/drugs/DB03468	1,2,3,4-tetrahydro-isoquinoline-7-sulfonic Acid Amide
DrugBank_DB07784	DB07784	DrugBank	https://go.drugbank.com/drugs/DB07784	[4-(4-acetylamino-phenyl)-3,5-dioxo-4-aza-tricyclo[5.2.2.0 2,6]undec-1-ylcarbamoyloxy]-acetic Acid
DrugBank_DB00149	DB00149	DrugBank	https://go.drugbank.com/drugs/DB00149	Leucine
DrugBank_DB07359	DB07359	DrugBank	https://go.drugbank.com/drugs/DB07359	3-[(4-fluorophenyl)sulfanyl]-n-(4-methyl-1,3-thiazol-2-yl)-6-[(4-methyl-4h-1,2,4-triazol-3-yl)sulfanyl]pyridine-2-carboxamide
DrugBank_DB02853	DB02853	DrugBank	https://go.drugbank.com/drugs/DB02853	D-proline
DrugBank_DB07895	DB07895	DrugBank	https://go.drugbank.com/drugs/DB07895	Alpha-hydroxyfarnesylphosphonic Acid
DrugBank_DB03147	DB03147	DrugBank	https://go.drugbank.com/drugs/DB03147	Flavin Adenine Dinucleotide
DrugBank_DB12230	DB12230	DrugBank	https://go.drugbank.com/drugs/DB12230	Bunazosin
DrugBank_DB07728	DB07728	DrugBank	https://go.drugbank.com/drugs/DB07728	2-[2-(2-fluorophenyl)pyridin-4-yl]-1,5,6,7-tetrahydro-4h-pyrrolo[3,2-c]pyridin-4-one
DrugBank_DB00027	DB00027	DrugBank	https://go.drugbank.com/drugs/DB00027	Gramicidin D
DrugBank_DB01927	DB01927	DrugBank	https://go.drugbank.com/drugs/DB01927	Duroquinone
DrugBank_DB07348	DB07348	DrugBank	https://go.drugbank.com/drugs/DB07348	Brefeldin A
DrugBank_DB15357	DB15357	DrugBank	https://go.drugbank.com/drugs/DB15357	Xanomeline
DrugBank_DB00137	DB00137	DrugBank	https://go.drugbank.com/drugs/DB00137	Lutein
DrugBank_DB04282	DB04282	DrugBank	https://go.drugbank.com/drugs/DB04282	2-deoxy-2-fluoro-α-d-glucose
DrugBank_DB09228	DB09228	DrugBank	https://go.drugbank.com/drugs/DB09228	Conestat Alfa
DrugBank_DB03310	DB03310	DrugBank	https://go.drugbank.com/drugs/DB03310	Glutathione Disulfide
DrugBank_DB11110	DB11110	DrugBank	https://go.drugbank.com/drugs/DB11110	Magnesium Citrate
DrugBank_DB00540	DB00540	DrugBank	https://go.drugbank.com/drugs/DB00540	Nortriptyline
DrugBank_DB07299	DB07299	DrugBank	https://go.drugbank.com/drugs/DB07299	4-methyl-pentanoic Acid {1-[4-guanidino-1-(thiazole-2-carbonyl)-butylcarbamoyl]-2-methyl-propyl}-amide
DrugBank_DB12213	DB12213	DrugBank	https://go.drugbank.com/drugs/DB12213	Etaracizumab
DrugBank_DB00520	DB00520	DrugBank	https://go.drugbank.com/drugs/DB00520	Caspofungin
DrugBank_DB05559	DB05559	DrugBank	https://go.drugbank.com/drugs/DB05559	Nf-kappab Decoy
DrugBank_DB00427	DB00427	DrugBank	https://go.drugbank.com/drugs/DB00427	Triprolidine
DrugBank_DB04325	DB04325	DrugBank	https://go.drugbank.com/drugs/DB04325	Phenethylamine
DrugBank_DB03731	DB03731	DrugBank	https://go.drugbank.com/drugs/DB03731	S-2-(boronoethyl)-l-cysteine
DrugBank_DB13509	DB13509	DrugBank	https://go.drugbank.com/drugs/DB13509	Aloxiprin
DrugBank_DB11228	DB11228	DrugBank	https://go.drugbank.com/drugs/DB11228	Methylcellulose
DrugBank_DB03526	DB03526	DrugBank	https://go.drugbank.com/drugs/DB03526	Al5927
DrugBank_DB07145	DB07145	DrugBank	https://go.drugbank.com/drugs/DB07145	(2r)-n-hydroxy-2-[(3s)-3-methyl-3-{4-[(2-methylquinolin-4-yl)methoxy]phenyl}-2-oxopyrrolidin-1-yl]propanamide
DrugBank_DB02049	DB02049	DrugBank	https://go.drugbank.com/drugs/DB02049	2-{4-[4-(4-chloro-phenoxy)-benzenesulfonyl]-tetrahydro-pyran-4-yl}-n-hydroxy-acetamide
DrugBank_DB09010	DB09010	DrugBank	https://go.drugbank.com/drugs/DB09010	Carmofur
DrugBank_DB00140	DB00140	DrugBank	https://go.drugbank.com/drugs/DB00140	Riboflavin
DrugBank_DB00949	DB00949	DrugBank	https://go.drugbank.com/drugs/DB00949	Felbamate
DrugBank_DB13286	DB13286	DrugBank	https://go.drugbank.com/drugs/DB13286	Bumadizone
DrugBank_DB06683	DB06683	DrugBank	https://go.drugbank.com/drugs/DB06683	Clevudine
DrugBank_DB15014	DB15014	DrugBank	https://go.drugbank.com/drugs/DB15014	Gremubamab
DrugBank_DB02261	DB02261	DrugBank	https://go.drugbank.com/drugs/DB02261	Platelet Activating Factor
DrugBank_DB03035	DB03035	DrugBank	https://go.drugbank.com/drugs/DB03035	1,8-di-hydroxy-4-nitro-anthraquinone
DrugBank_DB00889	DB00889	DrugBank	https://go.drugbank.com/drugs/DB00889	Granisetron
DrugBank_DB00561	DB00561	DrugBank	https://go.drugbank.com/drugs/DB00561	Doxapram
DrugBank_DB02580	DB02580	DrugBank	https://go.drugbank.com/drugs/DB02580	Pentaglyme
DrugBank_DB06819	DB06819	DrugBank	https://go.drugbank.com/drugs/DB06819	Phenylbutyric Acid
DrugBank_DB14962	DB14962	DrugBank	https://go.drugbank.com/drugs/DB14962	Trastuzumab Deruxtecan
DrugBank_DB04889	DB04889	DrugBank	https://go.drugbank.com/drugs/DB04889	Bicifadine
DrugBank_DB01094	DB01094	DrugBank	https://go.drugbank.com/drugs/DB01094	Hesperetin
DrugBank_DB09401	DB09401	DrugBank	https://go.drugbank.com/drugs/DB09401	Isosorbide
DrugBank_DB08445	DB08445	DrugBank	https://go.drugbank.com/drugs/DB08445	(3r,4s)-1-[6-(6-methoxypyridin-3-yl)pyrimidin-4-yl]-4-(2,4,5-trifluorophenyl)pyrrolidin-3-amine
DrugBank_DB07144	DB07144	DrugBank	https://go.drugbank.com/drugs/DB07144	5-[(3r)-3-(5-methoxy-2',6'-dimethylbiphenyl-3-yl)but-1-yn-1-yl]-6-methylpyrimidine-2,4-diamine
DrugBank_DB11619	DB11619	DrugBank	https://go.drugbank.com/drugs/DB11619	Gestrinone
DrugBank_DB12520	DB12520	DrugBank	https://go.drugbank.com/drugs/DB12520	Plozalizumab
DrugBank_DB08533	DB08533	DrugBank	https://go.drugbank.com/drugs/DB08533	3-methyl-n-(pyridin-4-ylmethyl)imidazo[1,2-a]pyrazin-8-amine
DrugBank_DB03381	DB03381	DrugBank	https://go.drugbank.com/drugs/DB03381	Hexadecanal
DrugBank_DB08995	DB08995	DrugBank	https://go.drugbank.com/drugs/DB08995	Diosmin
DrugBank_DB01562	DB01562	DrugBank	https://go.drugbank.com/drugs/DB01562	1-(2-phenylethyl)-4-phenyl-4-acetoxypiperidine
DrugBank_DB12331	DB12331	DrugBank	https://go.drugbank.com/drugs/DB12331	Labetuzumab Govitecan
DrugBank_DB01414	DB01414	DrugBank	https://go.drugbank.com/drugs/DB01414	Cefacetrile
DrugBank_DB12731	DB12731	DrugBank	https://go.drugbank.com/drugs/DB12731	Daporinad
DrugBank_DB13571	DB13571	DrugBank	https://go.drugbank.com/drugs/DB13571	Pentamycin
DrugBank_DB01399	DB01399	DrugBank	https://go.drugbank.com/drugs/DB01399	Salsalate
DrugBank_DB04003	DB04003	DrugBank	https://go.drugbank.com/drugs/DB04003	{4-[(2s)-2-acetamido-3-({(1s)-1-[3-carbamoyl-4-(cyclohexylmethoxy)phenyl]ethyl}amino)-3-oxopropyl]-2-phosphonophenoxy}acetic Acid
DrugBank_DB11447	DB11447	DrugBank	https://go.drugbank.com/drugs/DB11447	Phenothiazine
DrugBank_DB13875	DB13875	DrugBank	https://go.drugbank.com/drugs/DB13875	Harmaline
DrugBank_DB03956	DB03956	DrugBank	https://go.drugbank.com/drugs/DB03956	Inositol 2,4,5-trisphosphate
DrugBank_DB00269	DB00269	DrugBank	https://go.drugbank.com/drugs/DB00269	Chlorotrianisene
DrugBank_DB06741	DB06741	DrugBank	https://go.drugbank.com/drugs/DB06741	Gavestinel
DrugBank_DB05034	DB05034	DrugBank	https://go.drugbank.com/drugs/DB05034	Ularitide
DrugBank_DB13045	DB13045	DrugBank	https://go.drugbank.com/drugs/DB13045	Racotumomab
DrugBank_DB02589	DB02589	DrugBank	https://go.drugbank.com/drugs/DB02589	Se-ethyl-isoselenourea
DrugBank_DB04108	DB04108	DrugBank	https://go.drugbank.com/drugs/DB04108	(2s,3r)-3-amino-2-hydroxy-5-(ethylsulfanyl)pentanoyl-((s)-(-)-(1-naphthyl)ethyl)amide
DrugBank_DB00818	DB00818	DrugBank	https://go.drugbank.com/drugs/DB00818	Propofol
DrugBank_DB11442	DB11442	DrugBank	https://go.drugbank.com/drugs/DB11442	Oleandomycin
DrugBank_DB02999	DB02999	DrugBank	https://go.drugbank.com/drugs/DB02999	Quisqualic Acid
DrugBank_DB06440	DB06440	DrugBank	https://go.drugbank.com/drugs/DB06440	Ravuconazole
DrugBank_DB03408	DB03408	DrugBank	https://go.drugbank.com/drugs/DB03408	Gamma-glutamylcysteine
DrugBank_DB08867	DB08867	DrugBank	https://go.drugbank.com/drugs/DB08867	Ulipristal
DrugBank_DB02435	DB02435	DrugBank	https://go.drugbank.com/drugs/DB02435	Aminomethylcyclohexane
DrugBank_DB14132	DB14132	DrugBank	https://go.drugbank.com/drugs/DB14132	8-chlorotheophylline
DrugBank_DB13779	DB13779	DrugBank	https://go.drugbank.com/drugs/DB13779	Guanoclor
DrugBank_DB02553	DB02553	DrugBank	https://go.drugbank.com/drugs/DB02553	Glutathionylspermidine Disulfide
DrugBank_DB00004	DB00004	DrugBank	https://go.drugbank.com/drugs/DB00004	Denileukin Diftitox
DrugBank_DB00753	DB00753	DrugBank	https://go.drugbank.com/drugs/DB00753	Isoflurane
DrugBank_DB15394	DB15394	DrugBank	https://go.drugbank.com/drugs/DB15394	Gamma-tocopherol
DrugBank_DB07106	DB07106	DrugBank	https://go.drugbank.com/drugs/DB07106	Skf-91488
DrugBank_DB13745	DB13745	DrugBank	https://go.drugbank.com/drugs/DB13745	Fazadinium Bromide
DrugBank_DB03442	DB03442	DrugBank	https://go.drugbank.com/drugs/DB03442	Acid Yellow 54 Free Acid
DrugBank_DB14724	DB14724	DrugBank	https://go.drugbank.com/drugs/DB14724	Emapalumab
DrugBank_DB09305	DB09305	DrugBank	https://go.drugbank.com/drugs/DB09305	Aptazapine
DrugBank_DB01765	DB01765	DrugBank	https://go.drugbank.com/drugs/DB01765	(5-hydroxyindolo[1,2-a]quinazolin-7-yl)acetic Acid
DrugBank_DB07195	DB07195	DrugBank	https://go.drugbank.com/drugs/DB07195	4-[(1s,2s,5s)-5-(hydroxymethyl)-6,8,9-trimethyl-3-oxabicyclo[3.3.1]non-7-en-2-yl]phenol
DrugBank_DB07440	DB07440	DrugBank	https://go.drugbank.com/drugs/DB07440	4-tert-butylbenzenesulfonic Acid
DrugBank_DB02052	DB02052	DrugBank	https://go.drugbank.com/drugs/DB02052	Indirubin-3'-monoxime
DrugBank_DB15570	DB15570	DrugBank	https://go.drugbank.com/drugs/DB15570	Flx475
DrugBank_DB00679	DB00679	DrugBank	https://go.drugbank.com/drugs/DB00679	Thioridazine
DrugBank_DB08357	DB08357	DrugBank	https://go.drugbank.com/drugs/DB08357	Diethylene Glycol Diethyl Ether
DrugBank_DB04522	DB04522	DrugBank	https://go.drugbank.com/drugs/DB04522	Dexfosfoserine
DrugBank_DB04683	DB04683	DrugBank	https://go.drugbank.com/drugs/DB04683	(2r)-3-{[{[(2s)-2,3-dihydroxypropyl]oxy}(hydroxy)phosphoryl]oxy}-2-[(9e)-hexadec-9-enoyloxy]propyl (9e)-octadec-9-enoate
DrugBank_DB02320	DB02320	DrugBank	https://go.drugbank.com/drugs/DB02320	N-beta-d-glucopyranosylacetamide
DrugBank_DB01221	DB01221	DrugBank	https://go.drugbank.com/drugs/DB01221	Ketamine
DrugBank_DB04350	DB04350	DrugBank	https://go.drugbank.com/drugs/DB04350	Argadin
DrugBank_DB00411	DB00411	DrugBank	https://go.drugbank.com/drugs/DB00411	Carbamoylcholine
DrugBank_DB07480	DB07480	DrugBank	https://go.drugbank.com/drugs/DB07480	4-phosphonooxy-phenyl-methyl-[4-phosphonooxy]benzen
DrugBank_DB04942	DB04942	DrugBank	https://go.drugbank.com/drugs/DB04942	Tamibarotene
DrugBank_DB13073	DB13073	DrugBank	https://go.drugbank.com/drugs/DB13073	Tregalizumab
DrugBank_DB07477	DB07477	DrugBank	https://go.drugbank.com/drugs/DB07477	Felbinac
DrugBank_DB02565	DB02565	DrugBank	https://go.drugbank.com/drugs/DB02565	4-(dimethylamino)-n-[7-(hydroxyamino)-7-oxoheptyl]benzamide
DrugBank_DB07812	DB07812	DrugBank	https://go.drugbank.com/drugs/DB07812	N-[(1s)-2-amino-1-phenylethyl]-5-(1h-pyrrolo[2,3-b]pyridin-4-yl)thiophene-2-carboxamide
DrugBank_DB08303	DB08303	DrugBank	https://go.drugbank.com/drugs/DB08303	(3s)-3-cyclopentyl-6-methyl-7-[(4-methylpiperazin-1-yl)sulfonyl]-3,4-dihydro-2h-1,2,4-benzothiadiazine 1,1-dioxide
DrugBank_DB14963	DB14963	DrugBank	https://go.drugbank.com/drugs/DB14963	Konjac Mannan
DrugBank_DB06445	DB06445	DrugBank	https://go.drugbank.com/drugs/DB06445	Diethylnorspermine
DrugBank_DB01088	DB01088	DrugBank	https://go.drugbank.com/drugs/DB01088	Iloprost
DrugBank_DB03280	DB03280	DrugBank	https://go.drugbank.com/drugs/DB03280	P1-(5'-adenosyl)p5-(5'-thymidyl)pentaphosphate
DrugBank_DB05777	DB05777	DrugBank	https://go.drugbank.com/drugs/DB05777	Thrombomodulin Alfa
DrugBank_DB00853	DB00853	DrugBank	https://go.drugbank.com/drugs/DB00853	Temozolomide
DrugBank_DB08061	DB08061	DrugBank	https://go.drugbank.com/drugs/DB08061	4-[3-(4-chlorophenyl)-1h-pyrazol-5-yl]piperidine
DrugBank_DB01197	DB01197	DrugBank	https://go.drugbank.com/drugs/DB01197	Captopril
DrugBank_DB04416	DB04416	DrugBank	https://go.drugbank.com/drugs/DB04416	R-2-{[4'-methoxy-(1,1'-biphenyl)-4-yl]-sulfonyl}-amino-6-methoxy-hex-4-ynoic Acid
DrugBank_DB04002	DB04002	DrugBank	https://go.drugbank.com/drugs/DB04002	4-sulfonamide-[4-(thiomethylaminobutane)]benzamide
DrugBank_DB03791	DB03791	DrugBank	https://go.drugbank.com/drugs/DB03791	Gw-3965
DrugBank_DB00308	DB00308	DrugBank	https://go.drugbank.com/drugs/DB00308	Ibutilide
DrugBank_DB03020	DB03020	DrugBank	https://go.drugbank.com/drugs/DB03020	5-beta-d-ribofuranosylnicotinamide Adenine Dinucleotide
DrugBank_DB06708	DB06708	DrugBank	https://go.drugbank.com/drugs/DB06708	Lumefantrine
DrugBank_DB04514	DB04514	DrugBank	https://go.drugbank.com/drugs/DB04514	Uridylyl-2'-5'-phospho-guanosine
DrugBank_DB08572	DB08572	DrugBank	https://go.drugbank.com/drugs/DB08572	4-{[4-amino-6-(cyclohexylmethoxy)-5-nitrosopyrimidin-2-yl]amino}benzamide
DrugBank_DB07244	DB07244	DrugBank	https://go.drugbank.com/drugs/DB07244	5-{4-[(3,5-difluorobenzyl)amino]phenyl}-6-ethylpyrimidine-2,4-diamine
DrugBank_DB09104	DB09104	DrugBank	https://go.drugbank.com/drugs/DB09104	Magnesium Hydroxide
DrugBank_DB09341	DB09341	DrugBank	https://go.drugbank.com/drugs/DB09341	Dextrose, Unspecified Form
DrugBank_DB12976	DB12976	DrugBank	https://go.drugbank.com/drugs/DB12976	Robatumumab
DrugBank_DB01281	DB01281	DrugBank	https://go.drugbank.com/drugs/DB01281	Abatacept
DrugBank_DB12662	DB12662	DrugBank	https://go.drugbank.com/drugs/DB12662	Naveglitazar
DrugBank_DB04924	DB04924	DrugBank	https://go.drugbank.com/drugs/DB04924	Itopride
DrugBank_DB14473	DB14473	DrugBank	https://go.drugbank.com/drugs/DB14473	Beroctocog Alfa
DrugBank_DB11502	DB11502	DrugBank	https://go.drugbank.com/drugs/DB11502	Butacaine
DrugBank_DB10403	DB10403	DrugBank	https://go.drugbank.com/drugs/DB10403	Agrostis Gigantea Pollen
DrugBank_DB01138	DB01138	DrugBank	https://go.drugbank.com/drugs/DB01138	Sulfinpyrazone
DrugBank_DB01233	DB01233	DrugBank	https://go.drugbank.com/drugs/DB01233	Metoclopramide
DrugBank_DB14655	DB14655	DrugBank	https://go.drugbank.com/drugs/DB14655	Drostanolone Propionate
DrugBank_DB12456	DB12456	DrugBank	https://go.drugbank.com/drugs/DB12456	Bococizumab
DrugBank_DB00238	DB00238	DrugBank	https://go.drugbank.com/drugs/DB00238	Nevirapine
DrugBank_DB04363	DB04363	DrugBank	https://go.drugbank.com/drugs/DB04363	Mesobiliverdin Iv Alpha
DrugBank_DB13218	DB13218	DrugBank	https://go.drugbank.com/drugs/DB13218	Mandelic Acid
DrugBank_DB03784	DB03784	DrugBank	https://go.drugbank.com/drugs/DB03784	Elaidamide
DrugBank_DB07734	DB07734	DrugBank	https://go.drugbank.com/drugs/DB07734	N-(1-benzylpiperidin-4-yl)-4-sulfanylbutanamide
DrugBank_DB03835	DB03835	DrugBank	https://go.drugbank.com/drugs/DB03835	N-[(5s,7r,8s,9s,10r)-8,9,10-trihydroxy-7-(hydroxymethyl)-2,4-dioxo-6-oxa-1,3-diazaspiro[4.5]dec-3-yl]acetamide
DrugBank_DB13663	DB13663	DrugBank	https://go.drugbank.com/drugs/DB13663	Clofenamide
DrugBank_DB03052	DB03052	DrugBank	https://go.drugbank.com/drugs/DB03052	Dazoxiben
DrugBank_DB07594	DB07594	DrugBank	https://go.drugbank.com/drugs/DB07594	Cct-018159
DrugBank_DB13253	DB13253	DrugBank	https://go.drugbank.com/drugs/DB13253	Proxibarbal
DrugBank_DB07131	DB07131	DrugBank	https://go.drugbank.com/drugs/DB07131	(s)-n-(4-carbamimidoylbenzyl)-1-(3-cyclohexylpropanoyl)pyrrolidine-2-carboxamide
DrugBank_DB08403	DB08403	DrugBank	https://go.drugbank.com/drugs/DB08403	Methylamino-phenylalanyl-leucyl-hydroxamic Acid
DrugBank_DB01148	DB01148	DrugBank	https://go.drugbank.com/drugs/DB01148	Flavoxate
DrugBank_DB00566	DB00566	DrugBank	https://go.drugbank.com/drugs/DB00566	Succimer
DrugBank_DB08674	DB08674	DrugBank	https://go.drugbank.com/drugs/DB08674	(20s)-19,20,21,22-tetrahydro-19-oxo-5h-18,20-ethano-12,14-etheno-6,10-metheno-18h-benz[d]imidazo[4,3-k][1,6,9,12]oxatriaza-cyclooctadecosine-9-carbonitrile
DrugBank_DB02778	DB02778	DrugBank	https://go.drugbank.com/drugs/DB02778	2,5-anhydroglucitol-1,6-biphosphate
DrugBank_DB01564	DB01564	DrugBank	https://go.drugbank.com/drugs/DB01564	Calusterone
DrugBank_DB08309	DB08309	DrugBank	https://go.drugbank.com/drugs/DB08309	3-({2-[(4-{[6-(cyclohexylmethoxy)-9h-purin-2-yl]amino}phenyl)sulfonyl]ethyl}amino)propan-1-ol
DrugBank_DB08626	DB08626	DrugBank	https://go.drugbank.com/drugs/DB08626	Thiorphan
DrugBank_DB08599	DB08599	DrugBank	https://go.drugbank.com/drugs/DB08599	N-[(4-methoxyphenyl)sulfonyl]-d-alanine
DrugBank_DB04246	DB04246	DrugBank	https://go.drugbank.com/drugs/DB04246	Cra_23653
DrugBank_DB06925	DB06925	DrugBank	https://go.drugbank.com/drugs/DB06925	3-(2-aminoquinazolin-6-yl)-4-methyl-n-[3-(trifluoromethyl)phenyl]benzamide
DrugBank_DB01216	DB01216	DrugBank	https://go.drugbank.com/drugs/DB01216	Finasteride
DrugBank_DB15568	DB15568	DrugBank	https://go.drugbank.com/drugs/DB15568	Mrtx849
DrugBank_DB04982	DB04982	DrugBank	https://go.drugbank.com/drugs/DB04982	Talampanel
DrugBank_DB12825	DB12825	DrugBank	https://go.drugbank.com/drugs/DB12825	Lefamulin
DrugBank_DB01362	DB01362	DrugBank	https://go.drugbank.com/drugs/DB01362	Iohexol
DrugBank_DB01039	DB01039	DrugBank	https://go.drugbank.com/drugs/DB01039	Fenofibrate
DrugBank_DB08909	DB08909	DrugBank	https://go.drugbank.com/drugs/DB08909	Glycerol Phenylbutyrate
DrugBank_DB14043	DB14043	DrugBank	https://go.drugbank.com/drugs/DB14043	Palmidrol
DrugBank_DB04216	DB04216	DrugBank	https://go.drugbank.com/drugs/DB04216	Quercetin
DrugBank_DB01101	DB01101	DrugBank	https://go.drugbank.com/drugs/DB01101	Capecitabine
DrugBank_DB12328	DB12328	DrugBank	https://go.drugbank.com/drugs/DB12328	Cantharidin
DrugBank_DB09311	DB09311	DrugBank	https://go.drugbank.com/drugs/DB09311	Polycarbophil
DrugBank_DB06772	DB06772	DrugBank	https://go.drugbank.com/drugs/DB06772	Cabazitaxel
DrugBank_DB04757	DB04757	DrugBank	https://go.drugbank.com/drugs/DB04757	Guanosine-2',3'-o-methylidenephosphonate
DrugBank_DB10772	DB10772	DrugBank	https://go.drugbank.com/drugs/DB10772	Foreskin Keratinocyte (neonatal)
DrugBank_DB03399	DB03399	DrugBank	https://go.drugbank.com/drugs/DB03399	Ethyl Isocyanide
DrugBank_DB04776	DB04776	DrugBank	https://go.drugbank.com/drugs/DB04776	(2r)-2-({6-[benzyl(methyl)amino]-9-isopropyl-9h-purin-2-yl}amino)butan-1-ol
DrugBank_DB00322	DB00322	DrugBank	https://go.drugbank.com/drugs/DB00322	Floxuridine
DrugBank_DB03182	DB03182	DrugBank	https://go.drugbank.com/drugs/DB03182	Alpha-fluoro-carboxymethyldethia Coenzyme A Complex
DrugBank_DB02141	DB02141	DrugBank	https://go.drugbank.com/drugs/DB02141	S,s'-(1,4-phenylene-bis(1,2-ethanediyl))bis-isothiourea
DrugBank_DB01038	DB01038	DrugBank	https://go.drugbank.com/drugs/DB01038	Carphenazine
DrugBank_DB11100	DB11100	DrugBank	https://go.drugbank.com/drugs/DB11100	Allantoin
DrugBank_DB06814	DB06814	DrugBank	https://go.drugbank.com/drugs/DB06814	Protokylol
DrugBank_DB07769	DB07769	DrugBank	https://go.drugbank.com/drugs/DB07769	S-3-(4-fluorophenoxy)-2-hydroxy-2-methyl-n-[4-nitro-3-(trifluoromethyl)phenyl]propanamide
DrugBank_DB09139	DB09139	DrugBank	https://go.drugbank.com/drugs/DB09139	Technetium Tc-99m Oxidronate
DrugBank_DB01603	DB01603	DrugBank	https://go.drugbank.com/drugs/DB01603	Meticillin
DrugBank_DB11869	DB11869	DrugBank	https://go.drugbank.com/drugs/DB11869	Valspodar
DrugBank_DB14256	DB14256	DrugBank	https://go.drugbank.com/drugs/DB14256	Centella Asiatica
DrugBank_DB00312	DB00312	DrugBank	https://go.drugbank.com/drugs/DB00312	Pentobarbital
DrugBank_DB14074	DB14074	DrugBank	https://go.drugbank.com/drugs/DB14074	Icaridin
DrugBank_DB08885	DB08885	DrugBank	https://go.drugbank.com/drugs/DB08885	Aflibercept
DrugBank_DB12797	DB12797	DrugBank	https://go.drugbank.com/drugs/DB12797	Ecromeximab
DrugBank_DB08558	DB08558	DrugBank	https://go.drugbank.com/drugs/DB08558	2-hydroxymethyl-6-octylsulfanyl-tetrahydro-pyran-3,4,5-triol
DrugBank_DB00211	DB00211	DrugBank	https://go.drugbank.com/drugs/DB00211	Midodrine
DrugBank_DB13387	DB13387	DrugBank	https://go.drugbank.com/drugs/DB13387	Hematin
DrugBank_DB13149	DB13149	DrugBank	https://go.drugbank.com/drugs/DB13149	Protein S Human
DrugBank_DB14659	DB14659	DrugBank	https://go.drugbank.com/drugs/DB14659	Melengestrol Acetate
DrugBank_DB13217	DB13217	DrugBank	https://go.drugbank.com/drugs/DB13217	Fentiazac
DrugBank_DB11576	DB11576	DrugBank	https://go.drugbank.com/drugs/DB11576	Ferric Oxide
DrugBank_DB15250	DB15250	DrugBank	https://go.drugbank.com/drugs/DB15250	Vercirnon
DrugBank_DB05130	DB05130	DrugBank	https://go.drugbank.com/drugs/DB05130	Incb3284
DrugBank_DB11330	DB11330	DrugBank	https://go.drugbank.com/drugs/DB11330	Factor Ix Complex (human)
DrugBank_DB02497	DB02497	DrugBank	https://go.drugbank.com/drugs/DB02497	L-alpha-glycerophosphorylserine
DrugBank_DB12212	DB12212	DrugBank	https://go.drugbank.com/drugs/DB12212	Landiolol
DrugBank_DB11561	DB11561	DrugBank	https://go.drugbank.com/drugs/DB11561	Aminacrine
DrugBank_DB11943	DB11943	DrugBank	https://go.drugbank.com/drugs/DB11943	Delafloxacin
DrugBank_DB08135	DB08135	DrugBank	https://go.drugbank.com/drugs/DB08135	N-phenyl-1h-pyrazole-3-carboxamide
DrugBank_DB04463	DB04463	DrugBank	https://go.drugbank.com/drugs/DB04463	3-(4-amino-1-tert-butyl-1h-pyrazolo[3,4-d]pyrimidin-3-yl)phenol
DrugBank_DB07579	DB07579	DrugBank	https://go.drugbank.com/drugs/DB07579	Bis-1,2-{[(z)-2-carboxy-2-methyl-1,3-dioxane]-5-yloxycarbamoyl}-ethane
DrugBank_DB06721	DB06721	DrugBank	https://go.drugbank.com/drugs/DB06721	Gimatecan
DrugBank_DB12406	DB12406	DrugBank	https://go.drugbank.com/drugs/DB12406	Lisofylline
DrugBank_DB01838	DB01838	DrugBank	https://go.drugbank.com/drugs/DB01838	6,4'-dihydroxy-3-methyl-3',5'-dibromoflavone
DrugBank_DB02472	DB02472	DrugBank	https://go.drugbank.com/drugs/DB02472	7,8-dihydroinosine
DrugBank_DB01581	DB01581	DrugBank	https://go.drugbank.com/drugs/DB01581	Sulfamerazine
DrugBank_DB13573	DB13573	DrugBank	https://go.drugbank.com/drugs/DB13573	Acefylline
DrugBank_DB11973	DB11973	DrugBank	https://go.drugbank.com/drugs/DB11973	Tesevatinib
DrugBank_DB03636	DB03636	DrugBank	https://go.drugbank.com/drugs/DB03636	Glycinamide
DrugBank_DB05945	DB05945	DrugBank	https://go.drugbank.com/drugs/DB05945	Mdx-1303
DrugBank_DB08507	DB08507	DrugBank	https://go.drugbank.com/drugs/DB08507	N-[[2-methyl-4-hydroxycarbamoyl]but-4-yl-n]-benzyl-p-[phenyl]-p-[methyl]phosphinamid
DrugBank_DB00145	DB00145	DrugBank	https://go.drugbank.com/drugs/DB00145	Glycine
DrugBank_DB06752	DB06752	DrugBank	https://go.drugbank.com/drugs/DB06752	Chymopapain
DrugBank_DB07078	DB07078	DrugBank	https://go.drugbank.com/drugs/DB07078	(3z)-6-(4-hydroxy-3-methoxyphenyl)-3-(1h-pyrrol-2-ylmethylene)-1,3-dihydro-2h-indol-2-one
DrugBank_DB08200	DB08200	DrugBank	https://go.drugbank.com/drugs/DB08200	(1r)-menthyl Hexyl Phosphonate Group
DrugBank_DB00968	DB00968	DrugBank	https://go.drugbank.com/drugs/DB00968	Methyldopa
DrugBank_DB14892	DB14892	DrugBank	https://go.drugbank.com/drugs/DB14892	Spartalizumab
DrugBank_DB07266	DB07266	DrugBank	https://go.drugbank.com/drugs/DB07266	Aki-001
DrugBank_DB03608	DB03608	DrugBank	https://go.drugbank.com/drugs/DB03608	Diminazene
DrugBank_DB12264	DB12264	DrugBank	https://go.drugbank.com/drugs/DB12264	Atevirdine
DrugBank_DB05590	DB05590	DrugBank	https://go.drugbank.com/drugs/DB05590	Bedoradrine
DrugBank_DB05804	DB05804	DrugBank	https://go.drugbank.com/drugs/DB05804	Prasterone Sulfate
DrugBank_DB06845	DB06845	DrugBank	https://go.drugbank.com/drugs/DB06845	(s)-n-(4-carbamimidoylbenzyl)-1-(2-(cyclopentylamino)ethanoyl)pyrrolidine-2-carboxamide
DrugBank_DB02977	DB02977	DrugBank	https://go.drugbank.com/drugs/DB02977	Pnu177836
DrugBank_DB12590	DB12590	DrugBank	https://go.drugbank.com/drugs/DB12590	Indiplon
DrugBank_DB00532	DB00532	DrugBank	https://go.drugbank.com/drugs/DB00532	Mephenytoin
DrugBank_DB11880	DB11880	DrugBank	https://go.drugbank.com/drugs/DB11880	Acridine Carboxamide
DrugBank_DB09173	DB09173	DrugBank	https://go.drugbank.com/drugs/DB09173	Butyrfentanyl
DrugBank_DB08561	DB08561	DrugBank	https://go.drugbank.com/drugs/DB08561	Benzyl 6-benzyl-5,7-dioxo-6,7-dihydro-5h-[1,3]thiazolo[3,2-c]pyrimidine-2-carboxylate
DrugBank_DB12105	DB12105	DrugBank	https://go.drugbank.com/drugs/DB12105	Imagabalin
DrugBank_DB03697	DB03697	DrugBank	https://go.drugbank.com/drugs/DB03697	4-sulfonamide-[1-(4-aminobutane)]benzamide
DrugBank_DB08954	DB08954	DrugBank	https://go.drugbank.com/drugs/DB08954	Ifenprodil
DrugBank_DB00089	DB00089	DrugBank	https://go.drugbank.com/drugs/DB00089	Capromab Pendetide
DrugBank_DB00781	DB00781	DrugBank	https://go.drugbank.com/drugs/DB00781	Polymyxin B
DrugBank_DB00694	DB00694	DrugBank	https://go.drugbank.com/drugs/DB00694	Daunorubicin
DrugBank_DB13041	DB13041	DrugBank	https://go.drugbank.com/drugs/DB13041	Odalasvir
DrugBank_DB00116	DB00116	DrugBank	https://go.drugbank.com/drugs/DB00116	Tetrahydrofolic Acid
DrugBank_DB08952	DB08952	DrugBank	https://go.drugbank.com/drugs/DB08952	Indenolol
DrugBank_DB02860	DB02860	DrugBank	https://go.drugbank.com/drugs/DB02860	Calyculin A
DrugBank_DB01866	DB01866	DrugBank	https://go.drugbank.com/drugs/DB01866	Ru79256
DrugBank_DB07856	DB07856	DrugBank	https://go.drugbank.com/drugs/DB07856	6-{4-[4-(4-chlorophenyl)piperidin-4-yl]phenyl}-9h-purine
DrugBank_DB00731	DB00731	DrugBank	https://go.drugbank.com/drugs/DB00731	Nateglinide
DrugBank_DB04855	DB04855	DrugBank	https://go.drugbank.com/drugs/DB04855	Dronedarone
DrugBank_DB07763	DB07763	DrugBank	https://go.drugbank.com/drugs/DB07763	(5s)-3-anilino-5-(2,4-difluorophenyl)-5-methyl-1,3-oxazolidine-2,4-dione
DrugBank_DB03661	DB03661	DrugBank	https://go.drugbank.com/drugs/DB03661	L-cysteic Acid
DrugBank_DB00424	DB00424	DrugBank	https://go.drugbank.com/drugs/DB00424	Hyoscyamine
DrugBank_DB12952	DB12952	DrugBank	https://go.drugbank.com/drugs/DB12952	Methylprednisone
DrugBank_DB06292	DB06292	DrugBank	https://go.drugbank.com/drugs/DB06292	Dapagliflozin
DrugBank_DB00809	DB00809	DrugBank	https://go.drugbank.com/drugs/DB00809	Tropicamide
DrugBank_DB14633	DB14633	DrugBank	https://go.drugbank.com/drugs/DB14633	Prednisolone Hemisuccinate
DrugBank_DB12401	DB12401	DrugBank	https://go.drugbank.com/drugs/DB12401	Bromperidol
DrugBank_DB00072	DB00072	DrugBank	https://go.drugbank.com/drugs/DB00072	Trastuzumab
DrugBank_DB12025	DB12025	DrugBank	https://go.drugbank.com/drugs/DB12025	Triptolide
DrugBank_DB01588	DB01588	DrugBank	https://go.drugbank.com/drugs/DB01588	Prazepam
DrugBank_DB13279	DB13279	DrugBank	https://go.drugbank.com/drugs/DB13279	Carbocromen
DrugBank_DB00802	DB00802	DrugBank	https://go.drugbank.com/drugs/DB00802	Alfentanil
DrugBank_DB07101	DB07101	DrugBank	https://go.drugbank.com/drugs/DB07101	Pd-0325901
DrugBank_DB03967	DB03967	DrugBank	https://go.drugbank.com/drugs/DB03967	Dodecyl Sulfate
DrugBank_DB09210	DB09210	DrugBank	https://go.drugbank.com/drugs/DB09210	Piracetam
DrugBank_DB03682	DB03682	DrugBank	https://go.drugbank.com/drugs/DB03682	Dibenzofuran-4,6-dicarboxylic Acid
DrugBank_DB12266	DB12266	DrugBank	https://go.drugbank.com/drugs/DB12266	Epofolate
DrugBank_DB07390	DB07390	DrugBank	https://go.drugbank.com/drugs/DB07390	2-[3-(5-mercapto-[1,3,4]thiadiazol-2-yl)-ureido]-n-methyl-3-phenyl-propionamide
DrugBank_DB01852	DB01852	DrugBank	https://go.drugbank.com/drugs/DB01852	Kaempherol
DrugBank_DB03114	DB03114	DrugBank	https://go.drugbank.com/drugs/DB03114	Pas219
DrugBank_DB13821	DB13821	DrugBank	https://go.drugbank.com/drugs/DB13821	Ceftezole
DrugBank_DB05424	DB05424	DrugBank	https://go.drugbank.com/drugs/DB05424	Canertinib
DrugBank_DB11405	DB11405	DrugBank	https://go.drugbank.com/drugs/DB11405	Eprinomectin
DrugBank_DB05010	DB05010	DrugBank	https://go.drugbank.com/drugs/DB05010	Sgs-742
DrugBank_DB13645	DB13645	DrugBank	https://go.drugbank.com/drugs/DB13645	Ethacizine
DrugBank_DB11948	DB11948	DrugBank	https://go.drugbank.com/drugs/DB11948	Lapachone
DrugBank_DB08305	DB08305	DrugBank	https://go.drugbank.com/drugs/DB08305	(3r)-3-cyclopentyl-6-methyl-7-[(4-methylpiperazin-1-yl)sulfonyl]-3,4-dihydro-2h-1,2-benzothiazine 1,1-dioxide
DrugBank_DB00905	DB00905	DrugBank	https://go.drugbank.com/drugs/DB00905	Bimatoprost
DrugBank_DB12823	DB12823	DrugBank	https://go.drugbank.com/drugs/DB12823	Tecarfarin
DrugBank_DB09068	DB09068	DrugBank	https://go.drugbank.com/drugs/DB09068	Vortioxetine
DrugBank_DB06815	DB06815	DrugBank	https://go.drugbank.com/drugs/DB06815	Pyrithione
DrugBank_DB03128	DB03128	DrugBank	https://go.drugbank.com/drugs/DB03128	Acetylcholine
DrugBank_DB01577	DB01577	DrugBank	https://go.drugbank.com/drugs/DB01577	Metamfetamine
DrugBank_DB06799	DB06799	DrugBank	https://go.drugbank.com/drugs/DB06799	Methenamine
DrugBank_DB11050	DB11050	DrugBank	https://go.drugbank.com/drugs/DB11050	Typhoid Vaccine Live
DrugBank_DB07225	DB07225	DrugBank	https://go.drugbank.com/drugs/DB07225	N-{[(2s,3s)-3-(ethoxycarbonyl)oxiran-2-yl]carbonyl}-l-isoleucyl-l-isoleucine
DrugBank_DB00569	DB00569	DrugBank	https://go.drugbank.com/drugs/DB00569	Fondaparinux
DrugBank_DB06468	DB06468	DrugBank	https://go.drugbank.com/drugs/DB06468	Cariporide
DrugBank_DB13362	DB13362	DrugBank	https://go.drugbank.com/drugs/DB13362	Pheneturide
DrugBank_DB13700	DB13700	DrugBank	https://go.drugbank.com/drugs/DB13700	Protamine
DrugBank_DB15643	DB15643	DrugBank	https://go.drugbank.com/drugs/DB15643	N-(2-aminoethyl)-1-aziridineethanamine
DrugBank_DB09054	DB09054	DrugBank	https://go.drugbank.com/drugs/DB09054	Idelalisib
DrugBank_DB04519	DB04519	DrugBank	https://go.drugbank.com/drugs/DB04519	Caprylic Acid
DrugBank_DB11793	DB11793	DrugBank	https://go.drugbank.com/drugs/DB11793	Niraparib
DrugBank_DB00718	DB00718	DrugBank	https://go.drugbank.com/drugs/DB00718	Adefovir Dipivoxil
DrugBank_DB01326	DB01326	DrugBank	https://go.drugbank.com/drugs/DB01326	Cefamandole
DrugBank_DB00343	DB00343	DrugBank	https://go.drugbank.com/drugs/DB00343	Diltiazem
DrugBank_DB15445	DB15445	DrugBank	https://go.drugbank.com/drugs/DB15445	Iodohippuric Acid
DrugBank_DB00014	DB00014	DrugBank	https://go.drugbank.com/drugs/DB00014	Goserelin
DrugBank_DB05624	DB05624	DrugBank	https://go.drugbank.com/drugs/DB05624	Teverelix
DrugBank_DB09303	DB09303	DrugBank	https://go.drugbank.com/drugs/DB09303	Evolocumab
DrugBank_DB13727	DB13727	DrugBank	https://go.drugbank.com/drugs/DB13727	Azapetine
DrugBank_DB01686	DB01686	DrugBank	https://go.drugbank.com/drugs/DB01686	N,n-dimethylarginine
DrugBank_DB04974	DB04974	DrugBank	https://go.drugbank.com/drugs/DB04974	Rimiducid
DrugBank_DB07613	DB07613	DrugBank	https://go.drugbank.com/drugs/DB07613	3-phenyl-5-(1h-pyrazol-3-yl)isoxazole
DrugBank_DB01561	DB01561	DrugBank	https://go.drugbank.com/drugs/DB01561	Androstanedione
DrugBank_DB11175	DB11175	DrugBank	https://go.drugbank.com/drugs/DB11175	Zinc Picolinate
DrugBank_DB03772	DB03772	DrugBank	https://go.drugbank.com/drugs/DB03772	2-hexyloxy-6-hydroxymethyl-tetrahydro-pyran-3,5-diol
DrugBank_DB14012	DB14012	DrugBank	https://go.drugbank.com/drugs/DB14012	Burosumab
DrugBank_DB07471	DB07471	DrugBank	https://go.drugbank.com/drugs/DB07471	5-[5,6-bis(methyloxy)-1h-benzimidazol-1-yl]-3-{[1-(2-chlorophenyl)ethyl]oxy}-2-thiophenecarboxamide
DrugBank_DB08150	DB08150	DrugBank	https://go.drugbank.com/drugs/DB08150	4-(4-chlorobenzyl)-1-(7h-pyrrolo[2,3-d]pyrimidin-4-yl)piperidin-4-aminium
DrugBank_DB07124	DB07124	DrugBank	https://go.drugbank.com/drugs/DB07124	(2s)-1-(6h-indol-3-yl)-3-{[5-(7h-pyrazolo[3,4-c]pyridin-5-yl)pyridin-3-yl]oxy}propan-2-amine
DrugBank_DB09082	DB09082	DrugBank	https://go.drugbank.com/drugs/DB09082	Vilanterol
DrugBank_DB08632	DB08632	DrugBank	https://go.drugbank.com/drugs/DB08632	Trimesic Acid
DrugBank_DB01591	DB01591	DrugBank	https://go.drugbank.com/drugs/DB01591	Solifenacin
DrugBank_DB08555	DB08555	DrugBank	https://go.drugbank.com/drugs/DB08555	1-(3-bromophenyl)-7-chloro-6-methoxy-3,4-dihydroisoquinoline
DrugBank_DB14070	DB14070	DrugBank	https://go.drugbank.com/drugs/DB14070	Hm-30181
DrugBank_DB05706	DB05706	DrugBank	https://go.drugbank.com/drugs/DB05706	13-deoxydoxorubicin
DrugBank_DB09270	DB09270	DrugBank	https://go.drugbank.com/drugs/DB09270	Ubidecarenone
DrugBank_DB13466	DB13466	DrugBank	https://go.drugbank.com/drugs/DB13466	Deptropine
DrugBank_DB12245	DB12245	DrugBank	https://go.drugbank.com/drugs/DB12245	Triclabendazole
DrugBank_DB11352	DB11352	DrugBank	https://go.drugbank.com/drugs/DB11352	Ascorbyl Phosphate
DrugBank_DB04270	DB04270	DrugBank	https://go.drugbank.com/drugs/DB04270	(s)-3-(4-(2-carbazol-9-yl-ethoxy)-phenyl)-2-ethoxy-propionic Acid
DrugBank_DB12651	DB12651	DrugBank	https://go.drugbank.com/drugs/DB12651	Bardoxolone
DrugBank_DB07733	DB07733	DrugBank	https://go.drugbank.com/drugs/DB07733	1-methyl-3-trifluoromethyl-1h-thieno[2,3-c]pyrazole-5-carboxylic Acid (2-mercapto-ethyl)-amide
DrugBank_DB12844	DB12844	DrugBank	https://go.drugbank.com/drugs/DB12844	Rontalizumab
DrugBank_DB03218	DB03218	DrugBank	https://go.drugbank.com/drugs/DB03218	N-acetyl-n'-beta-d-glucopyranosyl Urea
DrugBank_DB14719	DB14719	DrugBank	https://go.drugbank.com/drugs/DB14719	Bentazepam
DrugBank_DB02337	DB02337	DrugBank	https://go.drugbank.com/drugs/DB02337	S-(d-carboxybutyl)-l-homocysteine
DrugBank_DB11708	DB11708	DrugBank	https://go.drugbank.com/drugs/DB11708	Peficitinib
DrugBank_DB01816	DB01816	DrugBank	https://go.drugbank.com/drugs/DB01816	Castanospermine
DrugBank_DB02166	DB02166	DrugBank	https://go.drugbank.com/drugs/DB02166	Propidium
DrugBank_DB05243	DB05243	DrugBank	https://go.drugbank.com/drugs/DB05243	Xl019
DrugBank_DB07257	DB07257	DrugBank	https://go.drugbank.com/drugs/DB07257	4-(2-chlorophenyl)-8-(2-hydroxyethyl)-6-methylpyrrolo[3,4-e]indole-1,3(2h,6h)-dione
DrugBank_DB09161	DB09161	DrugBank	https://go.drugbank.com/drugs/DB09161	Technetium Tc-99m Sestamibi
DrugBank_DB06705	DB06705	DrugBank	https://go.drugbank.com/drugs/DB06705	Gadofosveset Trisodium
DrugBank_DB01198	DB01198	DrugBank	https://go.drugbank.com/drugs/DB01198	Zopiclone
DrugBank_DB01134	DB01134	DrugBank	https://go.drugbank.com/drugs/DB01134	Desoxycorticosterone Pivalate
DrugBank_DB01764	DB01764	DrugBank	https://go.drugbank.com/drugs/DB01764	Dalfopristin
DrugBank_DB05336	DB05336	DrugBank	https://go.drugbank.com/drugs/DB05336	Obiltoxaximab
DrugBank_DB00623	DB00623	DrugBank	https://go.drugbank.com/drugs/DB00623	Fluphenazine
DrugBank_DB00504	DB00504	DrugBank	https://go.drugbank.com/drugs/DB00504	Levallorphan
DrugBank_DB04607	DB04607	DrugBank	https://go.drugbank.com/drugs/DB04607	Phenylaminoimidazo(1,2-alpha)pyridine
DrugBank_DB13569	DB13569	DrugBank	https://go.drugbank.com/drugs/DB13569	Ferrous Chloride
DrugBank_DB07549	DB07549	DrugBank	https://go.drugbank.com/drugs/DB07549	2-(6-chloro-3-{[2,2-difluoro-2-(2-pyridinyl)ethyl]amino}-2-oxo-1(2h)-pyrazinyl)-n-[(2-fluoro-3-methyl-6-pyridinyl)methyl]acetamide
DrugBank_DB07648	DB07648	DrugBank	https://go.drugbank.com/drugs/DB07648	(2r)-3-{[(4z)-5,6-diphenyl-6,7-dihydro-4h-pyrrolo[2,3-d]pyrimidin-4-ylidene]amino}propane-1,2-diol
DrugBank_DB07779	DB07779	DrugBank	https://go.drugbank.com/drugs/DB07779	N-({(2s)-1-[(3r)-3-amino-4-(2-fluorophenyl)butanoyl]pyrrolidin-2-yl}methyl)benzamide
DrugBank_DB02895	DB02895	DrugBank	https://go.drugbank.com/drugs/DB02895	3-(prop-2-ene-1-sulfinyl)-propene-1-thiol
DrugBank_DB08015	DB08015	DrugBank	https://go.drugbank.com/drugs/DB08015	(3z)-1-[(6-fluoro-4h-1,3-benzodioxin-8-yl)methyl]-4-phenyl-1h-indole-2,3-dione 3-oxime
DrugBank_DB03005	DB03005	DrugBank	https://go.drugbank.com/drugs/DB03005	3,8-diamino-6-phenyl-5-[6-[1-[2-[(1,2,3,4-tetrahydro-9-acridinyl)amino]ethyl]-1h-1,2,3-triazol-5-yl]hexyl]-phenanthridinium
DrugBank_DB02888	DB02888	DrugBank	https://go.drugbank.com/drugs/DB02888	Fkb-001
DrugBank_DB13652	DB13652	DrugBank	https://go.drugbank.com/drugs/DB13652	Bunaftine
DrugBank_DB13394	DB13394	DrugBank	https://go.drugbank.com/drugs/DB13394	Adrenalone
DrugBank_DB01432	DB01432	DrugBank	https://go.drugbank.com/drugs/DB01432	Cholestyramine
DrugBank_DB13724	DB13724	DrugBank	https://go.drugbank.com/drugs/DB13724	Nifuratel
DrugBank_DB03837	DB03837	DrugBank	https://go.drugbank.com/drugs/DB03837	Morpholine-4-carboxylic Acid (1-(3-benzenesulfonyl-1-phenethylallylcarbamoyl)-3-methylbutyl)-amide
DrugBank_DB11616	DB11616	DrugBank	https://go.drugbank.com/drugs/DB11616	Pirarubicin
DrugBank_DB02603	DB02603	DrugBank	https://go.drugbank.com/drugs/DB02603	1-amino-6-cyclohex-3-enylmethyloxypurine
DrugBank_DB02848	DB02848	DrugBank	https://go.drugbank.com/drugs/DB02848	{4-[3-(6,7-diethoxy-quinazolin-4-ylamino)-phenyl]-thiazol-2-yl}-methanol
DrugBank_DB02322	DB02322	DrugBank	https://go.drugbank.com/drugs/DB02322	Heparin Disaccharide I-s
DrugBank_DB06897	DB06897	DrugBank	https://go.drugbank.com/drugs/DB06897	3-[3-chloro-5-(5-{[(1s)-1-phenylethyl]amino}isoxazolo[5,4-c]pyridin-3-yl)phenyl]propan-1-ol
DrugBank_DB01355	DB01355	DrugBank	https://go.drugbank.com/drugs/DB01355	Hexobarbital
DrugBank_DB00282	DB00282	DrugBank	https://go.drugbank.com/drugs/DB00282	Pamidronic Acid
DrugBank_DB03552	DB03552	DrugBank	https://go.drugbank.com/drugs/DB03552	3-tyrosine
DrugBank_DB07049	DB07049	DrugBank	https://go.drugbank.com/drugs/DB07049	(2r)-1-[(4-tert-butylphenyl)sulfonyl]-2-methyl-4-(4-nitrophenyl)piperazine
DrugBank_DB07045	DB07045	DrugBank	https://go.drugbank.com/drugs/DB07045	(2r,3r,4s,5r)-2-[6-amino-8-[(3,4-dichlorophenyl)methylamino]purin-9-yl]-5-(hydroxymethyl)oxolane-3,4-diol
DrugBank_DB01435	DB01435	DrugBank	https://go.drugbank.com/drugs/DB01435	Antipyrine
DrugBank_DB02366	DB02366	DrugBank	https://go.drugbank.com/drugs/DB02366	Cra_10762
DrugBank_DB13988	DB13988	DrugBank	https://go.drugbank.com/drugs/DB13988	Sb-269970
DrugBank_DB07601	DB07601	DrugBank	https://go.drugbank.com/drugs/DB07601	4-chloro-6-{5-[(2-morpholin-4-ylethyl)amino]-1,2-benzisoxazol-3-yl}benzene-1,3-diol
DrugBank_DB09336	DB09336	DrugBank	https://go.drugbank.com/drugs/DB09336	Technetium Tc-99m Nofetumomab Merpentan
DrugBank_DB06190	DB06190	DrugBank	https://go.drugbank.com/drugs/DB06190	Solabegron
DrugBank_DB11593	DB11593	DrugBank	https://go.drugbank.com/drugs/DB11593	Isatoic Anhydride
DrugBank_DB11549	DB11549	DrugBank	https://go.drugbank.com/drugs/DB11549	Tiletamine
DrugBank_DB12035	DB12035	DrugBank	https://go.drugbank.com/drugs/DB12035	Sarecycline
DrugBank_DB02741	DB02741	DrugBank	https://go.drugbank.com/drugs/DB02741	Cd564
DrugBank_DB00186	DB00186	DrugBank	https://go.drugbank.com/drugs/DB00186	Lorazepam
DrugBank_DB11300	DB11300	DrugBank	https://go.drugbank.com/drugs/DB11300	Thrombin
DrugBank_DB11478	DB11478	DrugBank	https://go.drugbank.com/drugs/DB11478	Zeranol
DrugBank_DB08163	DB08163	DrugBank	https://go.drugbank.com/drugs/DB08163	5'-{[4-(aminooxy)butyl](methyl)amino}-5'-deoxy-8-ethenyladenosine
DrugBank_DB00850	DB00850	DrugBank	https://go.drugbank.com/drugs/DB00850	Perphenazine
DrugBank_DB13707	DB13707	DrugBank	https://go.drugbank.com/drugs/DB13707	Sodium Tartrate
DrugBank_DB09129	DB09129	DrugBank	https://go.drugbank.com/drugs/DB09129	Chromic Chloride
DrugBank_DB05984	DB05984	DrugBank	https://go.drugbank.com/drugs/DB05984	Raf-265
DrugBank_DB00198	DB00198	DrugBank	https://go.drugbank.com/drugs/DB00198	Oseltamivir
DrugBank_DB05187	DB05187	DrugBank	https://go.drugbank.com/drugs/DB05187	Elafibranor
DrugBank_DB09319	DB09319	DrugBank	https://go.drugbank.com/drugs/DB09319	Carindacillin
DrugBank_DB09252	DB09252	DrugBank	https://go.drugbank.com/drugs/DB09252	Pivhydrazine
DrugBank_DB00288	DB00288	DrugBank	https://go.drugbank.com/drugs/DB00288	Amcinonide
DrugBank_DB05864	DB05864	DrugBank	https://go.drugbank.com/drugs/DB05864	Ppi-2458
DrugBank_DB03695	DB03695	DrugBank	https://go.drugbank.com/drugs/DB03695	Piritrexim
DrugBank_DB13240	DB13240	DrugBank	https://go.drugbank.com/drugs/DB13240	Cymarin
DrugBank_DB13068	DB13068	DrugBank	https://go.drugbank.com/drugs/DB13068	9-(n-methyl-l-isoleucine)-cyclosporin A
DrugBank_DB14016	DB14016	DrugBank	https://go.drugbank.com/drugs/DB14016	Ox Bile Extract
DrugBank_DB13127	DB13127	DrugBank	https://go.drugbank.com/drugs/DB13127	Olokizumab
DrugBank_DB04895	DB04895	DrugBank	https://go.drugbank.com/drugs/DB04895	Pegaptanib
DrugBank_DB01174	DB01174	DrugBank	https://go.drugbank.com/drugs/DB01174	Phenobarbital
DrugBank_DB07037	DB07037	DrugBank	https://go.drugbank.com/drugs/DB07037	(2s)-1-amino-3-[(5-nitroquinolin-8-yl)amino]propan-2-ol
DrugBank_DB02375	DB02375	DrugBank	https://go.drugbank.com/drugs/DB02375	Myricetin
DrugBank_DB02222	DB02222	DrugBank	https://go.drugbank.com/drugs/DB02222	2,6-diamino-(s)-9-[2-(phosphonomethoxy)propyl]purine
DrugBank_DB00887	DB00887	DrugBank	https://go.drugbank.com/drugs/DB00887	Bumetanide
DrugBank_DB04318	DB04318	DrugBank	https://go.drugbank.com/drugs/DB04318	Nα-[(2s)-2-{[(s)-[(1s)-1-{[(benzyloxy)carbonyl]amino}-2-phenylethyl](hydroxy)phosphoryl]methyl}-5-phenylpentanoyl]-l-tryptophanamide
DrugBank_DB00677	DB00677	DrugBank	https://go.drugbank.com/drugs/DB00677	Isoflurophate
DrugBank_DB09344	DB09344	DrugBank	https://go.drugbank.com/drugs/DB09344	Invert Sugar
DrugBank_DB04074	DB04074	DrugBank	https://go.drugbank.com/drugs/DB04074	Alpha-ketoisovalerate
DrugBank_DB08352	DB08352	DrugBank	https://go.drugbank.com/drugs/DB08352	6-[4-(2-fluorophenyl)-1,3-oxazol-5-yl]-n-(1-methylethyl)-1,3-benzothiazol-2-amine
DrugBank_DB00527	DB00527	DrugBank	https://go.drugbank.com/drugs/DB00527	Cinchocaine
DrugBank_DB00568	DB00568	DrugBank	https://go.drugbank.com/drugs/DB00568	Cinnarizine
DrugBank_DB11338	DB11338	DrugBank	https://go.drugbank.com/drugs/DB11338	Clove Oil
DrugBank_DB02398	DB02398	DrugBank	https://go.drugbank.com/drugs/DB02398	6-[n-(4-(aminomethyl)phenyl)carbamyl]-2-naphthalenecarboxamidine
DrugBank_DB01416	DB01416	DrugBank	https://go.drugbank.com/drugs/DB01416	Cefpodoxime
DrugBank_DB02550	DB02550	DrugBank	https://go.drugbank.com/drugs/DB02550	8-(2-chloro-3,4,5-trimethoxy-benzyl)-2-fluoro-9-pent-4-ylnyl-9h-purin-6-ylamine
DrugBank_DB11234	DB11234	DrugBank	https://go.drugbank.com/drugs/DB11234	Poliglusam
DrugBank_DB01278	DB01278	DrugBank	https://go.drugbank.com/drugs/DB01278	Pramlintide
DrugBank_DB01244	DB01244	DrugBank	https://go.drugbank.com/drugs/DB01244	Bepridil
DrugBank_DB03392	DB03392	DrugBank	https://go.drugbank.com/drugs/DB03392	(3,4,5-trihydroxy-6-hydroxymethyl-tetrahydro-pyran-2-yl)-phosphoramidic Acid Dimethyl Ester
DrugBank_DB08250	DB08250	DrugBank	https://go.drugbank.com/drugs/DB08250	(5s)-5-(3-aminopropyl)-3-(2,5-difluorophenyl)-n-ethyl-5-phenyl-4,5-dihydro-1h-pyrazole-1-carboxamide
DrugBank_DB01929	DB01929	DrugBank	https://go.drugbank.com/drugs/DB01929	5-chloryl-2,4,6-quinazolinetriamine
DrugBank_DB00352	DB00352	DrugBank	https://go.drugbank.com/drugs/DB00352	Tioguanine
DrugBank_DB01054	DB01054	DrugBank	https://go.drugbank.com/drugs/DB01054	Nitrendipine
DrugBank_DB06882	DB06882	DrugBank	https://go.drugbank.com/drugs/DB06882	1-[1-(3-aminophenyl)-3-tert-butyl-1h-pyrazol-5-yl]-3-naphthalen-1-ylurea
DrugBank_DB13546	DB13546	DrugBank	https://go.drugbank.com/drugs/DB13546	Nizofenone
DrugBank_DB09152	DB09152	DrugBank	https://go.drugbank.com/drugs/DB09152	Nitrogen
DrugBank_DB12866	DB12866	DrugBank	https://go.drugbank.com/drugs/DB12866	Pradigastat
DrugBank_DB12704	DB12704	DrugBank	https://go.drugbank.com/drugs/DB12704	Spiradoline
DrugBank_DB00153	DB00153	DrugBank	https://go.drugbank.com/drugs/DB00153	Ergocalciferol
DrugBank_DB04418	DB04418	DrugBank	https://go.drugbank.com/drugs/DB04418	Adenylosuccinic Acid
DrugBank_DB11189	DB11189	DrugBank	https://go.drugbank.com/drugs/DB11189	Magnesium Glycinate
DrugBank_DB07341	DB07341	DrugBank	https://go.drugbank.com/drugs/DB07341	Octyl 3-amino-3-deoxy-2-o-(2,6-dideoxy-alpha-l-lyxo-hexopyranosyl)-beta-d-galactopyranoside
DrugBank_DB03732	DB03732	DrugBank	https://go.drugbank.com/drugs/DB03732	Etheno-nadp
DrugBank_DB00726	DB00726	DrugBank	https://go.drugbank.com/drugs/DB00726	Trimipramine
DrugBank_DB03404	DB03404	DrugBank	https://go.drugbank.com/drugs/DB03404	Hemin
DrugBank_DB06787	DB06787	DrugBank	https://go.drugbank.com/drugs/DB06787	Hexocyclium
DrugBank_DB06611	DB06611	DrugBank	https://go.drugbank.com/drugs/DB06611	Pegsunercept
DrugBank_DB05416	DB05416	DrugBank	https://go.drugbank.com/drugs/DB05416	Cardarine
DrugBank_DB01521	DB01521	DrugBank	https://go.drugbank.com/drugs/DB01521	Clostebol
DrugBank_DB04669	DB04669	DrugBank	https://go.drugbank.com/drugs/DB04669	Triazolopyrimidine
DrugBank_DB01501	DB01501	DrugBank	https://go.drugbank.com/drugs/DB01501	Difenoxin
DrugBank_DB06343	DB06343	DrugBank	https://go.drugbank.com/drugs/DB06343	Teprotumumab
DrugBank_DB06471	DB06471	DrugBank	https://go.drugbank.com/drugs/DB06471	Naxifylline
DrugBank_DB08231	DB08231	DrugBank	https://go.drugbank.com/drugs/DB08231	Myristic Acid
DrugBank_DB03577	DB03577	DrugBank	https://go.drugbank.com/drugs/DB03577	Alpha-benzyl-aminobenzyl-phosphonic Acid
DrugBank_DB00841	DB00841	DrugBank	https://go.drugbank.com/drugs/DB00841	Dobutamine
DrugBank_DB11098	DB11098	DrugBank	https://go.drugbank.com/drugs/DB11098	Potassium Bicarbonate
DrugBank_DB11693	DB11693	DrugBank	https://go.drugbank.com/drugs/DB11693	Voclosporin
DrugBank_DB01124	DB01124	DrugBank	https://go.drugbank.com/drugs/DB01124	Tolbutamide
DrugBank_DB11480	DB11480	DrugBank	https://go.drugbank.com/drugs/DB11480	Zoalene
DrugBank_DB02875	DB02875	DrugBank	https://go.drugbank.com/drugs/DB02875	Cra_1802
DrugBank_DB00948	DB00948	DrugBank	https://go.drugbank.com/drugs/DB00948	Mezlocillin
DrugBank_DB12431	DB12431	DrugBank	https://go.drugbank.com/drugs/DB12431	Muplestim
DrugBank_DB02620	DB02620	DrugBank	https://go.drugbank.com/drugs/DB02620	3-(4-{2-[2-(2-bromo-acetylamino)-ethyldisulfanyl]-ethylcarbamoyl}-cyclohexylcarbamoyl)-pyrazine-2-carboxylic Acid
DrugBank_DB09134	DB09134	DrugBank	https://go.drugbank.com/drugs/DB09134	Ioversol
DrugBank_DB13896	DB13896	DrugBank	https://go.drugbank.com/drugs/DB13896	Talimogene Laherparepvec
DrugBank_DB03096	DB03096	DrugBank	https://go.drugbank.com/drugs/DB03096	2-morpholinoethylamine
DrugBank_DB08602	DB08602	DrugBank	https://go.drugbank.com/drugs/DB08602	3-(2,6-difluorophenyl)-2-(methylthio)quinazolin-4(3h)-one
DrugBank_DB02367	DB02367	DrugBank	https://go.drugbank.com/drugs/DB02367	(1n)-4-n-butoxyphenylsulfonyl-(2r)-n-hydroxycarboxamido-(4s)-methanesulfonylamino-pyrrolidine
DrugBank_DB11560	DB11560	DrugBank	https://go.drugbank.com/drugs/DB11560	Lesinurad
DrugBank_DB05001	DB05001	DrugBank	https://go.drugbank.com/drugs/DB05001	Psn9301
DrugBank_DB00589	DB00589	DrugBank	https://go.drugbank.com/drugs/DB00589	Lisuride
DrugBank_DB02861	DB02861	DrugBank	https://go.drugbank.com/drugs/DB02861	4-(aminosulfonyl)-n-[(3,4,5-trifluorophenyl)methyl]-benzamide
DrugBank_DB08798	DB08798	DrugBank	https://go.drugbank.com/drugs/DB08798	Sulfamoxole
DrugBank_DB12612	DB12612	DrugBank	https://go.drugbank.com/drugs/DB12612	Ozanimod
DrugBank_DB12942	DB12942	DrugBank	https://go.drugbank.com/drugs/DB12942	Lactitol
DrugBank_DB08519	DB08519	DrugBank	https://go.drugbank.com/drugs/DB08519	N~4~-(3-methyl-1h-indazol-6-yl)-n~2~-(3,4,5-trimethoxyphenyl)pyrimidine-2,4-diamine
DrugBank_DB01041	DB01041	DrugBank	https://go.drugbank.com/drugs/DB01041	Thalidomide
DrugBank_DB11820	DB11820	DrugBank	https://go.drugbank.com/drugs/DB11820	Nifurtimox
DrugBank_DB05871	DB05871	DrugBank	https://go.drugbank.com/drugs/DB05871	Uc-781
DrugBank_DB01180	DB01180	DrugBank	https://go.drugbank.com/drugs/DB01180	Rescinnamine
DrugBank_DB05022	DB05022	DrugBank	https://go.drugbank.com/drugs/DB05022	Amonafide
DrugBank_DB06709	DB06709	DrugBank	https://go.drugbank.com/drugs/DB06709	Methacholine
DrugBank_DB04345	DB04345	DrugBank	https://go.drugbank.com/drugs/DB04345	Lumichrome
DrugBank_DB12056	DB12056	DrugBank	https://go.drugbank.com/drugs/DB12056	Trebananib
DrugBank_DB04276	DB04276	DrugBank	https://go.drugbank.com/drugs/DB04276	4-[[(2s)-2-[[(2s)-3-carboxy-2-hydroxypropanoyl]amino]-4-methylpentanoyl]amino]butyl-(diaminomethylidene)azanium
DrugBank_DB02377	DB02377	DrugBank	https://go.drugbank.com/drugs/DB02377	Guanine
DrugBank_DB15623	DB15623	DrugBank	https://go.drugbank.com/drugs/DB15623	Tmc-310911
DrugBank_DB14540	DB14540	DrugBank	https://go.drugbank.com/drugs/DB14540	Hydrocortisone Butyrate
DrugBank_DB01031	DB01031	DrugBank	https://go.drugbank.com/drugs/DB01031	Ethinamate
DrugBank_DB13764	DB13764	DrugBank	https://go.drugbank.com/drugs/DB13764	Monoxerutin
DrugBank_DB12396	DB12396	DrugBank	https://go.drugbank.com/drugs/DB12396	Fresolimumab
DrugBank_DB12010	DB12010	DrugBank	https://go.drugbank.com/drugs/DB12010	Fostamatinib
DrugBank_DB00771	DB00771	DrugBank	https://go.drugbank.com/drugs/DB00771	Clidinium
DrugBank_DB07339	DB07339	DrugBank	https://go.drugbank.com/drugs/DB07339	(3s)-3-hydroxy-1-methyl-2,3-dihydro-1h-indole-5,6-dione
DrugBank_DB05025	DB05025	DrugBank	https://go.drugbank.com/drugs/DB05025	Arimoclomol
DrugBank_DB03896	DB03896	DrugBank	https://go.drugbank.com/drugs/DB03896	Triphosphoric Acid
DrugBank_DB00730	DB00730	DrugBank	https://go.drugbank.com/drugs/DB00730	Thiabendazole
DrugBank_DB03073	DB03073	DrugBank	https://go.drugbank.com/drugs/DB03073	3-methoxybenzamide
DrugBank_DB04048	DB04048	DrugBank	https://go.drugbank.com/drugs/DB04048	N-carbamoyl-alanine
DrugBank_DB00117	DB00117	DrugBank	https://go.drugbank.com/drugs/DB00117	Histidine
DrugBank_DB01193	DB01193	DrugBank	https://go.drugbank.com/drugs/DB01193	Acebutolol
DrugBank_DB08504	DB08504	DrugBank	https://go.drugbank.com/drugs/DB08504	6-(4-{(1s,2s)-2-amino-1-[(dimethylamino)carbonyl]-3-[(3s)-3-fluoropyrrolidin-1-yl]-3-oxopropyl}phenyl)-1h-[1,2,4]triazolo[1,5-a]pyridin-4-ium
DrugBank_DB04946	DB04946	DrugBank	https://go.drugbank.com/drugs/DB04946	Iloperidone
DrugBank_DB13533	DB13533	DrugBank	https://go.drugbank.com/drugs/DB13533	Methylestrenolone
DrugBank_DB03894	DB03894	DrugBank	https://go.drugbank.com/drugs/DB03894	N-propargyl-1(s)-aminoindan
DrugBank_DB05421	DB05421	DrugBank	https://go.drugbank.com/drugs/DB05421	Cp-122721
DrugBank_DB13996	DB13996	DrugBank	https://go.drugbank.com/drugs/DB13996	Magnesium Acetate
DrugBank_DB08996	DB08996	DrugBank	https://go.drugbank.com/drugs/DB08996	Dimetacrine
DrugBank_DB08745	DB08745	DrugBank	https://go.drugbank.com/drugs/DB08745	4-[[(1e)-2-(4-chlorophenyl)ethenyl]sulfonyl]-1-[[1-(4-pyridinyl)-4-piperidinyl]methyl]piperazinone
DrugBank_DB08338	DB08338	DrugBank	https://go.drugbank.com/drugs/DB08338	19-(cyclopropylamino)-4,6,7,15-tetrahydro-5h-16,1-(azenometheno)-10,14-(metheno)pyrazolo[4,3-o][1,3,9]triazacyclohexadecin-8(9h)-one
DrugBank_DB02878	DB02878	DrugBank	https://go.drugbank.com/drugs/DB02878	3-(2-aminoethyl)-4-(aminomethyl)heptanedioic Acid
DrugBank_DB07533	DB07533	DrugBank	https://go.drugbank.com/drugs/DB07533	4-{5-[(z)-(2-imino-4-oxo-1,3-thiazolidin-5-ylidene)methyl]-2-furyl}-n-methylbenzenesulfonamide
DrugBank_DB13468	DB13468	DrugBank	https://go.drugbank.com/drugs/DB13468	Etybenzatropine
DrugBank_DB02201	DB02201	DrugBank	https://go.drugbank.com/drugs/DB02201	Malonate Ion
DrugBank_DB12062	DB12062	DrugBank	https://go.drugbank.com/drugs/DB12062	Volasertib
DrugBank_DB10794	DB10794	DrugBank	https://go.drugbank.com/drugs/DB10794	Influenza B Virus B/brisbane/60/2008 Antigen (formaldehyde Inactivated)
DrugBank_DB08493	DB08493	DrugBank	https://go.drugbank.com/drugs/DB08493	5-methyl-3-(9-oxo-1,8-diaza-tricyclo[10.6.1.013,18]nonadeca-12(19),13,15,17-tetraen-10-ylcarbamoyl)-hexanoic Acid
DrugBank_DB00439	DB00439	DrugBank	https://go.drugbank.com/drugs/DB00439	Cerivastatin
DrugBank_DB09051	DB09051	DrugBank	https://go.drugbank.com/drugs/DB09051	Elosulfase Alfa
DrugBank_DB07837	DB07837	DrugBank	https://go.drugbank.com/drugs/DB07837	[4-(5-naphthalen-2-yl-1h-pyrrolo[2,3-b]pyridin-3-yl)phenyl]acetic Acid
DrugBank_DB09211	DB09211	DrugBank	https://go.drugbank.com/drugs/DB09211	Limaprost
DrugBank_DB13114	DB13114	DrugBank	https://go.drugbank.com/drugs/DB13114	Amitriptylinoxide
DrugBank_DB00961	DB00961	DrugBank	https://go.drugbank.com/drugs/DB00961	Mepivacaine
DrugBank_DB14864	DB14864	DrugBank	https://go.drugbank.com/drugs/DB14864	Brolucizumab
DrugBank_DB13799	DB13799	DrugBank	https://go.drugbank.com/drugs/DB13799	Ethadione
DrugBank_DB02277	DB02277	DrugBank	https://go.drugbank.com/drugs/DB02277	1-(5-tert-butyl-2-methyl-2h-pyrazol-3-yl)-3-(4-chloro-phenyl)-urea
DrugBank_DB00930	DB00930	DrugBank	https://go.drugbank.com/drugs/DB00930	Colesevelam
DrugBank_DB08614	DB08614	DrugBank	https://go.drugbank.com/drugs/DB08614	3-[[(methylamino)sulfonyl]amino]-2-oxo-6-phenyl-n-[3,3,3-trifluoro-1-(1-methylethyl)-2-oxophenyl]-1(2h)-pyridine Acetamide
DrugBank_DB14598	DB14598	DrugBank	https://go.drugbank.com/drugs/DB14598	Edetate Calcium Disodium Anhydrous
DrugBank_DB04297	DB04297	DrugBank	https://go.drugbank.com/drugs/DB04297	Trichostatin A
DrugBank_DB03034	DB03034	DrugBank	https://go.drugbank.com/drugs/DB03034	D-levofloxacin
DrugBank_DB11596	DB11596	DrugBank	https://go.drugbank.com/drugs/DB11596	Levoleucovorin
DrugBank_DB13486	DB13486	DrugBank	https://go.drugbank.com/drugs/DB13486	Magnesium Peroxide
DrugBank_DB11614	DB11614	DrugBank	https://go.drugbank.com/drugs/DB11614	Rupatadine
DrugBank_DB13915	DB13915	DrugBank	https://go.drugbank.com/drugs/DB13915	Axicabtagene Ciloleucel
DrugBank_DB08478	DB08478	DrugBank	https://go.drugbank.com/drugs/DB08478	N-[2-chloro-5-(trifluoromethyl)phenyl]imidodicarbonimidic Diamide
DrugBank_DB13274	DB13274	DrugBank	https://go.drugbank.com/drugs/DB13274	Micronomicin
DrugBank_DB00460	DB00460	DrugBank	https://go.drugbank.com/drugs/DB00460	Verteporfin
DrugBank_DB05695	DB05695	DrugBank	https://go.drugbank.com/drugs/DB05695	Nps-2143
DrugBank_DB14484	DB14484	DrugBank	https://go.drugbank.com/drugs/DB14484	Magnesium Ascorbate
DrugBank_DB09050	DB09050	DrugBank	https://go.drugbank.com/drugs/DB09050	Ceftolozane
DrugBank_DB06415	DB06415	DrugBank	https://go.drugbank.com/drugs/DB06415	Calfactant
DrugBank_DB03606	DB03606	DrugBank	https://go.drugbank.com/drugs/DB03606	(s)-rolipram
DrugBank_DB11493	DB11493	DrugBank	https://go.drugbank.com/drugs/DB11493	Sodium Tripolyphosphate
DrugBank_DB14681	DB14681	DrugBank	https://go.drugbank.com/drugs/DB14681	Cortisone
DrugBank_DB13943	DB13943	DrugBank	https://go.drugbank.com/drugs/DB13943	Testosterone Cypionate
DrugBank_DB03414	DB03414	DrugBank	https://go.drugbank.com/drugs/DB03414	5-thio-a/b-d-mannopyranosylamine
DrugBank_DB09289	DB09289	DrugBank	https://go.drugbank.com/drugs/DB09289	Tianeptine
DrugBank_DB08342	DB08342	DrugBank	https://go.drugbank.com/drugs/DB08342	S-palmitoyl-l-cysteine
DrugBank_DB01964	DB01964	DrugBank	https://go.drugbank.com/drugs/DB01964	Al5424
DrugBank_DB11809	DB11809	DrugBank	https://go.drugbank.com/drugs/DB11809	Artefenomel
DrugBank_DB01763	DB01763	DrugBank	https://go.drugbank.com/drugs/DB01763	7-thionicotinamide-adenine-dinucleotide Phosphate
DrugBank_DB08056	DB08056	DrugBank	https://go.drugbank.com/drugs/DB08056	N-(2,6-dimethylphenyl)-5-phenylimidazo[1,5-a]pyrazin-8-amine
DrugBank_DB03499	DB03499	DrugBank	https://go.drugbank.com/drugs/DB03499	D-malic Acid
DrugBank_DB05254	DB05254	DrugBank	https://go.drugbank.com/drugs/DB05254	Fibrinolysin
DrugBank_DB09030	DB09030	DrugBank	https://go.drugbank.com/drugs/DB09030	Vorapaxar
DrugBank_DB00128	DB00128	DrugBank	https://go.drugbank.com/drugs/DB00128	Aspartic Acid
DrugBank_DB08874	DB08874	DrugBank	https://go.drugbank.com/drugs/DB08874	Fidaxomicin
DrugBank_DB08762	DB08762	DrugBank	https://go.drugbank.com/drugs/DB08762	O-(((1r)-((n-phenylmethoxycarbonyl-l-alanyl)amino)ethyl)hydroxyphosphono)-l-benzylacetic Acid
DrugBank_DB01018	DB01018	DrugBank	https://go.drugbank.com/drugs/DB01018	Guanfacine
DrugBank_DB02679	DB02679	DrugBank	https://go.drugbank.com/drugs/DB02679	Cyanamide
DrugBank_DB03130	DB03130	DrugBank	https://go.drugbank.com/drugs/DB03130	S-p-nitrobenzyloxycarbonylglutathione
DrugBank_DB00877	DB00877	DrugBank	https://go.drugbank.com/drugs/DB00877	Sirolimus
DrugBank_DB04560	DB04560	DrugBank	https://go.drugbank.com/drugs/DB04560	4,7-dioxosebacic Acid
DrugBank_DB11668	DB11668	DrugBank	https://go.drugbank.com/drugs/DB11668	Rusalatide Acetate
DrugBank_DB07240	DB07240	DrugBank	https://go.drugbank.com/drugs/DB07240	3-[(9h-fluoren-9-ylideneamino)oxy]propanoic Acid
DrugBank_DB05824	DB05824	DrugBank	https://go.drugbank.com/drugs/DB05824	Cns-5161
DrugBank_DB08897	DB08897	DrugBank	https://go.drugbank.com/drugs/DB08897	Aclidinium
DrugBank_DB06138	DB06138	DrugBank	https://go.drugbank.com/drugs/DB06138	Irl-1620
DrugBank_DB06550	DB06550	DrugBank	https://go.drugbank.com/drugs/DB06550	Bivatuzumab
DrugBank_DB08093	DB08093	DrugBank	https://go.drugbank.com/drugs/DB08093	3-(1-naphthylmethoxy)pyridin-2-amine
DrugBank_DB08961	DB08961	DrugBank	https://go.drugbank.com/drugs/DB08961	Azosemide
DrugBank_DB05284	DB05284	DrugBank	https://go.drugbank.com/drugs/DB05284	Ca4p
DrugBank_DB12916	DB12916	DrugBank	https://go.drugbank.com/drugs/DB12916	Mitolactol
DrugBank_DB05595	DB05595	DrugBank	https://go.drugbank.com/drugs/DB05595	Farletuzumab
DrugBank_DB05188	DB05188	DrugBank	https://go.drugbank.com/drugs/DB05188	Kd3010
DrugBank_DB09301	DB09301	DrugBank	https://go.drugbank.com/drugs/DB09301	Chondroitin Sulfate
DrugBank_DB12701	DB12701	DrugBank	https://go.drugbank.com/drugs/DB12701	Intetumumab
DrugBank_DB07893	DB07893	DrugBank	https://go.drugbank.com/drugs/DB07893	Phenyl[1-(n-succinylamino)pentyl]phosphonate
DrugBank_DB11142	DB11142	DrugBank	https://go.drugbank.com/drugs/DB11142	Selenomethionine
DrugBank_DB05656	DB05656	DrugBank	https://go.drugbank.com/drugs/DB05656	Veltuzumab
DrugBank_DB06228	DB06228	DrugBank	https://go.drugbank.com/drugs/DB06228	Rivaroxaban
DrugBank_DB12987	DB12987	DrugBank	https://go.drugbank.com/drugs/DB12987	Penclomedine
DrugBank_DB13637	DB13637	DrugBank	https://go.drugbank.com/drugs/DB13637	Tenitramine
DrugBank_DB15253	DB15253	DrugBank	https://go.drugbank.com/drugs/DB15253	Bleselumab
DrugBank_DB01949	DB01949	DrugBank	https://go.drugbank.com/drugs/DB01949	2-amino-n,3,3-trimethylbutanamide
DrugBank_DB11315	DB11315	DrugBank	https://go.drugbank.com/drugs/DB11315	Methscopolamine
DrugBank_DB11375	DB11375	DrugBank	https://go.drugbank.com/drugs/DB11375	Avilamycin
DrugBank_DB01330	DB01330	DrugBank	https://go.drugbank.com/drugs/DB01330	Cefotetan
DrugBank_DB04936	DB04936	DrugBank	https://go.drugbank.com/drugs/DB04936	Tagatose
DrugBank_DB12457	DB12457	DrugBank	https://go.drugbank.com/drugs/DB12457	Rimegepant
DrugBank_DB13949	DB13949	DrugBank	https://go.drugbank.com/drugs/DB13949	Ferric Cation
DrugBank_DB01793	DB01793	DrugBank	https://go.drugbank.com/drugs/DB01793	Sb-409513
DrugBank_DB04662	DB04662	DrugBank	https://go.drugbank.com/drugs/DB04662	Olomoucine Ii
DrugBank_DB11745	DB11745	DrugBank	https://go.drugbank.com/drugs/DB11745	Otenabant
DrugBank_DB07540	DB07540	DrugBank	https://go.drugbank.com/drugs/DB07540	4-{5-[(1z)-1-(2-imino-4-oxo-1,3-thiazolidin-5-ylidene)ethyl]-2-furyl}benzenesulfonamide
DrugBank_DB13647	DB13647	DrugBank	https://go.drugbank.com/drugs/DB13647	Semustine
DrugBank_DB00728	DB00728	DrugBank	https://go.drugbank.com/drugs/DB00728	Rocuronium
DrugBank_DB14726	DB14726	DrugBank	https://go.drugbank.com/drugs/DB14726	Dabigatran
DrugBank_DB09328	DB09328	DrugBank	https://go.drugbank.com/drugs/DB09328	Vayarin
DrugBank_DB13082	DB13082	DrugBank	https://go.drugbank.com/drugs/DB13082	Nefiracetam
DrugBank_DB01171	DB01171	DrugBank	https://go.drugbank.com/drugs/DB01171	Moclobemide
DrugBank_DB08464	DB08464	DrugBank	https://go.drugbank.com/drugs/DB08464	Methyl 3-chloro-2-{3-[(2,5-dihydroxy-4-methoxyphenyl)amino]-3-oxopropyl}-4,6-dihydroxybenzoate
DrugBank_DB00709	DB00709	DrugBank	https://go.drugbank.com/drugs/DB00709	Lamivudine
DrugBank_DB08862	DB08862	DrugBank	https://go.drugbank.com/drugs/DB08862	Cholecystokinin
DrugBank_DB12806	DB12806	DrugBank	https://go.drugbank.com/drugs/DB12806	Gsk-1004723
DrugBank_DB00922	DB00922	DrugBank	https://go.drugbank.com/drugs/DB00922	Levosimendan
DrugBank_DB12870	DB12870	DrugBank	https://go.drugbank.com/drugs/DB12870	Buthionine Sulfoximine
DrugBank_DB03643	DB03643	DrugBank	https://go.drugbank.com/drugs/DB03643	Cra_1144
DrugBank_DB07065	DB07065	DrugBank	https://go.drugbank.com/drugs/DB07065	5-(2,3-dichlorophenyl)-n-(pyridin-4-ylmethyl)-3-thiocyanatopyrazolo[1,5-a]pyrimidin-7-amine
DrugBank_DB06089	DB06089	DrugBank	https://go.drugbank.com/drugs/DB06089	Ica-105665
DrugBank_DB02648	DB02648	DrugBank	https://go.drugbank.com/drugs/DB02648	(3-carboxy-2-(r)-hydroxy-propyl)-trimethyl-ammonium
DrugBank_DB04685	DB04685	DrugBank	https://go.drugbank.com/drugs/DB04685	1-{(2s,5s)-4-fluoro-5-[(trityloxy)methyl]tetrahydrofuran-2-yl}pyrimidine-2,4(1h,3h)-dione
DrugBank_DB11989	DB11989	DrugBank	https://go.drugbank.com/drugs/DB11989	Benznidazole
DrugBank_DB07403	DB07403	DrugBank	https://go.drugbank.com/drugs/DB07403	4-[(3-chloro-4-{[(2r)-3,3,3-trifluoro-2-hydroxy-2-methylpropanoyl]amino}phenyl)sulfonyl]-n,n-dimethylbenzamide
DrugBank_DB15366	DB15366	DrugBank	https://go.drugbank.com/drugs/DB15366	Sor-c13
DrugBank_DB00050	DB00050	DrugBank	https://go.drugbank.com/drugs/DB00050	Cetrorelix
DrugBank_DB13551	DB13551	DrugBank	https://go.drugbank.com/drugs/DB13551	Cinchophen
DrugBank_DB00256	DB00256	DrugBank	https://go.drugbank.com/drugs/DB00256	Lymecycline
DrugBank_DB07504	DB07504	DrugBank	https://go.drugbank.com/drugs/DB07504	(2r)-1-{4-[(4-anilino-5-bromo-2-pyrimidinyl)amino]phenoxy}-3-(dimethylamino)-2-propanol
DrugBank_DB13161	DB13161	DrugBank	https://go.drugbank.com/drugs/DB13161	Nusinersen
DrugBank_DB03708	DB03708	DrugBank	https://go.drugbank.com/drugs/DB03708	Adenosine 5'-phosphosulfate
DrugBank_DB06996	DB06996	DrugBank	https://go.drugbank.com/drugs/DB06996	D-leucyl-n-(4-carbamimidoylbenzyl)-l-prolinamide
DrugBank_DB06151	DB06151	DrugBank	https://go.drugbank.com/drugs/DB06151	Acetylcysteine
DrugBank_DB08291	DB08291	DrugBank	https://go.drugbank.com/drugs/DB08291	N-(3-aminopropyl)-2-nitrobenzenamine
DrugBank_DB02690	DB02690	DrugBank	https://go.drugbank.com/drugs/DB02690	Nu1025
DrugBank_DB00385	DB00385	DrugBank	https://go.drugbank.com/drugs/DB00385	Valrubicin
DrugBank_DB15336	DB15336	DrugBank	https://go.drugbank.com/drugs/DB15336	Valanafusp Alfa
DrugBank_DB07749	DB07749	DrugBank	https://go.drugbank.com/drugs/DB07749	2-acetylamino-4-methyl-pentanoic Acid (1-formyl-2-phenyl-ethyl)-amide
DrugBank_DB03976	DB03976	DrugBank	https://go.drugbank.com/drugs/DB03976	Phosphorylisopropane
DrugBank_DB00524	DB00524	DrugBank	https://go.drugbank.com/drugs/DB00524	Metolazone
DrugBank_DB00007	DB00007	DrugBank	https://go.drugbank.com/drugs/DB00007	Leuprolide
DrugBank_DB12118	DB12118	DrugBank	https://go.drugbank.com/drugs/DB12118	Sotatercept
DrugBank_DB00426	DB00426	DrugBank	https://go.drugbank.com/drugs/DB00426	Famciclovir
DrugBank_DB08355	DB08355	DrugBank	https://go.drugbank.com/drugs/DB08355	1-methyl-8-(phenylamino)-4,5-dihydro-1h-pyrazolo[4,3-h]quinazoline-3-carboxylic Acid
DrugBank_DB13070	DB13070	DrugBank	https://go.drugbank.com/drugs/DB13070	Surinabant
DrugBank_DB08864	DB08864	DrugBank	https://go.drugbank.com/drugs/DB08864	Rilpivirine
DrugBank_DB03444	DB03444	DrugBank	https://go.drugbank.com/drugs/DB03444	6-bromoindirubin-3'-oxime
DrugBank_DB06582	DB06582	DrugBank	https://go.drugbank.com/drugs/DB06582	Dextofisopam
DrugBank_DB07461	DB07461	DrugBank	https://go.drugbank.com/drugs/DB07461	3-amino-3-benzyl-9-carboxamide[4.3.0]bicyclo-1,6-diazanonan-2-one
DrugBank_DB04145	DB04145	DrugBank	https://go.drugbank.com/drugs/DB04145	Nicotinyl Alcohol
DrugBank_DB07346	DB07346	DrugBank	https://go.drugbank.com/drugs/DB07346	4-(2-aminoethyl)-2-ethylphenol
DrugBank_DB02426	DB02426	DrugBank	https://go.drugbank.com/drugs/DB02426	Carboxyatractyloside
DrugBank_DB02800	DB02800	DrugBank	https://go.drugbank.com/drugs/DB02800	5-hydroxymethyl-5,6-dihydrofolic Acid
DrugBank_DB06281	DB06281	DrugBank	https://go.drugbank.com/drugs/DB06281	Torcetrapib
DrugBank_DB13208	DB13208	DrugBank	https://go.drugbank.com/drugs/DB13208	Prednylidene
DrugBank_DB07489	DB07489	DrugBank	https://go.drugbank.com/drugs/DB07489	4-amino-2-[(3-chlorophenyl)amino]-5-(4-fluorobenzoyl)-1,3-thiazol-3-ium
DrugBank_DB04797	DB04797	DrugBank	https://go.drugbank.com/drugs/DB04797	Triazolopyridine
DrugBank_DB13026	DB13026	DrugBank	https://go.drugbank.com/drugs/DB13026	Ornidazole
DrugBank_DB06689	DB06689	DrugBank	https://go.drugbank.com/drugs/DB06689	Ethanolamine Oleate
DrugBank_DB01136	DB01136	DrugBank	https://go.drugbank.com/drugs/DB01136	Carvedilol
DrugBank_DB03510	DB03510	DrugBank	https://go.drugbank.com/drugs/DB03510	6-o-phosphoryl Inosine Monophosphate
DrugBank_DB00235	DB00235	DrugBank	https://go.drugbank.com/drugs/DB00235	Milrinone
DrugBank_DB01093	DB01093	DrugBank	https://go.drugbank.com/drugs/DB01093	Dimethyl Sulfoxide
DrugBank_DB03953	DB03953	DrugBank	https://go.drugbank.com/drugs/DB03953	Thiocitrulline
DrugBank_DB04911	DB04911	DrugBank	https://go.drugbank.com/drugs/DB04911	Oritavancin
DrugBank_DB05301	DB05301	DrugBank	https://go.drugbank.com/drugs/DB05301	Lax-101
DrugBank_DB01012	DB01012	DrugBank	https://go.drugbank.com/drugs/DB01012	Cinacalcet
DrugBank_DB05506	DB05506	DrugBank	https://go.drugbank.com/drugs/DB05506	Isis 113715
DrugBank_DB06155	DB06155	DrugBank	https://go.drugbank.com/drugs/DB06155	Rimonabant
DrugBank_DB06813	DB06813	DrugBank	https://go.drugbank.com/drugs/DB06813	Pralatrexate
DrugBank_DB09477	DB09477	DrugBank	https://go.drugbank.com/drugs/DB09477	Enalaprilat
DrugBank_DB00450	DB00450	DrugBank	https://go.drugbank.com/drugs/DB00450	Droperidol
DrugBank_DB00465	DB00465	DrugBank	https://go.drugbank.com/drugs/DB00465	Ketorolac
DrugBank_DB13324	DB13324	DrugBank	https://go.drugbank.com/drugs/DB13324	Tetrazepam
DrugBank_DB09124	DB09124	DrugBank	https://go.drugbank.com/drugs/DB09124	Medrogestone
DrugBank_DB05521	DB05521	DrugBank	https://go.drugbank.com/drugs/DB05521	Telaprevir
DrugBank_DB02183	DB02183	DrugBank	https://go.drugbank.com/drugs/DB02183	Adenosine-5'-ditungstate
DrugBank_DB07093	DB07093	DrugBank	https://go.drugbank.com/drugs/DB07093	{3-[(5-chloro-1,3-benzothiazol-2-yl)methyl]-2,4-dioxo-3,4-dihydropyrimidin-1(2h)-yl}acetic Acid
DrugBank_DB03536	DB03536	DrugBank	https://go.drugbank.com/drugs/DB03536	Benzyl N-[(2s)-5-(diaminomethylamino)-1-[[(2s)-4-fluoro-3-oxobutan-2-yl]amino]-1-oxopentan-2-yl]carbamate
DrugBank_DB04897	DB04897	DrugBank	https://go.drugbank.com/drugs/DB04897	Lucinactant
DrugBank_DB00383	DB00383	DrugBank	https://go.drugbank.com/drugs/DB00383	Oxyphencyclimine
DrugBank_DB06213	DB06213	DrugBank	https://go.drugbank.com/drugs/DB06213	Regadenoson
DrugBank_DB00055	DB00055	DrugBank	https://go.drugbank.com/drugs/DB00055	Drotrecogin Alfa
DrugBank_DB06237	DB06237	DrugBank	https://go.drugbank.com/drugs/DB06237	Avanafil
DrugBank_DB07655	DB07655	DrugBank	https://go.drugbank.com/drugs/DB07655	3-amino-3-benzyl-[4.3.0]bicyclo-1,6-diazanonan-2-one
DrugBank_DB05253	DB05253	DrugBank	https://go.drugbank.com/drugs/DB05253	Telapristone Acetate
DrugBank_DB05076	DB05076	DrugBank	https://go.drugbank.com/drugs/DB05076	Fenretinide
DrugBank_DB13230	DB13230	DrugBank	https://go.drugbank.com/drugs/DB13230	Gestonorone
DrugBank_DB14620	DB14620	DrugBank	https://go.drugbank.com/drugs/DB14620	Influenza A Virus A/brisbane/59/2007(h1n1) Antigen (propiolactone Inactivated)
DrugBank_DB00356	DB00356	DrugBank	https://go.drugbank.com/drugs/DB00356	Chlorzoxazone
DrugBank_DB11999	DB11999	DrugBank	https://go.drugbank.com/drugs/DB11999	Vosaroxin
DrugBank_DB13257	DB13257	DrugBank	https://go.drugbank.com/drugs/DB13257	Ferrous Sulfate Anhydrous
DrugBank_DB12807	DB12807	DrugBank	https://go.drugbank.com/drugs/DB12807	Naptumomab Estafenatox
DrugBank_DB00976	DB00976	DrugBank	https://go.drugbank.com/drugs/DB00976	Telithromycin
DrugBank_DB02239	DB02239	DrugBank	https://go.drugbank.com/drugs/DB02239	Laevulinic Acid
DrugBank_DB06655	DB06655	DrugBank	https://go.drugbank.com/drugs/DB06655	Liraglutide
DrugBank_DB00862	DB00862	DrugBank	https://go.drugbank.com/drugs/DB00862	Vardenafil
DrugBank_DB01055	DB01055	DrugBank	https://go.drugbank.com/drugs/DB01055	Mimosine
DrugBank_DB05364	DB05364	DrugBank	https://go.drugbank.com/drugs/DB05364	Rox-888
DrugBank_DB07614	DB07614	DrugBank	https://go.drugbank.com/drugs/DB07614	Phenyl-5-(1h-pyrazol-3-yl)-1,3-thiazole
DrugBank_DB01944	DB01944	DrugBank	https://go.drugbank.com/drugs/DB01944	(s)-blebbistatin
DrugBank_DB03120	DB03120	DrugBank	https://go.drugbank.com/drugs/DB03120	P-toluenesulfonic Acid
DrugBank_DB03298	DB03298	DrugBank	https://go.drugbank.com/drugs/DB03298	Phenylphosphate
DrugBank_DB12867	DB12867	DrugBank	https://go.drugbank.com/drugs/DB12867	Benperidol
DrugBank_DB02504	DB02504	DrugBank	https://go.drugbank.com/drugs/DB02504	[3-(1-benzyl-3-carbamoylmethyl-2-methyl-1h-indol-5-yloxy)-propyl-]-phosphonic Acid
DrugBank_DB04521	DB04521	DrugBank	https://go.drugbank.com/drugs/DB04521	4-s-glutathionyl-5-pentyl-tetrahydro-furan-2-ol
DrugBank_DB14521	DB14521	DrugBank	https://go.drugbank.com/drugs/DB14521	Silver Cation
DrugBank_DB04572	DB04572	DrugBank	https://go.drugbank.com/drugs/DB04572	Thiotepa
DrugBank_DB12174	DB12174	DrugBank	https://go.drugbank.com/drugs/DB12174	Cudc-101
DrugBank_DB04577	DB04577	DrugBank	https://go.drugbank.com/drugs/DB04577	1-(1-phenylcyclopentyl)methylamine
DrugBank_DB04315	DB04315	DrugBank	https://go.drugbank.com/drugs/DB04315	Guanosine-5'-diphosphate
DrugBank_DB12307	DB12307	DrugBank	https://go.drugbank.com/drugs/DB12307	Foretinib
DrugBank_DB07857	DB07857	DrugBank	https://go.drugbank.com/drugs/DB07857	(2r)-2-(4-chlorophenyl)-2-[4-(1h-pyrazol-4-yl)phenyl]ethanamine
DrugBank_DB12726	DB12726	DrugBank	https://go.drugbank.com/drugs/DB12726	Monteplase
DrugBank_DB04551	DB04551	DrugBank	https://go.drugbank.com/drugs/DB04551	Beta-d-fructofuranose 1,6-bisphosphate
DrugBank_DB00878	DB00878	DrugBank	https://go.drugbank.com/drugs/DB00878	Chlorhexidine
DrugBank_DB00973	DB00973	DrugBank	https://go.drugbank.com/drugs/DB00973	Ezetimibe
DrugBank_DB01997	DB01997	DrugBank	https://go.drugbank.com/drugs/DB01997	3-bromo-7-nitroindazole
DrugBank_DB06883	DB06883	DrugBank	https://go.drugbank.com/drugs/DB06883	1-[1-(3-aminophenyl)-3-tert-butyl-1h-pyrazol-5-yl]-3-phenylurea
DrugBank_DB07444	DB07444	DrugBank	https://go.drugbank.com/drugs/DB07444	6-(3-aminopropyl)-4,9-dimethylpyrrolo[3,4-c]carbazole-1,3(2h,6h)-dione
DrugBank_DB07967	DB07967	DrugBank	https://go.drugbank.com/drugs/DB07967	9-cyclopentyl-6-[2-(3-imidazol-1-yl-propoxy)-phenylamino]-9h-purine-2-carbonitrile
DrugBank_DB01186	DB01186	DrugBank	https://go.drugbank.com/drugs/DB01186	Pergolide
DrugBank_DB02973	DB02973	DrugBank	https://go.drugbank.com/drugs/DB02973	4-(5-bromo-2-oxo-2h-indol-3-ylazo)-benzenesulfonamide
DrugBank_DB11605	DB11605	DrugBank	https://go.drugbank.com/drugs/DB11605	Myrrh
DrugBank_DB07099	DB07099	DrugBank	https://go.drugbank.com/drugs/DB07099	N-[4-(benzyloxy)phenyl]glycinamide
DrugBank_DB13502	DB13502	DrugBank	https://go.drugbank.com/drugs/DB13502	Budipine
DrugBank_DB07875	DB07875	DrugBank	https://go.drugbank.com/drugs/DB07875	5-chloro-thiophene-2-carboxylic Acid ((3s,4s)-1-{[2-fluoro-4-(2-oxo-2h-pyridin-1-yl)-phenylcarbamoyl]-methyl}-4-hydroxy-pyrrolidin-3-yl)-amide
DrugBank_DB06157	DB06157	DrugBank	https://go.drugbank.com/drugs/DB06157	Istaroxime
DrugBank_DB00500	DB00500	DrugBank	https://go.drugbank.com/drugs/DB00500	Tolmetin
DrugBank_DB11468	DB11468	DrugBank	https://go.drugbank.com/drugs/DB11468	Tiamulin
DrugBank_DB01482	DB01482	DrugBank	https://go.drugbank.com/drugs/DB01482	Fenethylline
DrugBank_DB14219	DB14219	DrugBank	https://go.drugbank.com/drugs/DB14219	Monomethyl Fumarate
DrugBank_DB14905	DB14905	DrugBank	https://go.drugbank.com/drugs/DB14905	Emactuzumab
DrugBank_DB11485	DB11485	DrugBank	https://go.drugbank.com/drugs/DB11485	Ceftiofur
DrugBank_DB03129	DB03129	DrugBank	https://go.drugbank.com/drugs/DB03129	Diamino-n-[3-(1,3,2-dioxaborolan-2-yloxy)propyl]methaniminium
DrugBank_DB00820	DB00820	DrugBank	https://go.drugbank.com/drugs/DB00820	Tadalafil
DrugBank_DB11929	DB11929	DrugBank	https://go.drugbank.com/drugs/DB11929	Vaniprevir
DrugBank_DB06534	DB06534	DrugBank	https://go.drugbank.com/drugs/DB06534	Thrombopoietin
DrugBank_DB01002	DB01002	DrugBank	https://go.drugbank.com/drugs/DB01002	Levobupivacaine
DrugBank_DB00509	DB00509	DrugBank	https://go.drugbank.com/drugs/DB00509	Dextrothyroxine
DrugBank_DB00676	DB00676	DrugBank	https://go.drugbank.com/drugs/DB00676	Benzyl Benzoate
DrugBank_DB10318	DB10318	DrugBank	https://go.drugbank.com/drugs/DB10318	Varicella Zoster Vaccine (live/attenuated)
DrugBank_DB07454	DB07454	DrugBank	https://go.drugbank.com/drugs/DB07454	(r)-3-bromo-2-hydroxy-2-methyl-n-[4-nitro-3-(trifluoromethyl)phenyl]propanamide
DrugBank_DB04563	DB04563	DrugBank	https://go.drugbank.com/drugs/DB04563	Cra_9678
DrugBank_DB03725	DB03725	DrugBank	https://go.drugbank.com/drugs/DB03725	5'-guanylylmethylenebisphosphonate
DrugBank_DB01555	DB01555	DrugBank	https://go.drugbank.com/drugs/DB01555	Alphacetylmethadol
DrugBank_DB09508	DB09508	DrugBank	https://go.drugbank.com/drugs/DB09508	Ferumoxides
DrugBank_DB02402	DB02402	DrugBank	https://go.drugbank.com/drugs/DB02402	5-(4-methoxyphenoxy)-2,4-quinazolinediamine
DrugBank_DB08971	DB08971	DrugBank	https://go.drugbank.com/drugs/DB08971	Fluocortolone
DrugBank_DB04593	DB04593	DrugBank	https://go.drugbank.com/drugs/DB04593	3-({1-[3-carbamimidoyl-1-(4-carbamimidoyl-benzylcarbamoyl)-propylcarbamoyl]-2-methyl-butylsulfamoyl}-methyl)-benzoic Acid
DrugBank_DB14052	DB14052	DrugBank	https://go.drugbank.com/drugs/DB14052	Malacidin B
DrugBank_DB00770	DB00770	DrugBank	https://go.drugbank.com/drugs/DB00770	Alprostadil
DrugBank_DB07034	DB07034	DrugBank	https://go.drugbank.com/drugs/DB07034	2,2'-{[9-(hydroxyimino)-9h-fluorene-2,7-diyl]bis(oxy)}diacetic Acid
DrugBank_DB08677	DB08677	DrugBank	https://go.drugbank.com/drugs/DB08677	N-(5-isopropyl-thiazol-2-yl)-2-pyridin-3-yl-acetamide
DrugBank_DB06436	DB06436	DrugBank	https://go.drugbank.com/drugs/DB06436	Semaxanib
DrugBank_DB00892	DB00892	DrugBank	https://go.drugbank.com/drugs/DB00892	Oxybuprocaine
DrugBank_DB09299	DB09299	DrugBank	https://go.drugbank.com/drugs/DB09299	Tenofovir Alafenamide
DrugBank_DB07187	DB07187	DrugBank	https://go.drugbank.com/drugs/DB07187	Cp-744809
DrugBank_DB11692	DB11692	DrugBank	https://go.drugbank.com/drugs/DB11692	Pavinetant
DrugBank_DB02218	DB02218	DrugBank	https://go.drugbank.com/drugs/DB02218	N-[4-hydroxymethyl-cyclohexan-6-yl-1,2,3-triol]-4,6-dideoxy-4-aminoglucopyranoside
DrugBank_DB09274	DB09274	DrugBank	https://go.drugbank.com/drugs/DB09274	Artesunate
DrugBank_DB04738	DB04738	DrugBank	https://go.drugbank.com/drugs/DB04738	Motuporin
DrugBank_DB13132	DB13132	DrugBank	https://go.drugbank.com/drugs/DB13132	Artemisinin
DrugBank_DB07375	DB07375	DrugBank	https://go.drugbank.com/drugs/DB07375	Etiocholanedione
DrugBank_DB06533	DB06533	DrugBank	https://go.drugbank.com/drugs/DB06533	Ragaglitazar
DrugBank_DB03262	DB03262	DrugBank	https://go.drugbank.com/drugs/DB03262	Al-6619, [2h-thieno[3,2-e]-1,2-thiazine-6-sulfonamide,2-(3-hydroxyphenyl)-3-(4-morpholinyl)-, 1,1-dioxide]
DrugBank_DB08206	DB08206	DrugBank	https://go.drugbank.com/drugs/DB08206	4-(1,3-benzoxazol-2-yl)-2,6-dibromophenol
DrugBank_DB13735	DB13735	DrugBank	https://go.drugbank.com/drugs/DB13735	Potassium Guaiacolsulfonate
DrugBank_DB11652	DB11652	DrugBank	https://go.drugbank.com/drugs/DB11652	Tucatinib
DrugBank_DB07362	DB07362	DrugBank	https://go.drugbank.com/drugs/DB07362	1-(5-{2-[(1-methyl-1h-pyrazolo[4,3-d]pyrimidin-7-yl)amino]ethyl}-1,3-thiazol-2-yl)-3-[3-(trifluoromethyl)phenyl]urea
DrugBank_DB00396	DB00396	DrugBank	https://go.drugbank.com/drugs/DB00396	Progesterone
DrugBank_DB09285	DB09285	DrugBank	https://go.drugbank.com/drugs/DB09285	Morniflumate
DrugBank_DB11358	DB11358	DrugBank	https://go.drugbank.com/drugs/DB11358	Evening Primrose Oil
DrugBank_DB13405	DB13405	DrugBank	https://go.drugbank.com/drugs/DB13405	Mefruside
DrugBank_DB03983	DB03983	DrugBank	https://go.drugbank.com/drugs/DB03983	{[2-amino-4-oxo-6,7-di(sulfanyl-κs)-3,5,5a,8,9a,10-hexahydro-4h-pyrano[3,2-g]pteridin-8-yl]methyl Dihydrogenato(2-) Phosphate}(dioxo)sulfanylmolybdenum
DrugBank_DB07913	DB07913	DrugBank	https://go.drugbank.com/drugs/DB07913	Homophenylalaninylmethane
DrugBank_DB03322	DB03322	DrugBank	https://go.drugbank.com/drugs/DB03322	Dexpropranolol
DrugBank_DB07069	DB07069	DrugBank	https://go.drugbank.com/drugs/DB07069	M-hydroxyhippuric Acid
DrugBank_DB12647	DB12647	DrugBank	https://go.drugbank.com/drugs/DB12647	Tocotrienol
DrugBank_DB09019	DB09019	DrugBank	https://go.drugbank.com/drugs/DB09019	Bromhexine
DrugBank_DB03266	DB03266	DrugBank	https://go.drugbank.com/drugs/DB03266	Glutaral
DrugBank_DB07544	DB07544	DrugBank	https://go.drugbank.com/drugs/DB07544	N'-(5-chlorobenzofuran-2-carbonyl)-2-(trifluoromethyl)benzenesulfonohydrazide
DrugBank_DB00881	DB00881	DrugBank	https://go.drugbank.com/drugs/DB00881	Quinapril
DrugBank_DB04798	DB04798	DrugBank	https://go.drugbank.com/drugs/DB04798	Thio-atpa
DrugBank_DB06832	DB06832	DrugBank	https://go.drugbank.com/drugs/DB06832	Prinaberel
DrugBank_DB11124	DB11124	DrugBank	https://go.drugbank.com/drugs/DB11124	Racepinephrine
DrugBank_DB06429	DB06429	DrugBank	https://go.drugbank.com/drugs/DB06429	Talnetant
DrugBank_DB09220	DB09220	DrugBank	https://go.drugbank.com/drugs/DB09220	Nicorandil
DrugBank_DB11696	DB11696	DrugBank	https://go.drugbank.com/drugs/DB11696	Racecadotril
DrugBank_DB14763	DB14763	DrugBank	https://go.drugbank.com/drugs/DB14763	Cycloguanil
DrugBank_DB01622	DB01622	DrugBank	https://go.drugbank.com/drugs/DB01622	Thioproperazine
DrugBank_DB13340	DB13340	DrugBank	https://go.drugbank.com/drugs/DB13340	Suloctidil
DrugBank_DB06702	DB06702	DrugBank	https://go.drugbank.com/drugs/DB06702	Fesoterodine
DrugBank_DB12131	DB12131	DrugBank	https://go.drugbank.com/drugs/DB12131	Vinpocetine
DrugBank_DB04464	DB04464	DrugBank	https://go.drugbank.com/drugs/DB04464	N-formylmethionine
DrugBank_DB13673	DB13673	DrugBank	https://go.drugbank.com/drugs/DB13673	Bekanamycin
DrugBank_DB15478	DB15478	DrugBank	https://go.drugbank.com/drugs/DB15478	Frangula Purshiana Bark
DrugBank_DB00748	DB00748	DrugBank	https://go.drugbank.com/drugs/DB00748	Carbinoxamine
DrugBank_DB11577	DB11577	DrugBank	https://go.drugbank.com/drugs/DB11577	Indigotindisulfonic Acid
DrugBank_DB06109	DB06109	DrugBank	https://go.drugbank.com/drugs/DB06109	Ykp-1358
DrugBank_DB07027	DB07027	DrugBank	https://go.drugbank.com/drugs/DB07027	D-phenylalanyl-n-(3-fluorobenzyl)-l-prolinamide
DrugBank_DB02452	DB02452	DrugBank	https://go.drugbank.com/drugs/DB02452	Thymidine 5'-triphosphate
DrugBank_DB03329	DB03329	DrugBank	https://go.drugbank.com/drugs/DB03329	2-pyridinethiol
DrugBank_DB00142	DB00142	DrugBank	https://go.drugbank.com/drugs/DB00142	Glutamic Acid
DrugBank_DB15192	DB15192	DrugBank	https://go.drugbank.com/drugs/DB15192	Abt-288
DrugBank_DB06637	DB06637	DrugBank	https://go.drugbank.com/drugs/DB06637	Dalfampridine
DrugBank_DB00018	DB00018	DrugBank	https://go.drugbank.com/drugs/DB00018	Interferon Alfa-n3
DrugBank_DB06557	DB06557	DrugBank	https://go.drugbank.com/drugs/DB06557	Lerdelimumab
DrugBank_DB05098	DB05098	DrugBank	https://go.drugbank.com/drugs/DB05098	Leptin
DrugBank_DB14547	DB14547	DrugBank	https://go.drugbank.com/drugs/DB14547	Chloride Ion
DrugBank_DB12832	DB12832	DrugBank	https://go.drugbank.com/drugs/DB12832	Prednimustine
DrugBank_DB07859	DB07859	DrugBank	https://go.drugbank.com/drugs/DB07859	4-(4-chlorophenyl)-4-[4-(1h-pyrazol-4-yl)phenyl]piperidine
DrugBank_DB01068	DB01068	DrugBank	https://go.drugbank.com/drugs/DB01068	Clonazepam
DrugBank_DB01427	DB01427	DrugBank	https://go.drugbank.com/drugs/DB01427	Amrinone
DrugBank_DB08335	DB08335	DrugBank	https://go.drugbank.com/drugs/DB08335	4-hydroxybenzaldehyde O-(3,3-dimethylbutanoyl)oxime
DrugBank_DB07342	DB07342	DrugBank	https://go.drugbank.com/drugs/DB07342	1-(adamantan-1-yl)-2-(1h-imidazol-1-yl)ethanone
DrugBank_DB08947	DB08947	DrugBank	https://go.drugbank.com/drugs/DB08947	Iopamidol
DrugBank_DB06923	DB06923	DrugBank	https://go.drugbank.com/drugs/DB06923	2-(3-methylphenyl)-1h-indole-5-carboximidamide
DrugBank_DB06868	DB06868	DrugBank	https://go.drugbank.com/drugs/DB06868	N-(3-chlorobenzyl)-1-(4-methylpentanoyl)-l-prolinamide
DrugBank_DB08443	DB08443	DrugBank	https://go.drugbank.com/drugs/DB08443	2-(1h-pyrrol-1-ylcarbonyl)benzene-1,3,5-triol
DrugBank_DB06792	DB06792	DrugBank	https://go.drugbank.com/drugs/DB06792	Lanthanum Carbonate
DrugBank_DB13603	DB13603	DrugBank	https://go.drugbank.com/drugs/DB13603	Pyrrolnitrin
DrugBank_DB08133	DB08133	DrugBank	https://go.drugbank.com/drugs/DB08133	N-(4-sulfamoylphenyl)-1h-indazole-3-carboxamide
DrugBank_DB03909	DB03909	DrugBank	https://go.drugbank.com/drugs/DB03909	Adenosine-5'-[beta, Gamma-methylene]triphosphate
DrugBank_DB08382	DB08382	DrugBank	https://go.drugbank.com/drugs/DB08382	Gosogliptin
DrugBank_DB00755	DB00755	DrugBank	https://go.drugbank.com/drugs/DB00755	Tretinoin
DrugBank_DB02761	DB02761	DrugBank	https://go.drugbank.com/drugs/DB02761	S-mercaptocysteine
DrugBank_DB11598	DB11598	DrugBank	https://go.drugbank.com/drugs/DB11598	Antithrombin Iii Human
DrugBank_DB13455	DB13455	DrugBank	https://go.drugbank.com/drugs/DB13455	Phenibut
DrugBank_DB03383	DB03383	DrugBank	https://go.drugbank.com/drugs/DB03383	Cp-320626
DrugBank_DB12649	DB12649	DrugBank	https://go.drugbank.com/drugs/DB12649	Ibipinabant
DrugBank_DB08824	DB08824	DrugBank	https://go.drugbank.com/drugs/DB08824	Ioflupane I-123
DrugBank_DB07633	DB07633	DrugBank	https://go.drugbank.com/drugs/DB07633	Octyl 3-deoxy-2-o-(6-deoxy-alpha-l-galactopyranosyl)-beta-d-xylo-hexopyranoside
DrugBank_DB09332	DB09332	DrugBank	https://go.drugbank.com/drugs/DB09332	Kappadione
DrugBank_DB08615	DB08615	DrugBank	https://go.drugbank.com/drugs/DB08615	2-[4-(dimethylamino)phenyl]-6-hydroxy-3-methyl-1,3-benzothiazol-3-ium
DrugBank_DB07087	DB07087	DrugBank	https://go.drugbank.com/drugs/DB07087	4-[(1s,2s,5s,9r)-5-(hydroxymethyl)-8,9-dimethyl-3-oxabicyclo[3.3.1]non-7-en-2-yl]phenol
DrugBank_DB10351	DB10351	DrugBank	https://go.drugbank.com/drugs/DB10351	Cynodon Dactylon Pollen
DrugBank_DB00125	DB00125	DrugBank	https://go.drugbank.com/drugs/DB00125	Arginine
DrugBank_DB01298	DB01298	DrugBank	https://go.drugbank.com/drugs/DB01298	Sulfacytine
DrugBank_DB11723	DB11723	DrugBank	https://go.drugbank.com/drugs/DB11723	Dutogliptin
DrugBank_DB00191	DB00191	DrugBank	https://go.drugbank.com/drugs/DB00191	Phentermine
DrugBank_DB09047	DB09047	DrugBank	https://go.drugbank.com/drugs/DB09047	Finafloxacin
DrugBank_DB12783	DB12783	DrugBank	https://go.drugbank.com/drugs/DB12783	Benserazide
DrugBank_DB14039	DB14039	DrugBank	https://go.drugbank.com/drugs/DB14039	Erenumab
DrugBank_DB03088	DB03088	DrugBank	https://go.drugbank.com/drugs/DB03088	Pidolic Acid
DrugBank_DB08049	DB08049	DrugBank	https://go.drugbank.com/drugs/DB08049	7,8-dihydroxy-4-phenyl-2h-chromen-2-one
DrugBank_DB04106	DB04106	DrugBank	https://go.drugbank.com/drugs/DB04106	Fotemustine
DrugBank_DB01620	DB01620	DrugBank	https://go.drugbank.com/drugs/DB01620	Pheniramine
DrugBank_DB00056	DB00056	DrugBank	https://go.drugbank.com/drugs/DB00056	Gemtuzumab Ozogamicin
DrugBank_DB11859	DB11859	DrugBank	https://go.drugbank.com/drugs/DB11859	Brexanolone
DrugBank_DB08776	DB08776	DrugBank	https://go.drugbank.com/drugs/DB08776	N-(4-oxo-5,6,7,8-tetrahydro-4h-[1,3]thiazolo[5,4-c]azepin-2-yl)acetamide
DrugBank_DB06014	DB06014	DrugBank	https://go.drugbank.com/drugs/DB06014	Eteplirsen
DrugBank_DB13708	DB13708	DrugBank	https://go.drugbank.com/drugs/DB13708	Fenquizone
DrugBank_DB02028	DB02028	DrugBank	https://go.drugbank.com/drugs/DB02028	(1r,2r,3s,4r,6s)-3,4,6-trihydroxy-5-{[(s)-hydroxy(3-hydroxy-2-oxopropoxy)phosphoryl]oxy}-1,2-cyclohexanediyl Bis[dihydrogen (phosphate)]
DrugBank_DB13946	DB13946	DrugBank	https://go.drugbank.com/drugs/DB13946	Testosterone Undecanoate
DrugBank_DB00541	DB00541	DrugBank	https://go.drugbank.com/drugs/DB00541	Vincristine
DrugBank_DB08941	DB08941	DrugBank	https://go.drugbank.com/drugs/DB08941	Isoxsuprine
DrugBank_DB07096	DB07096	DrugBank	https://go.drugbank.com/drugs/DB07096	6-amino-benzo[de]isoquinoline-1,3-dione
DrugBank_DB02730	DB02730	DrugBank	https://go.drugbank.com/drugs/DB02730	4-methylthio-alpha-d-mannose
DrugBank_DB07795	DB07795	DrugBank	https://go.drugbank.com/drugs/DB07795	Fisetin
DrugBank_DB08360	DB08360	DrugBank	https://go.drugbank.com/drugs/DB08360	2-(4-ethylpiperazin-1-yl)-4-(phenylamino)pyrazolo[1,5-a][1,3,5]triazine-8-carbonitrile
DrugBank_DB01650	DB01650	DrugBank	https://go.drugbank.com/drugs/DB01650	Trans-2-hydroxycinnamic Acid
DrugBank_DB07010	DB07010	DrugBank	https://go.drugbank.com/drugs/DB07010	N-benzyl-4-[4-(3-chlorophenyl)-1h-pyrazol-3-yl]-1h-pyrrole-2-carboxamide
DrugBank_DB00432	DB00432	DrugBank	https://go.drugbank.com/drugs/DB00432	Trifluridine
DrugBank_DB11937	DB11937	DrugBank	https://go.drugbank.com/drugs/DB11937	Kynurenic Acid
DrugBank_DB01844	DB01844	DrugBank	https://go.drugbank.com/drugs/DB01844	N,n-dimethylformamide
DrugBank_DB00324	DB00324	DrugBank	https://go.drugbank.com/drugs/DB00324	Fluorometholone
DrugBank_DB03021	DB03021	DrugBank	https://go.drugbank.com/drugs/DB03021	Ulapualide A
DrugBank_DB07366	DB07366	DrugBank	https://go.drugbank.com/drugs/DB07366	2-[n'-(4-amino-butyl)-hydrazinocarbonyl]-pyrrolidine-1-carboxylic Acid Benzyl Ester
DrugBank_DB07520	DB07520	DrugBank	https://go.drugbank.com/drugs/DB07520	N-[1-(aminomethyl)cyclopropyl]-3-(morpholin-4-ylsulfonyl)-n~2~-[(1s)-2,2,2-trifluoro-1-(4-fluorophenyl)ethyl]-l-alaninamide
DrugBank_DB08901	DB08901	DrugBank	https://go.drugbank.com/drugs/DB08901	Ponatinib
DrugBank_DB07651	DB07651	DrugBank	https://go.drugbank.com/drugs/DB07651	N-acetyl-l-phenylalanyl-4-[difluoro(phosphono)methyl]-l-phenylalaninamide
DrugBank_DB13592	DB13592	DrugBank	https://go.drugbank.com/drugs/DB13592	Etamiphylline
DrugBank_DB07456	DB07456	DrugBank	https://go.drugbank.com/drugs/DB07456	3-(1h-indol-3-yl)-4-(1-{2-[(2s)-1-methylpyrrolidinyl]ethyl}-1h-indol-3-yl)-1h-pyrrole-2,5-dione
DrugBank_DB09527	DB09527	DrugBank	https://go.drugbank.com/drugs/DB09527	Secretin Porcine
DrugBank_DB09546	DB09546	DrugBank	https://go.drugbank.com/drugs/DB09546	Iobenguane Sulfate I-123
DrugBank_DB05184	DB05184	DrugBank	https://go.drugbank.com/drugs/DB05184	Xl228
DrugBank_DB01348	DB01348	DrugBank	https://go.drugbank.com/drugs/DB01348	Spirapril
DrugBank_DB07644	DB07644	DrugBank	https://go.drugbank.com/drugs/DB07644	5-[(1s)-1-(3-chlorophenyl)ethoxy]quinazoline-2,4-diamine
DrugBank_DB01261	DB01261	DrugBank	https://go.drugbank.com/drugs/DB01261	Sitagliptin
DrugBank_DB08363	DB08363	DrugBank	https://go.drugbank.com/drugs/DB08363	1-(9-ethyl-9h-carbazol-3-yl)-n-methylmethanamine
DrugBank_DB00240	DB00240	DrugBank	https://go.drugbank.com/drugs/DB00240	Alclometasone
DrugBank_DB14184	DB14184	DrugBank	https://go.drugbank.com/drugs/DB14184	Cinnamaldehyde
DrugBank_DB07364	DB07364	DrugBank	https://go.drugbank.com/drugs/DB07364	6-phenyl[5h]pyrrolo[2,3-b]pyrazine
DrugBank_DB00935	DB00935	DrugBank	https://go.drugbank.com/drugs/DB00935	Oxymetazoline
DrugBank_DB03892	DB03892	DrugBank	https://go.drugbank.com/drugs/DB03892	5-n-allyl-arginine
DrugBank_DB00609	DB00609	DrugBank	https://go.drugbank.com/drugs/DB00609	Ethionamide
DrugBank_DB00230	DB00230	DrugBank	https://go.drugbank.com/drugs/DB00230	Pregabalin
DrugBank_DB11274	DB11274	DrugBank	https://go.drugbank.com/drugs/DB11274	Dihydro-alpha-ergocryptine
DrugBank_DB11842	DB11842	DrugBank	https://go.drugbank.com/drugs/DB11842	Angiotensin Ii
DrugBank_DB13520	DB13520	DrugBank	https://go.drugbank.com/drugs/DB13520	Metergoline
DrugBank_DB02126	DB02126	DrugBank	https://go.drugbank.com/drugs/DB02126	4-carboxycinnamic Acid
DrugBank_DB12157	DB12157	DrugBank	https://go.drugbank.com/drugs/DB12157	Fasinumab
DrugBank_DB13164	DB13164	DrugBank	https://go.drugbank.com/drugs/DB13164	Olmutinib
DrugBank_DB07163	DB07163	DrugBank	https://go.drugbank.com/drugs/DB07163	5-[(2-aminoethyl)amino]-6-fluoro-3-(1h-pyrrol-2-yl)benzo[cd]indol-2(1h)-one
DrugBank_DB02733	DB02733	DrugBank	https://go.drugbank.com/drugs/DB02733	Purvalanol
DrugBank_DB00069	DB00069	DrugBank	https://go.drugbank.com/drugs/DB00069	Interferon Alfacon-1
DrugBank_DB02110	DB02110	DrugBank	https://go.drugbank.com/drugs/DB02110	Protoporphyrin Ix Containing Co
DrugBank_DB06926	DB06926	DrugBank	https://go.drugbank.com/drugs/DB06926	(9z,11e,13s)-13-hydroxyoctadeca-9,11-dienoic Acid
DrugBank_DB12146	DB12146	DrugBank	https://go.drugbank.com/drugs/DB12146	Rigosertib
DrugBank_DB09216	DB09216	DrugBank	https://go.drugbank.com/drugs/DB09216	Tolfenamic Acid
DrugBank_DB13587	DB13587	DrugBank	https://go.drugbank.com/drugs/DB13587	Mesterolone
DrugBank_DB09248	DB09248	DrugBank	https://go.drugbank.com/drugs/DB09248	Mebanazine
DrugBank_DB05232	DB05232	DrugBank	https://go.drugbank.com/drugs/DB05232	Tetrodotoxin
DrugBank_DB08778	DB08778	DrugBank	https://go.drugbank.com/drugs/DB08778	[4-amino-2-(tert-butylamino)-1,3-thiazol-5-yl](phenyl)methanone
DrugBank_DB00826	DB00826	DrugBank	https://go.drugbank.com/drugs/DB00826	Natamycin
DrugBank_DB05327	DB05327	DrugBank	https://go.drugbank.com/drugs/DB05327	Ranirestat
DrugBank_DB08895	DB08895	DrugBank	https://go.drugbank.com/drugs/DB08895	Tofacitinib
DrugBank_DB01741	DB01741	DrugBank	https://go.drugbank.com/drugs/DB01741	Cra_17693
DrugBank_DB08967	DB08967	DrugBank	https://go.drugbank.com/drugs/DB08967	Dimetotiazine
DrugBank_DB04815	DB04815	DrugBank	https://go.drugbank.com/drugs/DB04815	Clioquinol
DrugBank_DB01007	DB01007	DrugBank	https://go.drugbank.com/drugs/DB01007	Tioconazole
DrugBank_DB04258	DB04258	DrugBank	https://go.drugbank.com/drugs/DB04258	Seocalcitol
DrugBank_DB13197	DB13197	DrugBank	https://go.drugbank.com/drugs/DB13197	Kallidinogenase
DrugBank_DB01165	DB01165	DrugBank	https://go.drugbank.com/drugs/DB01165	Ofloxacin
DrugBank_DB11626	DB11626	DrugBank	https://go.drugbank.com/drugs/DB11626	Tasonermin
DrugBank_DB02911	DB02911	DrugBank	https://go.drugbank.com/drugs/DB02911	2,4-diamino-6-phenyl-5,6,7,8,-tetrahydropteridine
DrugBank_DB14530	DB14530	DrugBank	https://go.drugbank.com/drugs/DB14530	Chromous Sulfate
DrugBank_DB08463	DB08463	DrugBank	https://go.drugbank.com/drugs/DB08463	(2r)-2-({9-(1-methylethyl)-6-[(4-pyridin-2-ylbenzyl)amino]-9h-purin-2-yl}amino)butan-1-ol
DrugBank_DB12077	DB12077	DrugBank	https://go.drugbank.com/drugs/DB12077	Urelumab
DrugBank_DB05309	DB05309	DrugBank	https://go.drugbank.com/drugs/DB05309	Tp-508
DrugBank_DB04387	DB04387	DrugBank	https://go.drugbank.com/drugs/DB04387	1-hydroxy-2-amino-3-cyclohexylpropane
DrugBank_DB08039	DB08039	DrugBank	https://go.drugbank.com/drugs/DB08039	(3z)-n,n-dimethyl-2-oxo-3-(4,5,6,7-tetrahydro-1h-indol-2-ylmethylidene)-2,3-dihydro-1h-indole-5-sulfonamide
DrugBank_DB06774	DB06774	DrugBank	https://go.drugbank.com/drugs/DB06774	Capsaicin
DrugBank_DB01170	DB01170	DrugBank	https://go.drugbank.com/drugs/DB01170	Guanethidine
DrugBank_DB08007	DB08007	DrugBank	https://go.drugbank.com/drugs/DB08007	(2r)-3-{[(benzylamino)carbonyl]amino}-2-hydroxypropanoic Acid
DrugBank_DB01560	DB01560	DrugBank	https://go.drugbank.com/drugs/DB01560	Cathinone
DrugBank_DB03093	DB03093	DrugBank	https://go.drugbank.com/drugs/DB03093	8-(2,5-dimethoxy-benzyl)-2-fluoro-9h-purin-6-ylamine
DrugBank_DB05831	DB05831	DrugBank	https://go.drugbank.com/drugs/DB05831	Ing-1
DrugBank_DB13746	DB13746	DrugBank	https://go.drugbank.com/drugs/DB13746	Bioallethrin
DrugBank_DB15323	DB15323	DrugBank	https://go.drugbank.com/drugs/DB15323	Trelagliptin
DrugBank_DB00934	DB00934	DrugBank	https://go.drugbank.com/drugs/DB00934	Maprotiline
DrugBank_DB00502	DB00502	DrugBank	https://go.drugbank.com/drugs/DB00502	Haloperidol
DrugBank_DB14050	DB14050	DrugBank	https://go.drugbank.com/drugs/DB14050	Cannabidivarin
DrugBank_DB00170	DB00170	DrugBank	https://go.drugbank.com/drugs/DB00170	Menadione
DrugBank_DB06701	DB06701	DrugBank	https://go.drugbank.com/drugs/DB06701	Dexmethylphenidate
DrugBank_DB13270	DB13270	DrugBank	https://go.drugbank.com/drugs/DB13270	Dibekacin
DrugBank_DB03851	DB03851	DrugBank	https://go.drugbank.com/drugs/DB03851	Carbazole Butanoic Acid
DrugBank_DB07685	DB07685	DrugBank	https://go.drugbank.com/drugs/DB07685	4-{[5-(cyclohexylmethoxy)[1,2,4]triazolo[1,5-a]pyrimidin-7-yl]amino}benzenesulfonamide
DrugBank_DB15363	DB15363	DrugBank	https://go.drugbank.com/drugs/DB15363	Istiratumab
DrugBank_DB05390	DB05390	DrugBank	https://go.drugbank.com/drugs/DB05390	Ins 316
DrugBank_DB04917	DB04917	DrugBank	https://go.drugbank.com/drugs/DB04917	Renzapride
DrugBank_DB03015	DB03015	DrugBank	https://go.drugbank.com/drugs/DB03015	6-hydroxy-1,6-dihydro Purine Nucleoside
DrugBank_DB02562	DB02562	DrugBank	https://go.drugbank.com/drugs/DB02562	Quinonoid 7,8-tetrahydrobiopterin
DrugBank_DB13335	DB13335	DrugBank	https://go.drugbank.com/drugs/DB13335	Pinazepam
DrugBank_DB08399	DB08399	DrugBank	https://go.drugbank.com/drugs/DB08399	Piceatannol
DrugBank_DB06579	DB06579	DrugBank	https://go.drugbank.com/drugs/DB06579	Adipiplon
DrugBank_DB02034	DB02034	DrugBank	https://go.drugbank.com/drugs/DB02034	Tridolgosir
DrugBank_DB00097	DB00097	DrugBank	https://go.drugbank.com/drugs/DB00097	Choriogonadotropin Alfa
DrugBank_DB04841	DB04841	DrugBank	https://go.drugbank.com/drugs/DB04841	Flunarizine
DrugBank_DB13760	DB13760	DrugBank	https://go.drugbank.com/drugs/DB13760	Niperotidine
DrugBank_DB04711	DB04711	DrugBank	https://go.drugbank.com/drugs/DB04711	Iodipamide
DrugBank_DB02329	DB02329	DrugBank	https://go.drugbank.com/drugs/DB02329	Carbenoxolone
DrugBank_DB14068	DB14068	DrugBank	https://go.drugbank.com/drugs/DB14068	Dexniguldipine
DrugBank_DB15419	DB15419	DrugBank	https://go.drugbank.com/drugs/DB15419	Nanatinostat
DrugBank_DB05047	DB05047	DrugBank	https://go.drugbank.com/drugs/DB05047	Cx717
DrugBank_DB09074	DB09074	DrugBank	https://go.drugbank.com/drugs/DB09074	Olaparib
DrugBank_DB01669	DB01669	DrugBank	https://go.drugbank.com/drugs/DB01669	Virginiamycin M1
DrugBank_DB03727	DB03727	DrugBank	https://go.drugbank.com/drugs/DB03727	Coproporphyrin I
DrugBank_DB07358	DB07358	DrugBank	https://go.drugbank.com/drugs/DB07358	2-amino-n-(4-methyl-1,3-thiazol-2-yl)-5-[(4-methyl-4h-1,2,4-triazol-3-yl)sulfanyl]benzamide
DrugBank_DB07134	DB07134	DrugBank	https://go.drugbank.com/drugs/DB07134	5-(4-chloro-5-phenyl-3-thienyl)-1,2,5-thiadiazolidin-3-one 1,1-dioxide
DrugBank_DB02587	DB02587	DrugBank	https://go.drugbank.com/drugs/DB02587	Colforsin
DrugBank_DB06230	DB06230	DrugBank	https://go.drugbank.com/drugs/DB06230	Nalmefene
DrugBank_DB11236	DB11236	DrugBank	https://go.drugbank.com/drugs/DB11236	Polyethylene Glycol 3500
DrugBank_DB01497	DB01497	DrugBank	https://go.drugbank.com/drugs/DB01497	Etorphine
DrugBank_DB12967	DB12967	DrugBank	https://go.drugbank.com/drugs/DB12967	Mitoguazone
DrugBank_DB08950	DB08950	DrugBank	https://go.drugbank.com/drugs/DB08950	Indoramin
DrugBank_DB07815	DB07815	DrugBank	https://go.drugbank.com/drugs/DB07815	Gibberellin A4
DrugBank_DB05039	DB05039	DrugBank	https://go.drugbank.com/drugs/DB05039	Indacaterol
DrugBank_DB00412	DB00412	DrugBank	https://go.drugbank.com/drugs/DB00412	Rosiglitazone
DrugBank_DB01647	DB01647	DrugBank	https://go.drugbank.com/drugs/DB01647	Daxalipram
DrugBank_DB06660	DB06660	DrugBank	https://go.drugbank.com/drugs/DB06660	Saredutant
DrugBank_DB02744	DB02744	DrugBank	https://go.drugbank.com/drugs/DB02744	Rpr131247
DrugBank_DB09204	DB09204	DrugBank	https://go.drugbank.com/drugs/DB09204	Arotinolol
DrugBank_DB08527	DB08527	DrugBank	https://go.drugbank.com/drugs/DB08527	1-[4-(aminosulfonyl)phenyl]-1,6-dihydropyrazolo[3,4-e]indazole-3-carboxamide
DrugBank_DB02714	DB02714	DrugBank	https://go.drugbank.com/drugs/DB02714	3'-uridinemonophosphate
DrugBank_DB00651	DB00651	DrugBank	https://go.drugbank.com/drugs/DB00651	Dyphylline
DrugBank_DB04112	DB04112	DrugBank	https://go.drugbank.com/drugs/DB04112	(2r)-2-acetamido-3-(octadecyloxy)propyl 2-(methylsulfanyl)ethyl Hydrogen Phosphate
DrugBank_DB04786	DB04786	DrugBank	https://go.drugbank.com/drugs/DB04786	Suramin
DrugBank_DB08510	DB08510	DrugBank	https://go.drugbank.com/drugs/DB08510	5-alpha-pregnane-3-beta-ol-hemisuccinate
DrugBank_DB13352	DB13352	DrugBank	https://go.drugbank.com/drugs/DB13352	Deanol
DrugBank_DB12960	DB12960	DrugBank	https://go.drugbank.com/drugs/DB12960	Incb-9471
DrugBank_DB06548	DB06548	DrugBank	https://go.drugbank.com/drugs/DB06548	Minodronic Acid
DrugBank_DB07465	DB07465	DrugBank	https://go.drugbank.com/drugs/DB07465	(1s,3s,5s)-2-{(2s)-2-amino-2-[(1r,3s,5r,7s)-3-hydroxytricyclo[3.3.1.1~3,7~]dec-1-yl]acetyl}-2-azabicyclo[3.1.0]hexane-3-carbonitrile
DrugBank_DB08026	DB08026	DrugBank	https://go.drugbank.com/drugs/DB08026	2-{4-[(4-imidazo[1,2-a]pyridin-3-ylpyrimidin-2-yl)amino]piperidin-1-yl}-n-methylacetamide
DrugBank_DB14049	DB14049	DrugBank	https://go.drugbank.com/drugs/DB14049	Nitrate
DrugBank_DB09203	DB09203	DrugBank	https://go.drugbank.com/drugs/DB09203	Synephrine
DrugBank_DB13609	DB13609	DrugBank	https://go.drugbank.com/drugs/DB13609	Umifenovir
DrugBank_DB09135	DB09135	DrugBank	https://go.drugbank.com/drugs/DB09135	Ioxilan
DrugBank_DB13139	DB13139	DrugBank	https://go.drugbank.com/drugs/DB13139	Levosalbutamol
DrugBank_DB04594	DB04594	DrugBank	https://go.drugbank.com/drugs/DB04594	3-hydroxyglutaric Acid
DrugBank_DB00237	DB00237	DrugBank	https://go.drugbank.com/drugs/DB00237	Butabarbital
DrugBank_DB06403	DB06403	DrugBank	https://go.drugbank.com/drugs/DB06403	Ambrisentan
DrugBank_DB04124	DB04124	DrugBank	https://go.drugbank.com/drugs/DB04124	Aurodox
DrugBank_DB04445	DB04445	DrugBank	https://go.drugbank.com/drugs/DB04445	Mercuric Iodide
DrugBank_DB02388	DB02388	DrugBank	https://go.drugbank.com/drugs/DB02388	Cyclohexyl-{4-[5-(3,4-dichlorophenyl)-2-piperidin-4-yl-3-propyl-3h-imidazol-4-yl]-pyrimidin-2-yl}amine
DrugBank_DB02109	DB02109	DrugBank	https://go.drugbank.com/drugs/DB02109	Hadacidin
DrugBank_DB08673	DB08673	DrugBank	https://go.drugbank.com/drugs/DB08673	4-[(5-isopropyl-1,3-thiazol-2-yl)amino]benzenesulfonamide
DrugBank_DB11512	DB11512	DrugBank	https://go.drugbank.com/drugs/DB11512	Dihydrostreptomycin
DrugBank_DB08348	DB08348	DrugBank	https://go.drugbank.com/drugs/DB08348	N~2~,n~2~-dimethyl-n~1~-(6-oxo-5,6-dihydrophenanthridin-2-yl)glycinamide
DrugBank_DB08777	DB08777	DrugBank	https://go.drugbank.com/drugs/DB08777	5,6,7,8-tetrahydro[1]benzothieno[2,3-d]pyrimidin-4(3h)-one
DrugBank_DB11727	DB11727	DrugBank	https://go.drugbank.com/drugs/DB11727	Endostar
DrugBank_DB13448	DB13448	DrugBank	https://go.drugbank.com/drugs/DB13448	Mazaticol
DrugBank_DB06117	DB06117	DrugBank	https://go.drugbank.com/drugs/DB06117	1alpha,24s-dihydroxyvitamin D2
DrugBank_DB11390	DB11390	DrugBank	https://go.drugbank.com/drugs/DB11390	Coumaphos
DrugBank_DB01100	DB01100	DrugBank	https://go.drugbank.com/drugs/DB01100	Pimozide
DrugBank_DB08672	DB08672	DrugBank	https://go.drugbank.com/drugs/DB08672	4-[(3r)-3-{[2-(4-fluorophenyl)-2-oxoethyl]amino}butyl]benzamide
DrugBank_DB08220	DB08220	DrugBank	https://go.drugbank.com/drugs/DB08220	(8alpha,10alpha,13alpha,17beta)-17-[(4-hydroxyphenyl)carbonyl]androsta-3,5-diene-3-carboxylic Acid
DrugBank_DB14529	DB14529	DrugBank	https://go.drugbank.com/drugs/DB14529	Chromium Nicotinate
DrugBank_DB04970	DB04970	DrugBank	https://go.drugbank.com/drugs/DB04970	Lesopitron
DrugBank_DB15465	DB15465	DrugBank	https://go.drugbank.com/drugs/DB15465	Benzhydrocodone
DrugBank_DB13365	DB13365	DrugBank	https://go.drugbank.com/drugs/DB13365	Calcium Lactate Gluconate
DrugBank_DB07183	DB07183	DrugBank	https://go.drugbank.com/drugs/DB07183	N-(4-phenoxyphenyl)-2-[(pyridin-4-ylmethyl)amino]nicotinamide
DrugBank_DB10389	DB10389	DrugBank	https://go.drugbank.com/drugs/DB10389	Lolium Perenne Pollen
DrugBank_DB15443	DB15443	DrugBank	https://go.drugbank.com/drugs/DB15443	Lorukafusp Alfa
DrugBank_DB12140	DB12140	DrugBank	https://go.drugbank.com/drugs/DB12140	Dilmapimod
DrugBank_DB00895	DB00895	DrugBank	https://go.drugbank.com/drugs/DB00895	Benzylpenicilloyl Polylysine
DrugBank_DB04367	DB04367	DrugBank	https://go.drugbank.com/drugs/DB04367	Debromohymenialdisine
DrugBank_DB06714	DB06714	DrugBank	https://go.drugbank.com/drugs/DB06714	Propylhexedrine
DrugBank_DB12257	DB12257	DrugBank	https://go.drugbank.com/drugs/DB12257	Platinum
DrugBank_DB00301	DB00301	DrugBank	https://go.drugbank.com/drugs/DB00301	Flucloxacillin
DrugBank_DB04249	DB04249	DrugBank	https://go.drugbank.com/drugs/DB04249	Zinc Substituted Heme C
DrugBank_DB03757	DB03757	DrugBank	https://go.drugbank.com/drugs/DB03757	N-{[(2-methyl-2-propanyl)oxy]carbonyl}-l-alanyl-l-alaninamide
DrugBank_DB00092	DB00092	DrugBank	https://go.drugbank.com/drugs/DB00092	Alefacept
DrugBank_DB04772	DB04772	DrugBank	https://go.drugbank.com/drugs/DB04772	1-guanidino-4-(n-phenylmethanesulfonyl-l-leucyl-l-prolylamino)butane
DrugBank_DB08590	DB08590	DrugBank	https://go.drugbank.com/drugs/DB08590	1-(3-hydroxypropyl)-2-[(3-nitrobenzoyl)amino]-1h-benzimidazol-5-yl Pivalate
DrugBank_DB00341	DB00341	DrugBank	https://go.drugbank.com/drugs/DB00341	Cetirizine
DrugBank_DB08450	DB08450	DrugBank	https://go.drugbank.com/drugs/DB08450	N-1h-indazol-5-yl-2-(6-methylpyridin-2-yl)quinazolin-4-amine
DrugBank_DB00969	DB00969	DrugBank	https://go.drugbank.com/drugs/DB00969	Alosetron
DrugBank_DB13317	DB13317	DrugBank	https://go.drugbank.com/drugs/DB13317	Flunoxaprofen
DrugBank_DB01273	DB01273	DrugBank	https://go.drugbank.com/drugs/DB01273	Varenicline
DrugBank_DB01962	DB01962	DrugBank	https://go.drugbank.com/drugs/DB01962	Phosphonotyrosine
DrugBank_DB06294	DB06294	DrugBank	https://go.drugbank.com/drugs/DB06294	Semuloparin
DrugBank_DB00552	DB00552	DrugBank	https://go.drugbank.com/drugs/DB00552	Pentostatin
DrugBank_DB08349	DB08349	DrugBank	https://go.drugbank.com/drugs/DB08349	N-cyclopropyl-3-{[1-(2,4-difluorophenyl)-7-methyl-6-oxo-6,7-dihydro-1h-pyrazolo[3,4-b]pyridin-4-yl]amino}-4-methylbenzamide
DrugBank_DB01104	DB01104	DrugBank	https://go.drugbank.com/drugs/DB01104	Sertraline
DrugBank_DB03639	DB03639	DrugBank	https://go.drugbank.com/drugs/DB03639	1-guanidinium-7-aminoheptane
DrugBank_DB00992	DB00992	DrugBank	https://go.drugbank.com/drugs/DB00992	Methyl Aminolevulinate
DrugBank_DB02671	DB02671	DrugBank	https://go.drugbank.com/drugs/DB02671	1-methylimidazole
DrugBank_DB05137	DB05137	DrugBank	https://go.drugbank.com/drugs/DB05137	Lobeline
DrugBank_DB00249	DB00249	DrugBank	https://go.drugbank.com/drugs/DB00249	Idoxuridine
DrugBank_DB08689	DB08689	DrugBank	https://go.drugbank.com/drugs/DB08689	Ubiquinone Q1
DrugBank_DB05018	DB05018	DrugBank	https://go.drugbank.com/drugs/DB05018	Migalastat
DrugBank_DB05325	DB05325	DrugBank	https://go.drugbank.com/drugs/DB05325	Ingn 225
DrugBank_DB01618	DB01618	DrugBank	https://go.drugbank.com/drugs/DB01618	Molindone
DrugBank_DB15263	DB15263	DrugBank	https://go.drugbank.com/drugs/DB15263	Thyrotropin
DrugBank_DB05607	DB05607	DrugBank	https://go.drugbank.com/drugs/DB05607	Prx-08066
DrugBank_DB00221	DB00221	DrugBank	https://go.drugbank.com/drugs/DB00221	Isoetharine
DrugBank_DB00739	DB00739	DrugBank	https://go.drugbank.com/drugs/DB00739	Hetacillin
DrugBank_DB07425	DB07425	DrugBank	https://go.drugbank.com/drugs/DB07425	Sobetirome
DrugBank_DB15492	DB15492	DrugBank	https://go.drugbank.com/drugs/DB15492	Eticlopride
DrugBank_DB08449	DB08449	DrugBank	https://go.drugbank.com/drugs/DB08449	2-(3-((4,5,7-trifluorobenzo[d]thiazol-2-yl)methyl)-1h-pyrrolo[2,3-b]pyridin-1-yl)acetic Acid
DrugBank_DB04674	DB04674	DrugBank	https://go.drugbank.com/drugs/DB04674	2-hydroxy-3,5-diiodobenzoic Acid
DrugBank_DB06634	DB06634	DrugBank	https://go.drugbank.com/drugs/DB06634	Casopitant
DrugBank_DB04988	DB04988	DrugBank	https://go.drugbank.com/drugs/DB04988	Ign311
DrugBank_DB06137	DB06137	DrugBank	https://go.drugbank.com/drugs/DB06137	Kx-01
DrugBank_DB12920	DB12920	DrugBank	https://go.drugbank.com/drugs/DB12920	Pinometostat
DrugBank_DB07190	DB07190	DrugBank	https://go.drugbank.com/drugs/DB07190	3-cyclohexyl-d-alanyl-n-(3-chlorobenzyl)-l-prolinamide
DrugBank_DB08159	DB08159	DrugBank	https://go.drugbank.com/drugs/DB08159	4-(5,11-dioxo-5h-indeno[1,2-c]isoquinolin-6(11h)-yl)butanoate
DrugBank_DB11986	DB11986	DrugBank	https://go.drugbank.com/drugs/DB11986	Entrectinib
DrugBank_DB11700	DB11700	DrugBank	https://go.drugbank.com/drugs/DB11700	Setmelanotide
DrugBank_DB08697	DB08697	DrugBank	https://go.drugbank.com/drugs/DB08697	4-(2-aminoethoxy)-n-(3-chloro-5-piperidin-1-ylphenyl)-3,5-dimethylbenzamide
DrugBank_DB06287	DB06287	DrugBank	https://go.drugbank.com/drugs/DB06287	Temsirolimus
DrugBank_DB12151	DB12151	DrugBank	https://go.drugbank.com/drugs/DB12151	Brincidofovir
DrugBank_DB04129	DB04129	DrugBank	https://go.drugbank.com/drugs/DB04129	Willardiine
DrugBank_DB09235	DB09235	DrugBank	https://go.drugbank.com/drugs/DB09235	Efonidipine
DrugBank_DB03906	DB03906	DrugBank	https://go.drugbank.com/drugs/DB03906	2-phenylheme
DrugBank_DB01601	DB01601	DrugBank	https://go.drugbank.com/drugs/DB01601	Lopinavir
DrugBank_DB08153	DB08153	DrugBank	https://go.drugbank.com/drugs/DB08153	(5e)-14-chloro-15,17-dihydroxy-4,7,8,9,10,11-hexahydro-2-benzoxacyclopentadecine-1,12(3h,13h)-dione
DrugBank_DB04172	DB04172	DrugBank	https://go.drugbank.com/drugs/DB04172	[2,4,6-triisopropyl-phenylsulfonyl-l-[3-amidino-phenylalanine]]-piperazine-n'-beta-alanine
DrugBank_DB11156	DB11156	DrugBank	https://go.drugbank.com/drugs/DB11156	Pyrantel
DrugBank_DB05890	DB05890	DrugBank	https://go.drugbank.com/drugs/DB05890	Veglin
DrugBank_DB08655	DB08655	DrugBank	https://go.drugbank.com/drugs/DB08655	9-acetyl-2,3,4,9-tetrahydro-1h-carbazol-1-one
DrugBank_DB05199	DB05199	DrugBank	https://go.drugbank.com/drugs/DB05199	Lx1031
DrugBank_DB02215	DB02215	DrugBank	https://go.drugbank.com/drugs/DB02215	Furoyl-leucine
DrugBank_DB02812	DB02812	DrugBank	https://go.drugbank.com/drugs/DB02812	Rwj-56423
DrugBank_DB00244	DB00244	DrugBank	https://go.drugbank.com/drugs/DB00244	Mesalazine
DrugBank_DB01394	DB01394	DrugBank	https://go.drugbank.com/drugs/DB01394	Colchicine
DrugBank_DB11783	DB11783	DrugBank	https://go.drugbank.com/drugs/DB11783	Imidapril
DrugBank_DB13268	DB13268	DrugBank	https://go.drugbank.com/drugs/DB13268	Acetarsol
DrugBank_DB07950	DB07950	DrugBank	https://go.drugbank.com/drugs/DB07950	Indoleacetic Acid
DrugBank_DB15495	DB15495	DrugBank	https://go.drugbank.com/drugs/DB15495	Rocaglamide
DrugBank_DB15112	DB15112	DrugBank	https://go.drugbank.com/drugs/DB15112	Somatropin Pegol
DrugBank_DB09219	DB09219	DrugBank	https://go.drugbank.com/drugs/DB09219	Bisoxatin
DrugBank_DB01181	DB01181	DrugBank	https://go.drugbank.com/drugs/DB01181	Ifosfamide
DrugBank_DB11978	DB11978	DrugBank	https://go.drugbank.com/drugs/DB11978	Glasdegib
DrugBank_DB00594	DB00594	DrugBank	https://go.drugbank.com/drugs/DB00594	Amiloride
DrugBank_DB14476	DB14476	DrugBank	https://go.drugbank.com/drugs/DB14476	Dl-alpha-tocopherol
DrugBank_DB11904	DB11904	DrugBank	https://go.drugbank.com/drugs/DB11904	Flumatinib
DrugBank_DB12893	DB12893	DrugBank	https://go.drugbank.com/drugs/DB12893	Sacituzumab Govitecan
DrugBank_DB03480	DB03480	DrugBank	https://go.drugbank.com/drugs/DB03480	Brequinar Analog
DrugBank_DB00806	DB00806	DrugBank	https://go.drugbank.com/drugs/DB00806	Pentoxifylline
DrugBank_DB00554	DB00554	DrugBank	https://go.drugbank.com/drugs/DB00554	Piroxicam
DrugBank_DB01053	DB01053	DrugBank	https://go.drugbank.com/drugs/DB01053	Benzylpenicillin
DrugBank_DB12092	DB12092	DrugBank	https://go.drugbank.com/drugs/DB12092	Naftopidil
DrugBank_DB14018	DB14018	DrugBank	https://go.drugbank.com/drugs/DB14018	Bromotheophylline
DrugBank_DB06769	DB06769	DrugBank	https://go.drugbank.com/drugs/DB06769	Bendamustine
DrugBank_DB05943	DB05943	DrugBank	https://go.drugbank.com/drugs/DB05943	Resatorvid
DrugBank_DB00229	DB00229	DrugBank	https://go.drugbank.com/drugs/DB00229	Cefotiam
DrugBank_DB03239	DB03239	DrugBank	https://go.drugbank.com/drugs/DB03239	3',5'-dinitro-n-acetyl-l-thyronine
DrugBank_DB00712	DB00712	DrugBank	https://go.drugbank.com/drugs/DB00712	Flurbiprofen
DrugBank_DB03395	DB03395	DrugBank	https://go.drugbank.com/drugs/DB03395	Enalkiren
DrugBank_DB15300	DB15300	DrugBank	https://go.drugbank.com/drugs/DB15300	Hydroquinidine
DrugBank_DB12625	DB12625	DrugBank	https://go.drugbank.com/drugs/DB12625	Evogliptin
DrugBank_DB08922	DB08922	DrugBank	https://go.drugbank.com/drugs/DB08922	Perospirone
DrugBank_DB06005	DB06005	DrugBank	https://go.drugbank.com/drugs/DB06005	Adomiparin
DrugBank_DB01613	DB01613	DrugBank	https://go.drugbank.com/drugs/DB01613	Erythrityl Tetranitrate
DrugBank_DB08170	DB08170	DrugBank	https://go.drugbank.com/drugs/DB08170	(1r)-n,6-dihydroxy-7-methoxy-2-[(4-methoxyphenyl)sulfonyl]-1,2,3,4-tetrahydroisoquinoline-1-carboxamide
DrugBank_DB00333	DB00333	DrugBank	https://go.drugbank.com/drugs/DB00333	Methadone
DrugBank_DB14711	DB14711	DrugBank	https://go.drugbank.com/drugs/DB14711	Vaccinia Virus Strain New York City Board Of Health Live Antigen
DrugBank_DB00528	DB00528	DrugBank	https://go.drugbank.com/drugs/DB00528	Lercanidipine
DrugBank_DB02820	DB02820	DrugBank	https://go.drugbank.com/drugs/DB02820	1-azepan-1-yl-2-phenyl-2-(4-thioxo-1,4-dihydro-pyrazolo[3,4-d]pyrimidin-5-yl)ethanone Adduct
DrugBank_DB12286	DB12286	DrugBank	https://go.drugbank.com/drugs/DB12286	Simendan
DrugBank_DB04800	DB04800	DrugBank	https://go.drugbank.com/drugs/DB04800	1-methyl-3-phenyl-1h-pyrazol-5-ylsulfamic Acid
DrugBank_DB00920	DB00920	DrugBank	https://go.drugbank.com/drugs/DB00920	Ketotifen
DrugBank_DB00381	DB00381	DrugBank	https://go.drugbank.com/drugs/DB00381	Amlodipine
DrugBank_DB03591	DB03591	DrugBank	https://go.drugbank.com/drugs/DB03591	Ru82209
DrugBank_DB01410	DB01410	DrugBank	https://go.drugbank.com/drugs/DB01410	Ciclesonide
DrugBank_DB08123	DB08123	DrugBank	https://go.drugbank.com/drugs/DB08123	N-methyl-{4-[2-(7-oxo-6,7-dihydro-8h-[1,3]thiazolo[5,4-e]indol-8-ylidene)hydrazino]phenyl}methanesulfonamide
DrugBank_DB12742	DB12742	DrugBank	https://go.drugbank.com/drugs/DB12742	Amuvatinib
DrugBank_DB12821	DB12821	DrugBank	https://go.drugbank.com/drugs/DB12821	Perflubutane
DrugBank_DB03373	DB03373	DrugBank	https://go.drugbank.com/drugs/DB03373	Zk-806711
DrugBank_DB15122	DB15122	DrugBank	https://go.drugbank.com/drugs/DB15122	Pcs-499
DrugBank_DB04857	DB04857	DrugBank	https://go.drugbank.com/drugs/DB04857	Brasofensine
DrugBank_DB01204	DB01204	DrugBank	https://go.drugbank.com/drugs/DB01204	Mitoxantrone
DrugBank_DB02292	DB02292	DrugBank	https://go.drugbank.com/drugs/DB02292	Irosustat
DrugBank_DB15067	DB15067	DrugBank	https://go.drugbank.com/drugs/DB15067	Volanesorsen
DrugBank_DB03685	DB03685	DrugBank	https://go.drugbank.com/drugs/DB03685	Uridine Monophosphate
DrugBank_DB01103	DB01103	DrugBank	https://go.drugbank.com/drugs/DB01103	Quinacrine
DrugBank_DB01405	DB01405	DrugBank	https://go.drugbank.com/drugs/DB01405	Temafloxacin
DrugBank_DB01412	DB01412	DrugBank	https://go.drugbank.com/drugs/DB01412	Theobromine
DrugBank_DB06937	DB06937	DrugBank	https://go.drugbank.com/drugs/DB06937	4-(6-hydroxy-benzo[d]isoxazol-3-yl)benzene-1,3-diol
DrugBank_DB13928	DB13928	DrugBank	https://go.drugbank.com/drugs/DB13928	Semaglutide
DrugBank_DB00054	DB00054	DrugBank	https://go.drugbank.com/drugs/DB00054	Abciximab
DrugBank_DB00239	DB00239	DrugBank	https://go.drugbank.com/drugs/DB00239	Oxiconazole
DrugBank_DB06928	DB06928	DrugBank	https://go.drugbank.com/drugs/DB06928	(2s)-2-{[hydroxy(4-iodobenzyl)phosphoryl]methyl}pentanedioic Acid
DrugBank_DB09517	DB09517	DrugBank	https://go.drugbank.com/drugs/DB09517	Sodium Ferric Gluconate Complex
DrugBank_DB02887	DB02887	DrugBank	https://go.drugbank.com/drugs/DB02887	Stavudine Triphosphate
DrugBank_DB08692	DB08692	DrugBank	https://go.drugbank.com/drugs/DB08692	D-1-(4-chlorophenyl)-2-(acetamido)ethane Boronic Acid
DrugBank_DB13840	DB13840	DrugBank	https://go.drugbank.com/drugs/DB13840	Hydroxyethylpromethazine
DrugBank_DB14813	DB14813	DrugBank	https://go.drugbank.com/drugs/DB14813	Pf-232798
DrugBank_DB02716	DB02716	DrugBank	https://go.drugbank.com/drugs/DB02716	7-methyl-guanosine-5'-triphosphate
DrugBank_DB00298	DB00298	DrugBank	https://go.drugbank.com/drugs/DB00298	Dapiprazole
DrugBank_DB01489	DB01489	DrugBank	https://go.drugbank.com/drugs/DB01489	Camazepam
DrugBank_DB02078	DB02078	DrugBank	https://go.drugbank.com/drugs/DB02078	Triglyme
DrugBank_DB06247	DB06247	DrugBank	https://go.drugbank.com/drugs/DB06247	Cx516
DrugBank_DB03098	DB03098	DrugBank	https://go.drugbank.com/drugs/DB03098	[methylseleno]acetate
DrugBank_DB01024	DB01024	DrugBank	https://go.drugbank.com/drugs/DB01024	Mycophenolic Acid
DrugBank_DB02646	DB02646	DrugBank	https://go.drugbank.com/drugs/DB02646	Nitrosoethane
DrugBank_DB05085	DB05085	DrugBank	https://go.drugbank.com/drugs/DB05085	Tm30339
DrugBank_DB12674	DB12674	DrugBank	https://go.drugbank.com/drugs/DB12674	Lurbinectedin
DrugBank_DB11717	DB11717	DrugBank	https://go.drugbank.com/drugs/DB11717	Epacadostat
DrugBank_DB04487	DB04487	DrugBank	https://go.drugbank.com/drugs/DB04487	N-methylleucine
DrugBank_DB04337	DB04337	DrugBank	https://go.drugbank.com/drugs/DB04337	Isocyanomethane
DrugBank_DB00265	DB00265	DrugBank	https://go.drugbank.com/drugs/DB00265	Crotamiton
DrugBank_DB07623	DB07623	DrugBank	https://go.drugbank.com/drugs/DB07623	4,4'-dipyridyl Disulfide
DrugBank_DB06481	DB06481	DrugBank	https://go.drugbank.com/drugs/DB06481	Manitimus
DrugBank_DB06530	DB06530	DrugBank	https://go.drugbank.com/drugs/DB06530	Resiquimod
DrugBank_DB08694	DB08694	DrugBank	https://go.drugbank.com/drugs/DB08694	Variolin B
DrugBank_DB07765	DB07765	DrugBank	https://go.drugbank.com/drugs/DB07765	Methyl 1-(4-{[(2,4-diaminopteridin-6-yl)methyl](methyl)amino}benzoyl)piperidine-4-carboxylate
DrugBank_DB04886	DB04886	DrugBank	https://go.drugbank.com/drugs/DB04886	Calanolide A
DrugBank_DB07527	DB07527	DrugBank	https://go.drugbank.com/drugs/DB07527	N-[(2r,3s)-3-amino-2-hydroxy-4-phenylbutyl]-4-methoxy-2,3,6-trimethylbenzenesulfonamide
DrugBank_DB13323	DB13323	DrugBank	https://go.drugbank.com/drugs/DB13323	Trichloroethylene
DrugBank_DB02405	DB02405	DrugBank	https://go.drugbank.com/drugs/DB02405	12-bromododecanoic Acid
DrugBank_DB03880	DB03880	DrugBank	https://go.drugbank.com/drugs/DB03880	Batimastat
DrugBank_DB08797	DB08797	DrugBank	https://go.drugbank.com/drugs/DB08797	Salicylamide
DrugBank_DB11685	DB11685	DrugBank	https://go.drugbank.com/drugs/DB11685	Figitumumab
DrugBank_DB08435	DB08435	DrugBank	https://go.drugbank.com/drugs/DB08435	(5e,14e)-11-oxoprosta-5,9,12,14-tetraen-1-oic Acid
DrugBank_DB13124	DB13124	DrugBank	https://go.drugbank.com/drugs/DB13124	Troxerutin
DrugBank_DB00855	DB00855	DrugBank	https://go.drugbank.com/drugs/DB00855	Aminolevulinic Acid
DrugBank_DB06971	DB06971	DrugBank	https://go.drugbank.com/drugs/DB06971	N-{2-[(4'-cyano-1,1'-biphenyl-4-yl)oxy]ethyl}-n'-hydroxy-n-methylurea
DrugBank_DB08023	DB08023	DrugBank	https://go.drugbank.com/drugs/DB08023	N-cyclohexyl-4-imidazo[1,2-a]pyridin-3-yl-n-methylpyrimidin-2-amine
DrugBank_DB01413	DB01413	DrugBank	https://go.drugbank.com/drugs/DB01413	Cefepime
DrugBank_DB05936	DB05936	DrugBank	https://go.drugbank.com/drugs/DB05936	Cvt-6883
DrugBank_DB12629	DB12629	DrugBank	https://go.drugbank.com/drugs/DB12629	3,5-diiodothyropropionic Acid
DrugBank_DB04768	DB04768	DrugBank	https://go.drugbank.com/drugs/DB04768	Pyrithiamine Pyrophosphate
DrugBank_DB07882	DB07882	DrugBank	https://go.drugbank.com/drugs/DB07882	4-{4-[2-(1a,7a-dimethyl-4-oxy-octahydro-1-oxa-4-aza-cyclopropa[a]naphthalen-4-yl) -acetylamino]-phenylcarbamoyl}-butyric Acid
DrugBank_DB07716	DB07716	DrugBank	https://go.drugbank.com/drugs/DB07716	(4z)-2,8:7,12:11,15:14,18:17,22-pentaanhydro-4,5,6,9,10,13,19,20,21-nonadeoxy-d-arabino-d-allo-d-allo-docosa-4,9,20-trienitol
DrugBank_DB01897	DB01897	DrugBank	https://go.drugbank.com/drugs/DB01897	2-(2f-benzothiazolyl)-5-styryl-3-(4f-phthalhydrazidyl)tetrazolium Chloride
DrugBank_DB12789	DB12789	DrugBank	https://go.drugbank.com/drugs/DB12789	Dinoprost
DrugBank_DB01709	DB01709	DrugBank	https://go.drugbank.com/drugs/DB01709	2-phospho-d-glyceric Acid
DrugBank_DB11757	DB11757	DrugBank	https://go.drugbank.com/drugs/DB11757	Istradefylline
DrugBank_DB00414	DB00414	DrugBank	https://go.drugbank.com/drugs/DB00414	Acetohexamide
DrugBank_DB00316	DB00316	DrugBank	https://go.drugbank.com/drugs/DB00316	Acetaminophen
DrugBank_DB07437	DB07437	DrugBank	https://go.drugbank.com/drugs/DB07437	5-benzylacyclouridine
DrugBank_DB03125	DB03125	DrugBank	https://go.drugbank.com/drugs/DB03125	2,4-diamino-5-(3,4,5-trimethoxy-benzyl)-pyrimidin-1-ium
DrugBank_DB13879	DB13879	DrugBank	https://go.drugbank.com/drugs/DB13879	Glecaprevir
DrugBank_DB06862	DB06862	DrugBank	https://go.drugbank.com/drugs/DB06862	2-hydroxy-5-(2-mercapto-ethylsulfamoyl)-benzoic Acid
DrugBank_DB04900	DB04900	DrugBank	https://go.drugbank.com/drugs/DB04900	Thymalfasin
DrugBank_DB08373	DB08373	DrugBank	https://go.drugbank.com/drugs/DB08373	4,4'-bis([h]methylsulfonyl)-2,2',5,5'-tetrachlorobiphenyl
DrugBank_DB06196	DB06196	DrugBank	https://go.drugbank.com/drugs/DB06196	Icatibant
DrugBank_DB05367	DB05367	DrugBank	https://go.drugbank.com/drugs/DB05367	Actelion-1
DrugBank_DB13831	DB13831	DrugBank	https://go.drugbank.com/drugs/DB13831	Potassium Permanganate
DrugBank_DB07142	DB07142	DrugBank	https://go.drugbank.com/drugs/DB07142	5-[(3r)-3-(5-methoxy-3',5'-dimethylbiphenyl-3-yl)but-1-yn-1-yl]-6-methylpyrimidine-2,4-diamine
DrugBank_DB03670	DB03670	DrugBank	https://go.drugbank.com/drugs/DB03670	2-(oxalyl-amino)-4,5,6,7-tetrahydro-thieno[2,3-c]pyridine-3-carboxylic Acid
DrugBank_DB03294	DB03294	DrugBank	https://go.drugbank.com/drugs/DB03294	1-methyl-3-oxo-1,3-dihydro-benzo[c]isothiazole-5-sulfonic Acid Amide
DrugBank_DB13399	DB13399	DrugBank	https://go.drugbank.com/drugs/DB13399	Terguride
DrugBank_DB10366	DB10366	DrugBank	https://go.drugbank.com/drugs/DB10366	Poa Pratensis Pollen
DrugBank_DB01001	DB01001	DrugBank	https://go.drugbank.com/drugs/DB01001	Salbutamol
DrugBank_DB07160	DB07160	DrugBank	https://go.drugbank.com/drugs/DB07160	N-{[(2s,3s)-3-(ethoxycarbonyl)oxiran-2-yl]carbonyl}-l-isoleucine
DrugBank_DB00029	DB00029	DrugBank	https://go.drugbank.com/drugs/DB00029	Anistreplase
DrugBank_DB06419	DB06419	DrugBank	https://go.drugbank.com/drugs/DB06419	Cethromycin
DrugBank_DB09357	DB09357	DrugBank	https://go.drugbank.com/drugs/DB09357	Dexpanthenol
DrugBank_DB04398	DB04398	DrugBank	https://go.drugbank.com/drugs/DB04398	Lactic Acid
DrugBank_DB12965	DB12965	DrugBank	https://go.drugbank.com/drugs/DB12965	Silver
DrugBank_DB07416	DB07416	DrugBank	https://go.drugbank.com/drugs/DB07416	(2s)-2-(butyryloxy)-3-hydroxypropyl Nonanoate
DrugBank_DB07907	DB07907	DrugBank	https://go.drugbank.com/drugs/DB07907	(2s)-2-hydroxyoctanoic Acid
DrugBank_DB08122	DB08122	DrugBank	https://go.drugbank.com/drugs/DB08122	N-methyl-4-{[(2-oxo-1,2-dihydro-3h-indol-3-ylidene)methyl]amino}benzenesulfonamide
DrugBank_DB13732	DB13732	DrugBank	https://go.drugbank.com/drugs/DB13732	Meglumine Antimoniate
DrugBank_DB05079	DB05079	DrugBank	https://go.drugbank.com/drugs/DB05079	Hy10275
DrugBank_DB01220	DB01220	DrugBank	https://go.drugbank.com/drugs/DB01220	Rifaximin
DrugBank_DB15466	DB15466	DrugBank	https://go.drugbank.com/drugs/DB15466	Tallimustine
DrugBank_DB12734	DB12734	DrugBank	https://go.drugbank.com/drugs/DB12734	Demcizumab
DrugBank_DB12013	DB12013	DrugBank	https://go.drugbank.com/drugs/DB12013	Axelopran
DrugBank_DB06809	DB06809	DrugBank	https://go.drugbank.com/drugs/DB06809	Plerixafor
DrugBank_DB08230	DB08230	DrugBank	https://go.drugbank.com/drugs/DB08230	Tricetin
DrugBank_DB12924	DB12924	DrugBank	https://go.drugbank.com/drugs/DB12924	Ozenoxacin
DrugBank_DB08873	DB08873	DrugBank	https://go.drugbank.com/drugs/DB08873	Boceprevir
DrugBank_DB13832	DB13832	DrugBank	https://go.drugbank.com/drugs/DB13832	Ranimustine
DrugBank_DB13388	DB13388	DrugBank	https://go.drugbank.com/drugs/DB13388	Phenylmercuric Nitrate
DrugBank_DB06486	DB06486	DrugBank	https://go.drugbank.com/drugs/DB06486	Enzastaurin
DrugBank_DB04724	DB04724	DrugBank	https://go.drugbank.com/drugs/DB04724	(s)-2-((s)-3-isobutyl-2,5-dioxo-4-quinolin-3-ylmethyl-[1,4]diazepan-1yl)-n-methyl-3-naphtalen-2-yl-propionamide
DrugBank_DB01045	DB01045	DrugBank	https://go.drugbank.com/drugs/DB01045	Rifampicin
DrugBank_DB08858	DB08858	DrugBank	https://go.drugbank.com/drugs/DB08858	Cis-diamminechlorocholylglycinateplatinum(ii)
DrugBank_DB11376	DB11376	DrugBank	https://go.drugbank.com/drugs/DB11376	Azaperone
DrugBank_DB00725	DB00725	DrugBank	https://go.drugbank.com/drugs/DB00725	Homatropine Methylbromide
DrugBank_DB11617	DB11617	DrugBank	https://go.drugbank.com/drugs/DB11617	Aclarubicin
DrugBank_DB08597	DB08597	DrugBank	https://go.drugbank.com/drugs/DB08597	Dorsomorphin
DrugBank_DB02315	DB02315	DrugBank	https://go.drugbank.com/drugs/DB02315	Cyclic Gmp
DrugBank_DB07321	DB07321	DrugBank	https://go.drugbank.com/drugs/DB07321	2,5-dichloro-n-[5-methoxy-7-(6-methoxypyridin-3-yl)-1,3-benzoxazol-2-yl]benzenesulfonamide
DrugBank_DB00248	DB00248	DrugBank	https://go.drugbank.com/drugs/DB00248	Cabergoline
DrugBank_DB00914	DB00914	DrugBank	https://go.drugbank.com/drugs/DB00914	Phenformin
DrugBank_DB00118	DB00118	DrugBank	https://go.drugbank.com/drugs/DB00118	Ademetionine
DrugBank_DB04673	DB04673	DrugBank	https://go.drugbank.com/drugs/DB04673	4-[(5-chloroindol-2-yl)sulfonyl]-2-(2-methylpropyl)-1-[[5-(pyridin-4-yl)pyrimidin-2-yl]carbonyl]piperazine
DrugBank_DB12343	DB12343	DrugBank	https://go.drugbank.com/drugs/DB12343	Temocillin
DrugBank_DB07832	DB07832	DrugBank	https://go.drugbank.com/drugs/DB07832	4-{4-[(5-hydroxy-2-methylphenyl)amino]quinolin-7-yl}-1,3-thiazole-2-carbaldehyde
DrugBank_DB08436	DB08436	DrugBank	https://go.drugbank.com/drugs/DB08436	8-benzo[1,3]dioxol-,5-ylmethyl-9-butyl-9h-
DrugBank_DB14539	DB14539	DrugBank	https://go.drugbank.com/drugs/DB14539	Hydrocortisone Acetate
DrugBank_DB11697	DB11697	DrugBank	https://go.drugbank.com/drugs/DB11697	Pacritinib
DrugBank_DB02567	DB02567	DrugBank	https://go.drugbank.com/drugs/DB02567	Pd173955
DrugBank_DB09283	DB09283	DrugBank	https://go.drugbank.com/drugs/DB09283	Trapidil
DrugBank_DB07326	DB07326	DrugBank	https://go.drugbank.com/drugs/DB07326	6-chloro-n-pyrimidin-5-yl-3-{[3-(trifluoromethyl)phenyl]amino}-1,2-benzisoxazole-7-carboxamide
DrugBank_DB00717	DB00717	DrugBank	https://go.drugbank.com/drugs/DB00717	Norethisterone
DrugBank_DB03490	DB03490	DrugBank	https://go.drugbank.com/drugs/DB03490	3-pyridin-4-yl-2,4-dihydro-indeno[1,2-.c.]pyrazole
DrugBank_DB09122	DB09122	DrugBank	https://go.drugbank.com/drugs/DB09122	Peginterferon Beta-1a
DrugBank_DB14042	DB14042	DrugBank	https://go.drugbank.com/drugs/DB14042	Galcanezumab
DrugBank_DB14865	DB14865	DrugBank	https://go.drugbank.com/drugs/DB14865	Human Interleukin-2
DrugBank_DB13339	DB13339	DrugBank	https://go.drugbank.com/drugs/DB13339	Etoglucid
DrugBank_DB04578	DB04578	DrugBank	https://go.drugbank.com/drugs/DB04578	(s)-2-[(r)-3-amino-4-(2-fluorophenyl)butyryl]-1,2,3,4-tetrahydroisoquinoline-3-carboxamide
DrugBank_DB08596	DB08596	DrugBank	https://go.drugbank.com/drugs/DB08596	5'-deoxy-5'-piperidin-1-ylthymidine
DrugBank_DB04801	DB04801	DrugBank	https://go.drugbank.com/drugs/DB04801	Cis-vaccenic Acid
DrugBank_DB01839	DB01839	DrugBank	https://go.drugbank.com/drugs/DB01839	Propylene Glycol
DrugBank_DB00870	DB00870	DrugBank	https://go.drugbank.com/drugs/DB00870	Suprofen
DrugBank_DB03057	DB03057	DrugBank	https://go.drugbank.com/drugs/DB03057	Malonaldehyde
DrugBank_DB02457	DB02457	DrugBank	https://go.drugbank.com/drugs/DB02457	Undecyl-phosphinic Acid Butyl Ester
DrugBank_DB01152	DB01152	DrugBank	https://go.drugbank.com/drugs/DB01152	Candicidin
DrugBank_DB11306	DB11306	DrugBank	https://go.drugbank.com/drugs/DB11306	Bentonite
DrugBank_DB07529	DB07529	DrugBank	https://go.drugbank.com/drugs/DB07529	(5e)-2-amino-5-(2-pyridinylmethylene)-1,3-thiazol-4(5h)-one
DrugBank_DB06794	DB06794	DrugBank	https://go.drugbank.com/drugs/DB06794	Lodoxamide
DrugBank_DB04036	DB04036	DrugBank	https://go.drugbank.com/drugs/DB04036	Coenzyme A Persulfide
DrugBank_DB02925	DB02925	DrugBank	https://go.drugbank.com/drugs/DB02925	Piretanide
DrugBank_DB07717	DB07717	DrugBank	https://go.drugbank.com/drugs/DB07717	(5s,8r,9s,10s,13r,14s,17s)-13-{2-[(3,5-difluorobenzyl)oxy]ethyl}-17-hydroxy-10-methylhexadecahydro-3h-cyclopenta[a]phenanthren-3-one
DrugBank_DB06762	DB06762	DrugBank	https://go.drugbank.com/drugs/DB06762	Pinacidil
DrugBank_DB01472	DB01472	DrugBank	https://go.drugbank.com/drugs/DB01472	4-methoxyamphetamine
DrugBank_DB12683	DB12683	DrugBank	https://go.drugbank.com/drugs/DB12683	Lumretuzumab
DrugBank_DB04018	DB04018	DrugBank	https://go.drugbank.com/drugs/DB04018	S-isopropyl-isothiourea
DrugBank_DB08292	DB08292	DrugBank	https://go.drugbank.com/drugs/DB08292	(5z)-12-chloro-13,15-dihydroxy-4,7,8,9-tetrahydro-2-benzoxacyclotridecine-1,10(3h,11h)-dione
DrugBank_DB08779	DB08779	DrugBank	https://go.drugbank.com/drugs/DB08779	2-(methylsulfanyl)-5-(thiophen-2-ylmethyl)-1h-imidazol-4-ol
DrugBank_DB00216	DB00216	DrugBank	https://go.drugbank.com/drugs/DB00216	Eletriptan
DrugBank_DB07688	DB07688	DrugBank	https://go.drugbank.com/drugs/DB07688	4-{[5-(cyclohexyloxy)[1,2,4]triazolo[1,5-a]pyrimidin-7-yl]amino}benzenesulfonamide
DrugBank_DB08400	DB08400	DrugBank	https://go.drugbank.com/drugs/DB08400	4-(3-{[5-(trifluoromethyl)pyridin-2-yl]oxy}benzyl)piperidine-1-carboxylic Acid
DrugBank_DB02959	DB02959	DrugBank	https://go.drugbank.com/drugs/DB02959	Oxitriptan
DrugBank_DB12116	DB12116	DrugBank	https://go.drugbank.com/drugs/DB12116	Epigallocatechin Gallate
DrugBank_DB02559	DB02559	DrugBank	https://go.drugbank.com/drugs/DB02559	6-(octahydro-1h-indol-1-ylmethyl)decahydroquinazoline-2,4-diamine
DrugBank_DB00958	DB00958	DrugBank	https://go.drugbank.com/drugs/DB00958	Carboplatin
DrugBank_DB13767	DB13767	DrugBank	https://go.drugbank.com/drugs/DB13767	Vorozole
DrugBank_DB11799	DB11799	DrugBank	https://go.drugbank.com/drugs/DB11799	Bictegravir
DrugBank_DB08194	DB08194	DrugBank	https://go.drugbank.com/drugs/DB08194	4-methyl-7,8-dihydro-5h-thiopyrano[4,3-d]pyrimidin-2-amine
DrugBank_DB00891	DB00891	DrugBank	https://go.drugbank.com/drugs/DB00891	Sulfapyridine
DrugBank_DB10062	DB10062	DrugBank	https://go.drugbank.com/drugs/DB10062	Rabies Virus Inactivated Antigen, B
DrugBank_DB04186	DB04186	DrugBank	https://go.drugbank.com/drugs/DB04186	N'-(pyrrolidino[2,1-b]isoindolin-4-on-8-yl)-n-(pyridin-2-yl)urea
DrugBank_DB14051	DB14051	DrugBank	https://go.drugbank.com/drugs/DB14051	Malacidin A
DrugBank_DB04890	DB04890	DrugBank	https://go.drugbank.com/drugs/DB04890	Bepotastine
DrugBank_DB09254	DB09254	DrugBank	https://go.drugbank.com/drugs/DB09254	Caroxazone
DrugBank_DB03496	DB03496	DrugBank	https://go.drugbank.com/drugs/DB03496	Alvocidib
DrugBank_DB09292	DB09292	DrugBank	https://go.drugbank.com/drugs/DB09292	Sacubitril
DrugBank_DB11959	DB11959	DrugBank	https://go.drugbank.com/drugs/DB11959	Crenezumab
DrugBank_DB15617	DB15617	DrugBank	https://go.drugbank.com/drugs/DB15617	Ferric Derisomaltose
DrugBank_DB07282	DB07282	DrugBank	https://go.drugbank.com/drugs/DB07282	3-({[(1z)-(2-methoxyphenyl)methylidene]amino}oxy)propanoic Acid
DrugBank_DB06203	DB06203	DrugBank	https://go.drugbank.com/drugs/DB06203	Alogliptin
DrugBank_DB00960	DB00960	DrugBank	https://go.drugbank.com/drugs/DB00960	Pindolol
DrugBank_DB08535	DB08535	DrugBank	https://go.drugbank.com/drugs/DB08535	3-bromo-5-phenyl-n-(pyridin-3-ylmethyl)pyrazolo[1,5-a]pyrimidin-7-amine
DrugBank_DB01222	DB01222	DrugBank	https://go.drugbank.com/drugs/DB01222	Budesonide
DrugBank_DB10836	DB10836	DrugBank	https://go.drugbank.com/drugs/DB10836	Bromus Secalinus Pollen
DrugBank_DB07947	DB07947	DrugBank	https://go.drugbank.com/drugs/DB07947	Isoquinoline-5-sulfonic Acid (2-(2-(4-chlorobenzyloxy)ethylamino)ethyl)amide
DrugBank_DB03566	DB03566	DrugBank	https://go.drugbank.com/drugs/DB03566	Spermidine
DrugBank_DB07883	DB07883	DrugBank	https://go.drugbank.com/drugs/DB07883	(2-amino-3-phenyl-bicyclo[2.2.1]hept-2-yl)-phenyl-methanone
DrugBank_DB13547	DB13547	DrugBank	https://go.drugbank.com/drugs/DB13547	Sulfatolamide
DrugBank_DB04334	DB04334	DrugBank	https://go.drugbank.com/drugs/DB04334	6-hydroxydopa Quinone
DrugBank_DB03628	DB03628	DrugBank	https://go.drugbank.com/drugs/DB03628	Iso24
DrugBank_DB08156	DB08156	DrugBank	https://go.drugbank.com/drugs/DB08156	3-[4-(aminosulfonyl)phenyl]propanoic Acid
DrugBank_DB05801	DB05801	DrugBank	https://go.drugbank.com/drugs/DB05801	Gti 2040
DrugBank_DB08659	DB08659	DrugBank	https://go.drugbank.com/drugs/DB08659	2-(hydrazinocarbonyl)-3-phenyl-1h-indole-5-sulfonamide
DrugBank_DB04187	DB04187	DrugBank	https://go.drugbank.com/drugs/DB04187	(9s,10s)-9-(s-glutathionyl)-10-hydroxy-9,10-dihydrophenanthrene
DrugBank_DB05944	DB05944	DrugBank	https://go.drugbank.com/drugs/DB05944	Varlitinib
DrugBank_DB03476	DB03476	DrugBank	https://go.drugbank.com/drugs/DB03476	Trans-6-(2-phenylcyclopropyl)-naphthalene-2-carboxamidine
DrugBank_DB00347	DB00347	DrugBank	https://go.drugbank.com/drugs/DB00347	Trimethadione
DrugBank_DB03316	DB03316	DrugBank	https://go.drugbank.com/drugs/DB03316	1,4-dioxane
DrugBank_DB05129	DB05129	DrugBank	https://go.drugbank.com/drugs/DB05129	Elsamitrucin
DrugBank_DB11781	DB11781	DrugBank	https://go.drugbank.com/drugs/DB11781	Tosedostat
DrugBank_DB02080	DB02080	DrugBank	https://go.drugbank.com/drugs/DB02080	1-{2-[2-(2-methoxyethoxy)ethoxy]ethoxy}-4-(1,1,3,3-tetramethylbutyl)benzene
DrugBank_DB07450	DB07450	DrugBank	https://go.drugbank.com/drugs/DB07450	(r)-minalrestat
DrugBank_DB00941	DB00941	DrugBank	https://go.drugbank.com/drugs/DB00941	Hexafluronium
DrugBank_DB01544	DB01544	DrugBank	https://go.drugbank.com/drugs/DB01544	Flunitrazepam
DrugBank_DB06718	DB06718	DrugBank	https://go.drugbank.com/drugs/DB06718	Stanozolol
DrugBank_DB07249	DB07249	DrugBank	https://go.drugbank.com/drugs/DB07249	N-(5-chloro-1,3-benzodioxol-4-yl)-6-methoxy-7-(3-piperidin-1-ylpropoxy)quinazolin-4-amine
DrugBank_DB08244	DB08244	DrugBank	https://go.drugbank.com/drugs/DB08244	(1s)-1-cyclopropyl-2-[(2s)-4-(2,5-difluorophenyl)-2-phenyl-2,5-dihydro-1h-pyrrol-1-yl]-2-oxoethanamine
DrugBank_DB04756	DB04756	DrugBank	https://go.drugbank.com/drugs/DB04756	2-[(3,5-dichloro-4-trioxidanylphenyl)amino]benzoic Acid
DrugBank_DB02114	DB02114	DrugBank	https://go.drugbank.com/drugs/DB02114	Cumidine
DrugBank_DB09418	DB09418	DrugBank	https://go.drugbank.com/drugs/DB09418	Potassium Perchlorate
DrugBank_DB11636	DB11636	DrugBank	https://go.drugbank.com/drugs/DB11636	Nomegestrol
DrugBank_DB00344	DB00344	DrugBank	https://go.drugbank.com/drugs/DB00344	Protriptyline
DrugBank_DB00245	DB00245	DrugBank	https://go.drugbank.com/drugs/DB00245	Benzatropine
DrugBank_DB04065	DB04065	DrugBank	https://go.drugbank.com/drugs/DB04065	N-cyclopentyl-n-cyclobutylformamide
DrugBank_DB09488	DB09488	DrugBank	https://go.drugbank.com/drugs/DB09488	Acrivastine
DrugBank_DB05668	DB05668	DrugBank	https://go.drugbank.com/drugs/DB05668	Palifosfamide
DrugBank_DB13269	DB13269	DrugBank	https://go.drugbank.com/drugs/DB13269	Dichlorobenzyl Alcohol
DrugBank_DB12526	DB12526	DrugBank	https://go.drugbank.com/drugs/DB12526	Batefenterol
DrugBank_DB06600	DB06600	DrugBank	https://go.drugbank.com/drugs/DB06600	Nemonoxacin
DrugBank_DB04716	DB04716	DrugBank	https://go.drugbank.com/drugs/DB04716	2-tert-butyl-9-fluoro-1,6-dihydrobenzo[h]imidazo[4,5-f]isoquinolin-7-one
DrugBank_DB14500	DB14500	DrugBank	https://go.drugbank.com/drugs/DB14500	Potassium
DrugBank_DB14492	DB14492	DrugBank	https://go.drugbank.com/drugs/DB14492	Potassium Triiodide
DrugBank_DB04884	DB04884	DrugBank	https://go.drugbank.com/drugs/DB04884	Dapoxetine
DrugBank_DB08642	DB08642	DrugBank	https://go.drugbank.com/drugs/DB08642	(2r,6s)-6-{[methyl(3,4,5-trimethoxyphenyl)amino]methyl}-1,2,5,6,7,8-hexahydroquinazoline-2,4-diamine
DrugBank_DB10963	DB10963	DrugBank	https://go.drugbank.com/drugs/DB10963	Phalaris Minor Pollen
DrugBank_DB14597	DB14597	DrugBank	https://go.drugbank.com/drugs/DB14597	Lanadelumab
DrugBank_DB12768	DB12768	DrugBank	https://go.drugbank.com/drugs/DB12768	Bcg Vaccine
DrugBank_DB01173	DB01173	DrugBank	https://go.drugbank.com/drugs/DB01173	Orphenadrine
DrugBank_DB11932	DB11932	DrugBank	https://go.drugbank.com/drugs/DB11932	Abametapir
DrugBank_DB02968	DB02968	DrugBank	https://go.drugbank.com/drugs/DB02968	Penicillin G Acyl-serine
DrugBank_DB05177	DB05177	DrugBank	https://go.drugbank.com/drugs/DB05177	Dg051
DrugBank_DB07621	DB07621	DrugBank	https://go.drugbank.com/drugs/DB07621	(5-(pyridin-3-yl)furan-2-yl)methanamine
DrugBank_DB06236	DB06236	DrugBank	https://go.drugbank.com/drugs/DB06236	Elvucitabine
DrugBank_DB02106	DB02106	DrugBank	https://go.drugbank.com/drugs/DB02106	[3,5-dibromo-4-(4-hydroxy-3-phenethylcarbamoyl-phenoxy)-phenyl]-acetic Acid
DrugBank_DB08705	DB08705	DrugBank	https://go.drugbank.com/drugs/DB08705	6-(5-bromo-2-hydroxyphenyl)-2-oxo-4-phenyl-1,2-dihydropyridine-3-carbonitrile
DrugBank_DB11656	DB11656	DrugBank	https://go.drugbank.com/drugs/DB11656	Rebamipide
DrugBank_DB09206	DB09206	DrugBank	https://go.drugbank.com/drugs/DB09206	Trimazosin
DrugBank_DB05942	DB05942	DrugBank	https://go.drugbank.com/drugs/DB05942	Gi-5005
DrugBank_DB00391	DB00391	DrugBank	https://go.drugbank.com/drugs/DB00391	Sulpiride
DrugBank_DB03583	DB03583	DrugBank	https://go.drugbank.com/drugs/DB03583	(2e,3s)-3-hydroxy-5'-[(4-hydroxypiperidin-1-yl)sulfonyl]-3-methyl-1,3-dihydro-2,3'-biindol-2'(1'h)-one
DrugBank_DB01606	DB01606	DrugBank	https://go.drugbank.com/drugs/DB01606	Tazobactam
DrugBank_DB03660	DB03660	DrugBank	https://go.drugbank.com/drugs/DB03660	4-iodo-l-phenylalanine
DrugBank_DB05219	DB05219	DrugBank	https://go.drugbank.com/drugs/DB05219	Crisaborole
DrugBank_DB01784	DB01784	DrugBank	https://go.drugbank.com/drugs/DB01784	4-flourobenzenesulfonamide
DrugBank_DB06751	DB06751	DrugBank	https://go.drugbank.com/drugs/DB06751	Drotaverine
DrugBank_DB07993	DB07993	DrugBank	https://go.drugbank.com/drugs/DB07993	N~3~-[3-(1h-indol-6-yl)benzyl]pyridine-2,3-diamine
DrugBank_DB00801	DB00801	DrugBank	https://go.drugbank.com/drugs/DB00801	Halazepam
DrugBank_DB09284	DB09284	DrugBank	https://go.drugbank.com/drugs/DB09284	Imolamine
DrugBank_DB08499	DB08499	DrugBank	https://go.drugbank.com/drugs/DB08499	N-[3-(2-fluoroethoxy)phenyl]-n'-(1,3,4-trioxo-1,2,3,4-tetrahydroisoquinolin-6-yl)butanediamide
DrugBank_DB01466	DB01466	DrugBank	https://go.drugbank.com/drugs/DB01466	Ethylmorphine
DrugBank_DB06943	DB06943	DrugBank	https://go.drugbank.com/drugs/DB06943	(3s)-1-{[4-(but-2-yn-1-yloxy)phenyl]sulfonyl}pyrrolidine-3-thiol
DrugBank_DB01081	DB01081	DrugBank	https://go.drugbank.com/drugs/DB01081	Diphenoxylate
DrugBank_DB07117	DB07117	DrugBank	https://go.drugbank.com/drugs/DB07117	5-(4-phenoxyphenyl)-5-(4-pyrimidin-2-ylpiperazin-1-yl)pyrimidine-2,4,6(2h,3h)-trione
DrugBank_DB13293	DB13293	DrugBank	https://go.drugbank.com/drugs/DB13293	Ipecac
DrugBank_DB02933	DB02933	DrugBank	https://go.drugbank.com/drugs/DB02933	5'-deoxy-5'-(methylthio)-tubercidin
DrugBank_DB06875	DB06875	DrugBank	https://go.drugbank.com/drugs/DB06875	Erb-196
DrugBank_DB08683	DB08683	DrugBank	https://go.drugbank.com/drugs/DB08683	Rel-(9r,12s)-9,10,11,12-tetrahydro-9,12-epoxy-1h-diindolo[1,2,3-fg:3',2',1'-kl]pyrrolo[3,4-i][1,6]benzodiazocine-1,3(2h)-dione
DrugBank_DB01013	DB01013	DrugBank	https://go.drugbank.com/drugs/DB01013	Clobetasol Propionate
DrugBank_DB10370	DB10370	DrugBank	https://go.drugbank.com/drugs/DB10370	Festuca Pratensis Pollen
DrugBank_DB14631	DB14631	DrugBank	https://go.drugbank.com/drugs/DB14631	Prednisolone Phosphate
DrugBank_DB07672	DB07672	DrugBank	https://go.drugbank.com/drugs/DB07672	Trans-2-(dimethylphenylsilyl)-piperidine-n-oxide
DrugBank_DB13411	DB13411	DrugBank	https://go.drugbank.com/drugs/DB13411	Lofepramine
DrugBank_DB15334	DB15334	DrugBank	https://go.drugbank.com/drugs/DB15334	Biochanin A
DrugBank_DB08329	DB08329	DrugBank	https://go.drugbank.com/drugs/DB08329	Sulthiame
DrugBank_DB07548	DB07548	DrugBank	https://go.drugbank.com/drugs/DB07548	2-(6-chloro-3-{[2,2-difluoro-2-(2-pyridinyl)ethyl]amino}-2-oxo-1(2h)-pyrazinyl)-n-[(2-fluoro-6-pyridinyl)methyl]acetamide
DrugBank_DB00763	DB00763	DrugBank	https://go.drugbank.com/drugs/DB00763	Methimazole
DrugBank_DB08138	DB08138	DrugBank	https://go.drugbank.com/drugs/DB08138	{[(2,6-difluorophenyl)carbonyl]amino}-n-(4-fluorophenyl)-1h-pyrazole-3-carboxamide
DrugBank_DB13541	DB13541	DrugBank	https://go.drugbank.com/drugs/DB13541	Iprazochrome
DrugBank_DB04472	DB04472	DrugBank	https://go.drugbank.com/drugs/DB04472	(r)-1-para-nitro-phenyl-2-azido-ethanol
DrugBank_DB11758	DB11758	DrugBank	https://go.drugbank.com/drugs/DB11758	Cenicriviroc
DrugBank_DB08165	DB08165	DrugBank	https://go.drugbank.com/drugs/DB08165	Indane-5-sulfonamide
DrugBank_DB13266	DB13266	DrugBank	https://go.drugbank.com/drugs/DB13266	Cefatrizine
DrugBank_DB03541	DB03541	DrugBank	https://go.drugbank.com/drugs/DB03541	10-propargyl-5,8-dideazafolic Acid
DrugBank_DB08466	DB08466	DrugBank	https://go.drugbank.com/drugs/DB08466	5-[2-(4-hydroxyphenyl)ethyl]benzene-1,3-diol
DrugBank_DB11720	DB11720	DrugBank	https://go.drugbank.com/drugs/DB11720	Angiotensin 1-7
DrugBank_DB13829	DB13829	DrugBank	https://go.drugbank.com/drugs/DB13829	Calcium Silicate
DrugBank_DB08770	DB08770	DrugBank	https://go.drugbank.com/drugs/DB08770	4-{2-[(7-amino-2-furan-2-yl[1,2,4]triazolo[1,5-a][1,3,5]triazin-5-yl)amino]ethyl}phenol
DrugBank_DB05294	DB05294	DrugBank	https://go.drugbank.com/drugs/DB05294	Vandetanib
DrugBank_DB00848	DB00848	DrugBank	https://go.drugbank.com/drugs/DB00848	Levamisole
DrugBank_DB12450	DB12450	DrugBank	https://go.drugbank.com/drugs/DB12450	Propyl Gallate
DrugBank_DB08277	DB08277	DrugBank	https://go.drugbank.com/drugs/DB08277	2-(2-chloro-4-fluorophenoxy)-2-methyl-n-[(1r,2s,3s,5s,7s)-5-(methylsulfonyl)-2-adamantyl]propanamide
DrugBank_DB09536	DB09536	DrugBank	https://go.drugbank.com/drugs/DB09536	Titanium Dioxide
DrugBank_DB07558	DB07558	DrugBank	https://go.drugbank.com/drugs/DB07558	Acetylleucyl-leucyl-norleucinal
DrugBank_DB12474	DB12474	DrugBank	https://go.drugbank.com/drugs/DB12474	Lynestrenol
DrugBank_DB02846	DB02846	DrugBank	https://go.drugbank.com/drugs/DB02846	L-thioproline
DrugBank_DB09308	DB09308	DrugBank	https://go.drugbank.com/drugs/DB09308	Solithromycin
DrugBank_DB07281	DB07281	DrugBank	https://go.drugbank.com/drugs/DB07281	N~3~-benzylpyridine-2,3-diamine
DrugBank_DB07537	DB07537	DrugBank	https://go.drugbank.com/drugs/DB07537	N'-(6-aminopyridin-3-yl)-n-(2-cyclopentylethyl)-4-methyl-benzene-1,3-dicarboxamide
DrugBank_DB06894	DB06894	DrugBank	https://go.drugbank.com/drugs/DB06894	1-dodecanol
DrugBank_DB01203	DB01203	DrugBank	https://go.drugbank.com/drugs/DB01203	Nadolol
DrugBank_DB13319	DB13319	DrugBank	https://go.drugbank.com/drugs/DB13319	Propenidazole
DrugBank_DB14640	DB14640	DrugBank	https://go.drugbank.com/drugs/DB14640	Isoflupredone Acetate
DrugBank_DB01712	DB01712	DrugBank	https://go.drugbank.com/drugs/DB01712	(3r)-4-(p-toluenesulfonyl)-1,4-thiazane-3-carboxylicacid-l-phenylalanine Ethyl Ester
DrugBank_DB13919	DB13919	DrugBank	https://go.drugbank.com/drugs/DB13919	Candesartan
DrugBank_DB00376	DB00376	DrugBank	https://go.drugbank.com/drugs/DB00376	Trihexyphenidyl
DrugBank_DB04147	DB04147	DrugBank	https://go.drugbank.com/drugs/DB04147	Dodecyldimethylamine N-oxide
DrugBank_DB02594	DB02594	DrugBank	https://go.drugbank.com/drugs/DB02594	2'-deoxycytidine
DrugBank_DB03637	DB03637	DrugBank	https://go.drugbank.com/drugs/DB03637	Guanidine-3-propanol
DrugBank_DB07258	DB07258	DrugBank	https://go.drugbank.com/drugs/DB07258	(r)-pyridin-4-yl[4-(2-pyrrolidin-1-ylethoxy)phenyl]methanol
DrugBank_DB13608	DB13608	DrugBank	https://go.drugbank.com/drugs/DB13608	Tiocarlide
DrugBank_DB03632	DB03632	DrugBank	https://go.drugbank.com/drugs/DB03632	Argifin
DrugBank_DB07573	DB07573	DrugBank	https://go.drugbank.com/drugs/DB07573	(2s)-1-(2,5-dimethylphenoxy)-3-morpholin-4-ylpropan-2-ol
DrugBank_DB00811	DB00811	DrugBank	https://go.drugbank.com/drugs/DB00811	Ribavirin
DrugBank_DB11071	DB11071	DrugBank	https://go.drugbank.com/drugs/DB11071	Phenyl Salicylate
DrugBank_DB13083	DB13083	DrugBank	https://go.drugbank.com/drugs/DB13083	Talarozole
DrugBank_DB03152	DB03152	DrugBank	https://go.drugbank.com/drugs/DB03152	B-2-octylglucoside
DrugBank_DB01241	DB01241	DrugBank	https://go.drugbank.com/drugs/DB01241	Gemfibrozil
DrugBank_DB08256	DB08256	DrugBank	https://go.drugbank.com/drugs/DB08256	N-[(cyclohexylamino)carbonyl]glycine
DrugBank_DB09267	DB09267	DrugBank	https://go.drugbank.com/drugs/DB09267	Strontium Ranelate
DrugBank_DB00682	DB00682	DrugBank	https://go.drugbank.com/drugs/DB00682	Warfarin
DrugBank_DB08354	DB08354	DrugBank	https://go.drugbank.com/drugs/DB08354	2-(4-chlorobenzylamino)-4-(phenylamino)pyrazolo[1,5-a][1,3,5]triazine-8-carbonitrile
DrugBank_DB07435	DB07435	DrugBank	https://go.drugbank.com/drugs/DB07435	1,2,3-trihydroxy-1,2,3,4-tetrahydrobenzo[a]pyrene
DrugBank_DB01161	DB01161	DrugBank	https://go.drugbank.com/drugs/DB01161	Chloroprocaine
DrugBank_DB00179	DB00179	DrugBank	https://go.drugbank.com/drugs/DB00179	Masoprocol
DrugBank_DB07260	DB07260	DrugBank	https://go.drugbank.com/drugs/DB07260	N-benzyl-4-[(2r)-pyrrolidin-2-ylmethoxy]aniline
DrugBank_DB14483	DB14483	DrugBank	https://go.drugbank.com/drugs/DB14483	Calcium Ascorbate
DrugBank_DB13683	DB13683	DrugBank	https://go.drugbank.com/drugs/DB13683	Quinisocaine
DrugBank_DB12142	DB12142	DrugBank	https://go.drugbank.com/drugs/DB12142	Duligotuzumab
DrugBank_DB04268	DB04268	DrugBank	https://go.drugbank.com/drugs/DB04268	Methylumbelliferyl Chitotriose
DrugBank_DB11443	DB11443	DrugBank	https://go.drugbank.com/drugs/DB11443	Orbifloxacin
DrugBank_DB09185	DB09185	DrugBank	https://go.drugbank.com/drugs/DB09185	Viloxazine
DrugBank_DB02107	DB02107	DrugBank	https://go.drugbank.com/drugs/DB02107	Leucine - Reduced Carbonyl
DrugBank_DB05159	DB05159	DrugBank	https://go.drugbank.com/drugs/DB05159	Ccx915
DrugBank_DB08547	DB08547	DrugBank	https://go.drugbank.com/drugs/DB08547	Progesterone-11-alpha-ol-hemisuccinate
DrugBank_DB09329	DB09329	DrugBank	https://go.drugbank.com/drugs/DB09329	Antihemophilic Factor (recombinant), Pegylated
DrugBank_DB02623	DB02623	DrugBank	https://go.drugbank.com/drugs/DB02623	Aminophosphonic Acid-guanylate Ester
DrugBank_DB04823	DB04823	DrugBank	https://go.drugbank.com/drugs/DB04823	Oxyphenisatin
DrugBank_DB02845	DB02845	DrugBank	https://go.drugbank.com/drugs/DB02845	Methylphosphinic Acid
DrugBank_DB07276	DB07276	DrugBank	https://go.drugbank.com/drugs/DB07276	5-cyano-n-(2,5-dimethoxybenzyl)-6-ethoxypyridine-2-carboxamide
DrugBank_DB01780	DB01780	DrugBank	https://go.drugbank.com/drugs/DB01780	Fusicoccin
DrugBank_DB07357	DB07357	DrugBank	https://go.drugbank.com/drugs/DB07357	4-amino-2-hexyloxy-6-hydroxymethyl-tetrahydro-pyran-3,5-diol
DrugBank_DB07186	DB07186	DrugBank	https://go.drugbank.com/drugs/DB07186	4-(4-methylpiperazin-1-yl)-n-[5-(2-thienylacetyl)-1,5-dihydropyrrolo[3,4-c]pyrazol-3-yl]benzamide
DrugBank_DB07706	DB07706	DrugBank	https://go.drugbank.com/drugs/DB07706	2-hydroxyestradiol
DrugBank_DB13169	DB13169	DrugBank	https://go.drugbank.com/drugs/DB13169	Nandrolone
DrugBank_DB14210	DB14210	DrugBank	https://go.drugbank.com/drugs/DB14210	Moexiprilat
DrugBank_DB02195	DB02195	DrugBank	https://go.drugbank.com/drugs/DB02195	3-(4-fluorophenyl)-1-hydroxy-2-(pyridin-4-yl)-1h-pyrrolo[3,2-b]pyridine
DrugBank_DB02910	DB02910	DrugBank	https://go.drugbank.com/drugs/DB02910	Octanoyl-coenzyme A
DrugBank_DB02859	DB02859	DrugBank	https://go.drugbank.com/drugs/DB02859	Soraphen A
DrugBank_DB00143	DB00143	DrugBank	https://go.drugbank.com/drugs/DB00143	Glutathione
DrugBank_DB01812	DB01812	DrugBank	https://go.drugbank.com/drugs/DB01812	Adenosine 3',5'-diphosphate
DrugBank_DB00334	DB00334	DrugBank	https://go.drugbank.com/drugs/DB00334	Olanzapine
DrugBank_DB00314	DB00314	DrugBank	https://go.drugbank.com/drugs/DB00314	Capreomycin
DrugBank_DB07889	DB07889	DrugBank	https://go.drugbank.com/drugs/DB07889	(2s)-1-(dimethylamino)-3-(4-{[4-(2-methylimidazo[1,2-a]pyridin-3-yl)-2-pyrimidinyl]amino}phenoxy)-2-propanol
DrugBank_DB03971	DB03971	DrugBank	https://go.drugbank.com/drugs/DB03971	Acarbose Derived Hexasaccharide
DrugBank_DB06421	DB06421	DrugBank	https://go.drugbank.com/drugs/DB06421	Declopramide
DrugBank_DB06612	DB06612	DrugBank	https://go.drugbank.com/drugs/DB06612	Mepolizumab
DrugBank_DB01006	DB01006	DrugBank	https://go.drugbank.com/drugs/DB01006	Letrozole
DrugBank_DB04552	DB04552	DrugBank	https://go.drugbank.com/drugs/DB04552	Niflumic Acid
DrugBank_DB00102	DB00102	DrugBank	https://go.drugbank.com/drugs/DB00102	Becaplermin
DrugBank_DB07074	DB07074	DrugBank	https://go.drugbank.com/drugs/DB07074	6-carbamimidoyl-4-(3-hydroxy-2-methyl-benzoylamino)-naphthalene-2-carboxylic Acid Methyl Ester
DrugBank_DB08237	DB08237	DrugBank	https://go.drugbank.com/drugs/DB08237	2'-deoxy-n-(naphthalen-1-ylmethyl)guanosine 5'-(dihydrogen Phosphate)
DrugBank_DB01511	DB01511	DrugBank	https://go.drugbank.com/drugs/DB01511	Delorazepam
DrugBank_DB03449	DB03449	DrugBank	https://go.drugbank.com/drugs/DB03449	N-(4-{2-[(3-chlorobenzyl)amino]ethyl}phenyl)thiophene-2-carboximidamide
DrugBank_DB09383	DB09383	DrugBank	https://go.drugbank.com/drugs/DB09383	Meprednisone
DrugBank_DB00900	DB00900	DrugBank	https://go.drugbank.com/drugs/DB00900	Didanosine
DrugBank_DB04967	DB04967	DrugBank	https://go.drugbank.com/drugs/DB04967	Lucanthone
DrugBank_DB10769	DB10769	DrugBank	https://go.drugbank.com/drugs/DB10769	Japanese Encephalitis Virus Strain Sa 14-14-2 Antigen (formaldehyde Inactivated)
DrugBank_DB02103	DB02103	DrugBank	https://go.drugbank.com/drugs/DB02103	2-chlorodideoxyadenosine
DrugBank_DB07562	DB07562	DrugBank	https://go.drugbank.com/drugs/DB07562	N-[4-(2,4-dimethyl-thiazol-5-yl)-pyrimidin-2-yl]-n',n'-dimethyl-benzene-1,4-diamine
DrugBank_DB14596	DB14596	DrugBank	https://go.drugbank.com/drugs/DB14596	Loteprednol Etabonate
DrugBank_DB03878	DB03878	DrugBank	https://go.drugbank.com/drugs/DB03878	N-[4-methyl-3-[[4-(3-pyridinyl)-2-pyrimidinyl]amino]phenyl]-3-pyridinecarboxamide
DrugBank_DB08166	DB08166	DrugBank	https://go.drugbank.com/drugs/DB08166	(4r)-7-chloro-9-methyl-1-oxo-1,2,4,9-tetrahydrospiro[beta-carboline-3,4'-piperidine]-4-carbonitrile
DrugBank_DB05423	DB05423	DrugBank	https://go.drugbank.com/drugs/DB05423	Org-34517
DrugBank_DB00306	DB00306	DrugBank	https://go.drugbank.com/drugs/DB00306	Talbutal
DrugBank_DB00123	DB00123	DrugBank	https://go.drugbank.com/drugs/DB00123	L-lysine
DrugBank_DB07975	DB07975	DrugBank	https://go.drugbank.com/drugs/DB07975	2-({[3,5-difluoro-3'-(trifluoromethoxy)biphenyl-4-yl]amino}carbonyl)cyclopent-1-ene-1-carboxylic Acid
DrugBank_DB04834	DB04834	DrugBank	https://go.drugbank.com/drugs/DB04834	Rapacuronium
DrugBank_DB09570	DB09570	DrugBank	https://go.drugbank.com/drugs/DB09570	Ixazomib
DrugBank_DB13956	DB13956	DrugBank	https://go.drugbank.com/drugs/DB13956	Estradiol Valerate
DrugBank_DB15246	DB15246	DrugBank	https://go.drugbank.com/drugs/DB15246	Salvianolic Acid A
DrugBank_DB13866	DB13866	DrugBank	https://go.drugbank.com/drugs/DB13866	Etynodiol
DrugBank_DB03486	DB03486	DrugBank	https://go.drugbank.com/drugs/DB03486	Phosphomethylphosphonic Acid Guanosyl Ester
DrugBank_DB09053	DB09053	DrugBank	https://go.drugbank.com/drugs/DB09053	Ibrutinib
DrugBank_DB08833	DB08833	DrugBank	https://go.drugbank.com/drugs/DB08833	Taurochenodeoxycholic Acid
DrugBank_DB14975	DB14975	DrugBank	https://go.drugbank.com/drugs/DB14975	Voxelotor
DrugBank_DB11564	DB11564	DrugBank	https://go.drugbank.com/drugs/DB11564	Insulin Argine
DrugBank_DB07788	DB07788	DrugBank	https://go.drugbank.com/drugs/DB07788	(3r,5z,8s,9s,11e)-8,9,16-trihydroxy-14-methoxy-3-methyl-3,4,9,10-tetrahydro-1h-2-benzoxacyclotetradecine-1,7(8h)-dione
DrugBank_DB01176	DB01176	DrugBank	https://go.drugbank.com/drugs/DB01176	Cyclizine
DrugBank_DB15566	DB15566	DrugBank	https://go.drugbank.com/drugs/DB15566	Prednisolone Acetate
DrugBank_DB00901	DB00901	DrugBank	https://go.drugbank.com/drugs/DB00901	Bitolterol
DrugBank_DB09247	DB09247	DrugBank	https://go.drugbank.com/drugs/DB09247	Iproclozide
DrugBank_DB01178	DB01178	DrugBank	https://go.drugbank.com/drugs/DB01178	Chlormezanone
DrugBank_DB07024	DB07024	DrugBank	https://go.drugbank.com/drugs/DB07024	2-(3,4-dihydroxyphenyl)-8-(1,1-dioxidoisothiazolidin-2-yl)-3-hydroxy-6-methyl-4h-chromen-4-one
DrugBank_DB07468	DB07468	DrugBank	https://go.drugbank.com/drugs/DB07468	(3as)-3a-hydroxy-5-methyl-1-phenyl-1,2,3,3a-tetrahydro-4h-pyrrolo[2,3-b]quinolin-4-one
DrugBank_DB00678	DB00678	DrugBank	https://go.drugbank.com/drugs/DB00678	Losartan
DrugBank_DB06200	DB06200	DrugBank	https://go.drugbank.com/drugs/DB06200	Tedisamil
DrugBank_DB07146	DB07146	DrugBank	https://go.drugbank.com/drugs/DB07146	2,3-diphenyl-n-(2-piperazin-1-ylethyl)furo[2,3-b]pyridin-4-amine
DrugBank_DB00573	DB00573	DrugBank	https://go.drugbank.com/drugs/DB00573	Fenoprofen
DrugBank_DB07459	DB07459	DrugBank	https://go.drugbank.com/drugs/DB07459	4-phenoxy-n-(pyridin-2-ylmethyl)benzamide
DrugBank_DB03587	DB03587	DrugBank	https://go.drugbank.com/drugs/DB03587	Pyruvaldehyde
DrugBank_DB14718	DB14718	DrugBank	https://go.drugbank.com/drugs/DB14718	Pyrazolam
DrugBank_DB13545	DB13545	DrugBank	https://go.drugbank.com/drugs/DB13545	Isobromindione
DrugBank_DB05849	DB05849	DrugBank	https://go.drugbank.com/drugs/DB05849	Ncx 950
DrugBank_DB03306	DB03306	DrugBank	https://go.drugbank.com/drugs/DB03306	Ru78300
DrugBank_DB06402	DB06402	DrugBank	https://go.drugbank.com/drugs/DB06402	Telavancin
DrugBank_DB08365	DB08365	DrugBank	https://go.drugbank.com/drugs/DB08365	8-bromo-4-(2-chlorophenyl)-n-(2-hydroxyethyl)-6-methyl-1,3-dioxo-1,2,3,6-tetrahydropyrrolo[3,4-e]indole-7-carboxamide
DrugBank_DB13930	DB13930	DrugBank	https://go.drugbank.com/drugs/DB13930	Ulixertinib
DrugBank_DB07900	DB07900	DrugBank	https://go.drugbank.com/drugs/DB07900	3-formyl-2-hydroxy-5-methyl-hexanoic Acid Hydroxyamide
DrugBank_DB13816	DB13816	DrugBank	https://go.drugbank.com/drugs/DB13816	Aspoxicillin
DrugBank_DB05854	DB05854	DrugBank	https://go.drugbank.com/drugs/DB05854	Clx-0921
DrugBank_DB03513	DB03513	DrugBank	https://go.drugbank.com/drugs/DB03513	(s)-2-amino-3-(4h-selenolo[3,2-b]-pyrrol-6-yl)-propionic Acid
DrugBank_DB12208	DB12208	DrugBank	https://go.drugbank.com/drugs/DB12208	Iron Isomaltoside 1000
DrugBank_DB04426	DB04426	DrugBank	https://go.drugbank.com/drugs/DB04426	Alpha-methyl-n-acetyl-d-glucosamine
DrugBank_DB07028	DB07028	DrugBank	https://go.drugbank.com/drugs/DB07028	(2-{[(4-bromo-2-fluorobenzyl)amino]carbonyl}-5-chlorophenoxy)acetic Acid
DrugBank_DB00309	DB00309	DrugBank	https://go.drugbank.com/drugs/DB00309	Vindesine
DrugBank_DB08881	DB08881	DrugBank	https://go.drugbank.com/drugs/DB08881	Vemurafenib
DrugBank_DB07678	DB07678	DrugBank	https://go.drugbank.com/drugs/DB07678	(9alpha,13beta,17beta)-2-[(1z)-but-1-en-1-yl]estra-1,3,5(10)-triene-3,17-diol
DrugBank_DB13762	DB13762	DrugBank	https://go.drugbank.com/drugs/DB13762	Dexrabeprazole
DrugBank_DB12034	DB12034	DrugBank	https://go.drugbank.com/drugs/DB12034	Gantenerumab
DrugBank_DB04557	DB04557	DrugBank	https://go.drugbank.com/drugs/DB04557	Arachidonic Acid
DrugBank_DB00046	DB00046	DrugBank	https://go.drugbank.com/drugs/DB00046	Insulin Lispro
DrugBank_DB05437	DB05437	DrugBank	https://go.drugbank.com/drugs/DB05437	Nav 1800
DrugBank_DB00166	DB00166	DrugBank	https://go.drugbank.com/drugs/DB00166	Lipoic Acid
DrugBank_DB06497	DB06497	DrugBank	https://go.drugbank.com/drugs/DB06497	Aplaviroc
DrugBank_DB08396	DB08396	DrugBank	https://go.drugbank.com/drugs/DB08396	4-{[(z)-(5-oxo-2-phenyl-1,3-oxazol-4(5h)-ylidene)methyl]amino}butanoic Acid
DrugBank_DB04820	DB04820	DrugBank	https://go.drugbank.com/drugs/DB04820	Nialamide
DrugBank_DB14528	DB14528	DrugBank	https://go.drugbank.com/drugs/DB14528	Chromium Gluconate
DrugBank_DB06662	DB06662	DrugBank	https://go.drugbank.com/drugs/DB06662	Abetimus
DrugBank_DB00461	DB00461	DrugBank	https://go.drugbank.com/drugs/DB00461	Nabumetone
DrugBank_DB01599	DB01599	DrugBank	https://go.drugbank.com/drugs/DB01599	Probucol
DrugBank_DB04652	DB04652	DrugBank	https://go.drugbank.com/drugs/DB04652	Corticosterone
DrugBank_DB04690	DB04690	DrugBank	https://go.drugbank.com/drugs/DB04690	Camptothecin
DrugBank_DB00130	DB00130	DrugBank	https://go.drugbank.com/drugs/DB00130	L-glutamine
DrugBank_DB14207	DB14207	DrugBank	https://go.drugbank.com/drugs/DB14207	Fosinoprilat
DrugBank_DB09137	DB09137	DrugBank	https://go.drugbank.com/drugs/DB09137	Technetium Tc-99m Mebrofenin
DrugBank_DB08908	DB08908	DrugBank	https://go.drugbank.com/drugs/DB08908	Dimethyl Fumarate
DrugBank_DB11064	DB11064	DrugBank	https://go.drugbank.com/drugs/DB11064	Homosalate
DrugBank_DB01132	DB01132	DrugBank	https://go.drugbank.com/drugs/DB01132	Pioglitazone
DrugBank_DB04997	DB04997	DrugBank	https://go.drugbank.com/drugs/DB04997	Atl1102
DrugBank_DB02757	DB02757	DrugBank	https://go.drugbank.com/drugs/DB02757	Pyrazole
DrugBank_DB04495	DB04495	DrugBank	https://go.drugbank.com/drugs/DB04495	Paratoulene Phosphate
DrugBank_DB12382	DB12382	DrugBank	https://go.drugbank.com/drugs/DB12382	R-306465
DrugBank_DB06951	DB06951	DrugBank	https://go.drugbank.com/drugs/DB06951	(3r)-3-ethyl-n-[(4-methylphenyl)sulfonyl]-l-aspartic Acid
DrugBank_DB07508	DB07508	DrugBank	https://go.drugbank.com/drugs/DB07508	4-(5-benzenesulfonylamino-1-methyl-1h-benzoimidazol-2-ylmethyl)-benzamidine
DrugBank_DB00927	DB00927	DrugBank	https://go.drugbank.com/drugs/DB00927	Famotidine
DrugBank_DB09151	DB09151	DrugBank	https://go.drugbank.com/drugs/DB09151	Flutemetamol (18f)
DrugBank_DB09186	DB09186	DrugBank	https://go.drugbank.com/drugs/DB09186	Nisoxetine
DrugBank_DB13850	DB13850	DrugBank	https://go.drugbank.com/drugs/DB13850	Timepidium
DrugBank_DB14959	DB14959	DrugBank	https://go.drugbank.com/drugs/DB14959	Opicinumab
DrugBank_DB13869	DB13869	DrugBank	https://go.drugbank.com/drugs/DB13869	2-methoxy-6-{(e)-[(4-methylphenyl)imino]methyl}phenol
DrugBank_DB06961	DB06961	DrugBank	https://go.drugbank.com/drugs/DB06961	5-(5-chloro-2,4-dihydroxyphenyl)-n-ethyl-4-[4-(morpholin-4-ylmethyl)phenyl]isoxazole-3-carboxamide
DrugBank_DB05262	DB05262	DrugBank	https://go.drugbank.com/drugs/DB05262	Oxypurinol
DrugBank_DB00531	DB00531	DrugBank	https://go.drugbank.com/drugs/DB00531	Cyclophosphamide
DrugBank_DB07350	DB07350	DrugBank	https://go.drugbank.com/drugs/DB07350	(2e)-n-hydroxy-3-[1-methyl-4-(phenylacetyl)-1h-pyrrol-2-yl]prop-2-enamide
DrugBank_DB08733	DB08733	DrugBank	https://go.drugbank.com/drugs/DB08733	(2r,3r)-n^1^-[(1s)-2,2-dimethyl-1-(methylcarbamoyl)propyl]-n^4^-hydroxy-2-(2-methylpropyl)-3-{[(1,3-thiazol-2-ylcarbonyl)amino]methyl}butanediamide
DrugBank_DB08236	DB08236	DrugBank	https://go.drugbank.com/drugs/DB08236	(2s)-2-(3-bromophenyl)-3-(5-chloro-2-hydroxyphenyl)-1,3-thiazolidin-4-one
DrugBank_DB00458	DB00458	DrugBank	https://go.drugbank.com/drugs/DB00458	Imipramine
DrugBank_DB08890	DB08890	DrugBank	https://go.drugbank.com/drugs/DB08890	Linaclotide
DrugBank_DB01771	DB01771	DrugBank	https://go.drugbank.com/drugs/DB01771	Cra_10991
DrugBank_DB08987	DB08987	DrugBank	https://go.drugbank.com/drugs/DB08987	Etidocaine
DrugBank_DB05289	DB05289	DrugBank	https://go.drugbank.com/drugs/DB05289	Tarenflurbil
DrugBank_DB00135	DB00135	DrugBank	https://go.drugbank.com/drugs/DB00135	Tyrosine
DrugBank_DB00788	DB00788	DrugBank	https://go.drugbank.com/drugs/DB00788	Naproxen
DrugBank_DB11950	DB11950	DrugBank	https://go.drugbank.com/drugs/DB11950	Teneligliptin
DrugBank_DB00993	DB00993	DrugBank	https://go.drugbank.com/drugs/DB00993	Azathioprine
DrugBank_DB00339	DB00339	DrugBank	https://go.drugbank.com/drugs/DB00339	Pyrazinamide
DrugBank_DB05122	DB05122	DrugBank	https://go.drugbank.com/drugs/DB05122	R1295
DrugBank_DB11674	DB11674	DrugBank	https://go.drugbank.com/drugs/DB11674	Equol
DrugBank_DB01107	DB01107	DrugBank	https://go.drugbank.com/drugs/DB01107	Methyprylon
DrugBank_DB07005	DB07005	DrugBank	https://go.drugbank.com/drugs/DB07005	D-phenylalanyl-n-{4-[amino(iminio)methyl]benzyl}-l-prolinamide
DrugBank_DB13534	DB13534	DrugBank	https://go.drugbank.com/drugs/DB13534	Gedocarnil
DrugBank_DB02751	DB02751	DrugBank	https://go.drugbank.com/drugs/DB02751	Glycocyamine
DrugBank_DB13836	DB13836	DrugBank	https://go.drugbank.com/drugs/DB13836	Metampicillin
DrugBank_DB02217	DB02217	DrugBank	https://go.drugbank.com/drugs/DB02217	Dpb-t
DrugBank_DB06986	DB06986	DrugBank	https://go.drugbank.com/drugs/DB06986	2-chloro-n-[(1r,2r)-1-hydroxy-2,3-dihydro-1h-inden-2-yl]-6h-thieno[2,3-b]pyrrole-5-carboxamide
DrugBank_DB04733	DB04733	DrugBank	https://go.drugbank.com/drugs/DB04733	1,6-di-o-phosphono-d-mannitol
DrugBank_DB12243	DB12243	DrugBank	https://go.drugbank.com/drugs/DB12243	Edaravone
DrugBank_DB01610	DB01610	DrugBank	https://go.drugbank.com/drugs/DB01610	Valganciclovir
DrugBank_DB01251	DB01251	DrugBank	https://go.drugbank.com/drugs/DB01251	Gliquidone
DrugBank_DB03542	DB03542	DrugBank	https://go.drugbank.com/drugs/DB03542	L-myo-inositol-1-phosphate
DrugBank_DB07906	DB07906	DrugBank	https://go.drugbank.com/drugs/DB07906	[(3r)-7-nitro-1,2,3,4-tetrahydroisoquinolin-3-yl]methanol
DrugBank_DB02616	DB02616	DrugBank	https://go.drugbank.com/drugs/DB02616	Fr117016
DrugBank_DB11544	DB11544	DrugBank	https://go.drugbank.com/drugs/DB11544	Salinomycin
DrugBank_DB06940	DB06940	DrugBank	https://go.drugbank.com/drugs/DB06940	N-ethyl-4-{[5-(methoxycarbamoyl)-2-methylphenyl]amino}-5-methylpyrrolo[2,1-f][1,2,4]triazine-6-carboxamide
DrugBank_DB13646	DB13646	DrugBank	https://go.drugbank.com/drugs/DB13646	Saruplase
DrugBank_DB13463	DB13463	DrugBank	https://go.drugbank.com/drugs/DB13463	Oxetorone
DrugBank_DB03479	DB03479	DrugBank	https://go.drugbank.com/drugs/DB03479	8,9,10-trihydroxy-7-hydroxymethyl-3-methyl-6-oxa-1,3-diaza-spiro[4.5]decane-2,4-dione
DrugBank_DB13678	DB13678	DrugBank	https://go.drugbank.com/drugs/DB13678	Dihexyverine
DrugBank_DB13189	DB13189	DrugBank	https://go.drugbank.com/drugs/DB13189	Calcitonin Porcine
DrugBank_DB12736	DB12736	DrugBank	https://go.drugbank.com/drugs/DB12736	Etanidazole
DrugBank_DB06855	DB06855	DrugBank	https://go.drugbank.com/drugs/DB06855	6-fluoro-2-(2-hydroxy-3-isobutoxy-phenyl)-1h-benzoimidazole-5-carboxamidine
DrugBank_DB00463	DB00463	DrugBank	https://go.drugbank.com/drugs/DB00463	Metharbital
DrugBank_DB00258	DB00258	DrugBank	https://go.drugbank.com/drugs/DB00258	Calcium Acetate
DrugBank_DB01485	DB01485	DrugBank	https://go.drugbank.com/drugs/DB01485	4-hydroxytestosterone
DrugBank_DB02396	DB02396	DrugBank	https://go.drugbank.com/drugs/DB02396	Methylethylamine
DrugBank_DB06616	DB06616	DrugBank	https://go.drugbank.com/drugs/DB06616	Bosutinib
DrugBank_DB01535	DB01535	DrugBank	https://go.drugbank.com/drugs/DB01535	Carfentanil
DrugBank_DB04306	DB04306	DrugBank	https://go.drugbank.com/drugs/DB04306	5-[(4-methylphenyl)sulfanyl]-2,4-quinazolinediamine
DrugBank_DB07870	DB07870	DrugBank	https://go.drugbank.com/drugs/DB07870	Haloxyfop-p
DrugBank_DB11771	DB11771	DrugBank	https://go.drugbank.com/drugs/DB11771	Tremelimumab
DrugBank_DB02935	DB02935	DrugBank	https://go.drugbank.com/drugs/DB02935	Diglyme
DrugBank_DB14538	DB14538	DrugBank	https://go.drugbank.com/drugs/DB14538	Hydrocortisone Aceponate
DrugBank_DB03277	DB03277	DrugBank	https://go.drugbank.com/drugs/DB03277	Alpha-maltotriose
DrugBank_DB13886	DB13886	DrugBank	https://go.drugbank.com/drugs/DB13886	Human Cytomegalovirus Immune Globulin
DrugBank_DB03975	DB03975	DrugBank	https://go.drugbank.com/drugs/DB03975	Mercuribenzoic Acid
DrugBank_DB05024	DB05024	DrugBank	https://go.drugbank.com/drugs/DB05024	Cta018
DrugBank_DB07333	DB07333	DrugBank	https://go.drugbank.com/drugs/DB07333	N-(cyclopropylmethyl)-4-(methyloxy)-3-({5-[3-(3-pyridinyl)phenyl]-1,3-oxazol-2-yl}amino)benzenesulfonamide
DrugBank_DB02237	DB02237	DrugBank	https://go.drugbank.com/drugs/DB02237	Maltotetraose
DrugBank_DB09326	DB09326	DrugBank	https://go.drugbank.com/drugs/DB09326	Ammonia N-13
DrugBank_DB08492	DB08492	DrugBank	https://go.drugbank.com/drugs/DB08492	(2e)-3-(2-oct-1-yn-1-ylphenyl)acrylic Acid
DrugBank_DB07979	DB07979	DrugBank	https://go.drugbank.com/drugs/DB07979	(2e)-3-(3,4-dihydroxyphenyl)-2-iminopropanoic Acid
DrugBank_DB00764	DB00764	DrugBank	https://go.drugbank.com/drugs/DB00764	Mometasone
DrugBank_DB13909	DB13909	DrugBank	https://go.drugbank.com/drugs/DB13909	Bismuth Subgallate
DrugBank_DB05303	DB05303	DrugBank	https://go.drugbank.com/drugs/DB05303	Oms-103hp
DrugBank_DB01003	DB01003	DrugBank	https://go.drugbank.com/drugs/DB01003	Cromoglicic Acid
DrugBank_DB07250	DB07250	DrugBank	https://go.drugbank.com/drugs/DB07250	N'-(5-chloro-1,3-benzodioxol-4-yl)-n-(3,4,5- Trimethoxyphenyl)pyrimidine-2,4-diamine
DrugBank_DB08834	DB08834	DrugBank	https://go.drugbank.com/drugs/DB08834	Tauroursodeoxycholic Acid
DrugBank_DB04626	DB04626	DrugBank	https://go.drugbank.com/drugs/DB04626	Apramycin
DrugBank_DB07064	DB07064	DrugBank	https://go.drugbank.com/drugs/DB07064	(4r)-4-(3-hydroxyphenyl)-n,n,7,8-tetramethyl-3,4-dihydroisoquinoline-2(1h)-carboxamide
DrugBank_DB01649	DB01649	DrugBank	https://go.drugbank.com/drugs/DB01649	7-methyl-gpppa
DrugBank_DB12366	DB12366	DrugBank	https://go.drugbank.com/drugs/DB12366	Vestronidase Alfa
DrugBank_DB08490	DB08490	DrugBank	https://go.drugbank.com/drugs/DB08490	Cts-1027
DrugBank_DB04700	DB04700	DrugBank	https://go.drugbank.com/drugs/DB04700	Glutathione Sulfinate
DrugBank_DB13769	DB13769	DrugBank	https://go.drugbank.com/drugs/DB13769	Emetonium Iodide
DrugBank_DB09222	DB09222	DrugBank	https://go.drugbank.com/drugs/DB09222	Fibrinogen Human
DrugBank_DB14811	DB14811	DrugBank	https://go.drugbank.com/drugs/DB14811	Isatuximab
DrugBank_DB11518	DB11518	DrugBank	https://go.drugbank.com/drugs/DB11518	Flunixin
DrugBank_DB00985	DB00985	DrugBank	https://go.drugbank.com/drugs/DB00985	Dimenhydrinate
DrugBank_DB07999	DB07999	DrugBank	https://go.drugbank.com/drugs/DB07999	{4-[(carboxymethoxy)carbonyl]-3,3-dioxido-1-oxonaphtho[1,2-d]isothiazol-2(1h)-yl}acetic Acid
DrugBank_DB02492	DB02492	DrugBank	https://go.drugbank.com/drugs/DB02492	Ghavamiol
DrugBank_DB00082	DB00082	DrugBank	https://go.drugbank.com/drugs/DB00082	Pegvisomant
DrugBank_DB07616	DB07616	DrugBank	https://go.drugbank.com/drugs/DB07616	4-{[4-(4-fluoro-3-methylphenyl)-1,3-thiazol-2-yl]amino}-2-hydroxybenzoic Acid
DrugBank_DB05829	DB05829	DrugBank	https://go.drugbank.com/drugs/DB05829	Parathyroid Hormone
DrugBank_DB12340	DB12340	DrugBank	https://go.drugbank.com/drugs/DB12340	Navitoclax
DrugBank_DB15598	DB15598	DrugBank	https://go.drugbank.com/drugs/DB15598	Ferric Maltol
DrugBank_DB03501	DB03501	DrugBank	https://go.drugbank.com/drugs/DB03501	Galactose-uridine-5'-diphosphate
DrugBank_DB07538	DB07538	DrugBank	https://go.drugbank.com/drugs/DB07538	4-{5-[(z)-(2-imino-4-oxo-1,3-thiazolidin-5-ylidene)methyl]furan-2-yl}-2-(trifluoromethyl)benzenesulfonamide
DrugBank_DB02279	DB02279	DrugBank	https://go.drugbank.com/drugs/DB02279	Benzoylformic Acid
DrugBank_DB03192	DB03192	DrugBank	https://go.drugbank.com/drugs/DB03192	(r)-3-hydroxydecanoyl-coa
DrugBank_DB05101	DB05101	DrugBank	https://go.drugbank.com/drugs/DB05101	Matuzumab
DrugBank_DB08217	DB08217	DrugBank	https://go.drugbank.com/drugs/DB08217	S-[(1-hydroxy-2,2,5,5-tetramethyl-2,5-dihydro-1h-pyrrol-3-yl)methyl] Methanesulfonothioate
DrugBank_DB00711	DB00711	DrugBank	https://go.drugbank.com/drugs/DB00711	Diethylcarbamazine
DrugBank_DB06929	DB06929	DrugBank	https://go.drugbank.com/drugs/DB06929	1-butanoyl-n-(4-carbamimidoylbenzyl)-l-prolinamide
DrugBank_DB06081	DB06081	DrugBank	https://go.drugbank.com/drugs/DB06081	Caplacizumab
DrugBank_DB01740	DB01740	DrugBank	https://go.drugbank.com/drugs/DB01740	4-butyl-5-propyl-1,3-selenazol-2-amine
DrugBank_DB01810	DB01810	DrugBank	https://go.drugbank.com/drugs/DB01810	[1-(1-methyl-4,5-dioxo-pent-2-enylcarbamoyl)-2-phenyl-ethyl]-carbamic Acid Benzyl Ester
DrugBank_DB03988	DB03988	DrugBank	https://go.drugbank.com/drugs/DB03988	2,6-diamino-hexanoic Acid Amide
DrugBank_DB04352	DB04352	DrugBank	https://go.drugbank.com/drugs/DB04352	Beta-d-ribose-5-phosphate
DrugBank_DB05540	DB05540	DrugBank	https://go.drugbank.com/drugs/DB05540	Alanosine
DrugBank_DB13623	DB13623	DrugBank	https://go.drugbank.com/drugs/DB13623	Fabomotizole
DrugBank_DB02852	DB02852	DrugBank	https://go.drugbank.com/drugs/DB02852	Domoic Acid
DrugBank_DB04376	DB04376	DrugBank	https://go.drugbank.com/drugs/DB04376	13-acetylphorbol
DrugBank_DB00797	DB00797	DrugBank	https://go.drugbank.com/drugs/DB00797	Tolazoline
DrugBank_DB13252	DB13252	DrugBank	https://go.drugbank.com/drugs/DB13252	Tropatepine
DrugBank_DB02353	DB02353	DrugBank	https://go.drugbank.com/drugs/DB02353	Heparin Disaccharide Iii-s
DrugBank_DB07174	DB07174	DrugBank	https://go.drugbank.com/drugs/DB07174	6-(2,4-diamino-6-ethylpyrimidin-5-yl)-4-(3-methoxypropyl)-2,2-dimethyl-2h-1,4-benzoxazin-3(4h)-one
DrugBank_DB01042	DB01042	DrugBank	https://go.drugbank.com/drugs/DB01042	Melphalan
DrugBank_DB12037	DB12037	DrugBank	https://go.drugbank.com/drugs/DB12037	Vedroprevir
DrugBank_DB01738	DB01738	DrugBank	https://go.drugbank.com/drugs/DB01738	Phosphorylcolamine
DrugBank_DB04027	DB04027	DrugBank	https://go.drugbank.com/drugs/DB04027	D-arginine
DrugBank_DB11182	DB11182	DrugBank	https://go.drugbank.com/drugs/DB11182	Rose Bengal
DrugBank_DB07974	DB07974	DrugBank	https://go.drugbank.com/drugs/DB07974	1-{2-[(4-chlorophenyl)amino]-2-oxoethyl}-n-(1-isopropylpiperidin-4-yl)-1h-indole-2-carboxamide
DrugBank_DB08848	DB08848	DrugBank	https://go.drugbank.com/drugs/DB08848	Guvacine
DrugBank_DB01110	DB01110	DrugBank	https://go.drugbank.com/drugs/DB01110	Miconazole
DrugBank_DB14513	DB14513	DrugBank	https://go.drugbank.com/drugs/DB14513	Magnesium
DrugBank_DB05120	DB05120	DrugBank	https://go.drugbank.com/drugs/DB05120	At1391
DrugBank_DB01077	DB01077	DrugBank	https://go.drugbank.com/drugs/DB01077	Etidronic Acid
DrugBank_DB01440	DB01440	DrugBank	https://go.drugbank.com/drugs/DB01440	Gamma-hydroxybutyric Acid
DrugBank_DB11421	DB11421	DrugBank	https://go.drugbank.com/drugs/DB11421	Imidacloprid
DrugBank_DB14025	DB14025	DrugBank	https://go.drugbank.com/drugs/DB14025	Clinafloxacin
DrugBank_DB04852	DB04852	DrugBank	https://go.drugbank.com/drugs/DB04852	Implitapide
DrugBank_DB01529	DB01529	DrugBank	https://go.drugbank.com/drugs/DB01529	Dextromoramide
DrugBank_DB00132	DB00132	DrugBank	https://go.drugbank.com/drugs/DB00132	Alpha-linolenic Acid
DrugBank_DB05575	DB05575	DrugBank	https://go.drugbank.com/drugs/DB05575	Motesanib
DrugBank_DB08837	DB08837	DrugBank	https://go.drugbank.com/drugs/DB08837	Tetraethylammonium
DrugBank_DB14637	DB14637	DrugBank	https://go.drugbank.com/drugs/DB14637	Fluprednisolone Acetate
DrugBank_DB07269	DB07269	DrugBank	https://go.drugbank.com/drugs/DB07269	(2s)-2-[3-(aminomethyl)phenyl]-3-[(r)-[(1r)-1-{[(benzyloxy)carbonyl]amino}-2-methylpropyl](hydroxy)phosphoryl]propanoic Acid
DrugBank_DB14752	DB14752	DrugBank	https://go.drugbank.com/drugs/DB14752	Racephedrine
DrugBank_DB04743	DB04743	DrugBank	https://go.drugbank.com/drugs/DB04743	Nimesulide
DrugBank_DB03686	DB03686	DrugBank	https://go.drugbank.com/drugs/DB03686	S-(4-nitrobenzyl)glutathione
DrugBank_DB03390	DB03390	DrugBank	https://go.drugbank.com/drugs/DB03390	(2r,3r)-2,3-dihydroxy-4-oxo-4-(propylamino)butanoic Acid
DrugBank_DB15477	DB15477	DrugBank	https://go.drugbank.com/drugs/DB15477	Alloin
DrugBank_DB06921	DB06921	DrugBank	https://go.drugbank.com/drugs/DB06921	(2s)-2-[3-(aminomethyl)phenyl]-3-[(r)-hydroxy{(1r)-2-methyl-1-[(phenylsulfonyl)amino]propyl}phosphoryl]propanoic Acid
DrugBank_DB03602	DB03602	DrugBank	https://go.drugbank.com/drugs/DB03602	S-benzylglutathione
DrugBank_DB05793	DB05793	DrugBank	https://go.drugbank.com/drugs/DB05793	Pro-542
DrugBank_DB07082	DB07082	DrugBank	https://go.drugbank.com/drugs/DB07082	1,1,1,3,3,3-hexafluoro-2-{4-[(2,2,2-trifluoroethyl)amino]phenyl}propan-2-ol
DrugBank_DB07958	DB07958	DrugBank	https://go.drugbank.com/drugs/DB07958	(2-carbamoylmethyl-5-propyl-octahydro-indol-7-yl)acetic Acid
DrugBank_DB00420	DB00420	DrugBank	https://go.drugbank.com/drugs/DB00420	Promazine
DrugBank_DB02021	DB02021	DrugBank	https://go.drugbank.com/drugs/DB02021	Fidarestat
DrugBank_DB02084	DB02084	DrugBank	https://go.drugbank.com/drugs/DB02084	Cra_17312
DrugBank_DB08875	DB08875	DrugBank	https://go.drugbank.com/drugs/DB08875	Cabozantinib
DrugBank_DB05382	DB05382	DrugBank	https://go.drugbank.com/drugs/DB05382	Iodine
DrugBank_DB02282	DB02282	DrugBank	https://go.drugbank.com/drugs/DB02282	5'-s-methyl-5'-thioadenosine
DrugBank_DB06511	DB06511	DrugBank	https://go.drugbank.com/drugs/DB06511	Amgn-0007
DrugBank_DB13174	DB13174	DrugBank	https://go.drugbank.com/drugs/DB13174	Rhein
DrugBank_DB12425	DB12425	DrugBank	https://go.drugbank.com/drugs/DB12425	Liothyronine I-131
DrugBank_DB00471	DB00471	DrugBank	https://go.drugbank.com/drugs/DB00471	Montelukast
DrugBank_DB03736	DB03736	DrugBank	https://go.drugbank.com/drugs/DB03736	2-cyclopropylmethylenepropanal
DrugBank_DB05069	DB05069	DrugBank	https://go.drugbank.com/drugs/DB05069	Atg003
DrugBank_DB13944	DB13944	DrugBank	https://go.drugbank.com/drugs/DB13944	Testosterone Enanthate
DrugBank_DB07534	DB07534	DrugBank	https://go.drugbank.com/drugs/DB07534	4-{5-[(z)-(2-imino-4-oxo-1,3-thiazolidin-5-ylidene)methyl]furan-2-yl}benzenesulfonamide
DrugBank_DB09371	DB09371	DrugBank	https://go.drugbank.com/drugs/DB09371	Norethynodrel
DrugBank_DB12436	DB12436	DrugBank	https://go.drugbank.com/drugs/DB12436	Vofopitant
DrugBank_DB00387	DB00387	DrugBank	https://go.drugbank.com/drugs/DB00387	Procyclidine
DrugBank_DB13337	DB13337	DrugBank	https://go.drugbank.com/drugs/DB13337	Pheneticillin
DrugBank_DB14481	DB14481	DrugBank	https://go.drugbank.com/drugs/DB14481	Calcium Phosphate Dihydrate
DrugBank_DB07626	DB07626	DrugBank	https://go.drugbank.com/drugs/DB07626	4-(2-aminoethoxy)-n-(3-chloro-2-ethoxy-5-piperidin-1-ylphenyl)-3,5-dimethylbenzamide
DrugBank_DB01051	DB01051	DrugBank	https://go.drugbank.com/drugs/DB01051	Novobiocin
DrugBank_DB00287	DB00287	DrugBank	https://go.drugbank.com/drugs/DB00287	Travoprost
DrugBank_DB11834	DB11834	DrugBank	https://go.drugbank.com/drugs/DB11834	Guselkumab
DrugBank_DB01979	DB01979	DrugBank	https://go.drugbank.com/drugs/DB01979	Methyl Alpha-d-mannoside
DrugBank_DB02264	DB02264	DrugBank	https://go.drugbank.com/drugs/DB02264	O2-sulfo-glucuronic Acid
DrugBank_DB15360	DB15360	DrugBank	https://go.drugbank.com/drugs/DB15360	Carfentanil, C-11
DrugBank_DB08526	DB08526	DrugBank	https://go.drugbank.com/drugs/DB08526	Carbobenzyloxy-(l)-leucinyl-(l)leucinyl Methoxymethylketone
DrugBank_DB11459	DB11459	DrugBank	https://go.drugbank.com/drugs/DB11459	Selamectin
DrugBank_DB12677	DB12677	DrugBank	https://go.drugbank.com/drugs/DB12677	Soblidotin
DrugBank_DB05268	DB05268	DrugBank	https://go.drugbank.com/drugs/DB05268	Ico-007
DrugBank_DB07245	DB07245	DrugBank	https://go.drugbank.com/drugs/DB07245	6-[2-(3'-methoxybiphenyl-3-yl)ethyl]pyridin-2-amine
DrugBank_DB11892	DB11892	DrugBank	https://go.drugbank.com/drugs/DB11892	Prulifloxacin
DrugBank_DB05391	DB05391	DrugBank	https://go.drugbank.com/drugs/DB05391	Liposomal Prostaglandin E1
DrugBank_DB00496	DB00496	DrugBank	https://go.drugbank.com/drugs/DB00496	Darifenacin
DrugBank_DB11936	DB11936	DrugBank	https://go.drugbank.com/drugs/DB11936	Bempedoic Acid
DrugBank_DB11582	DB11582	DrugBank	https://go.drugbank.com/drugs/DB11582	Thiocolchicoside
DrugBank_DB05155	DB05155	DrugBank	https://go.drugbank.com/drugs/DB05155	Cr665
DrugBank_DB05246	DB05246	DrugBank	https://go.drugbank.com/drugs/DB05246	Methsuximide
DrugBank_DB06322	DB06322	DrugBank	https://go.drugbank.com/drugs/DB06322	Carotuximab
DrugBank_DB01671	DB01671	DrugBank	https://go.drugbank.com/drugs/DB01671	P-hydroxymercuribenzoic Acid
DrugBank_DB01685	DB01685	DrugBank	https://go.drugbank.com/drugs/DB01685	Topiroxostat
DrugBank_DB00467	DB00467	DrugBank	https://go.drugbank.com/drugs/DB00467	Enoxacin
DrugBank_DB07147	DB07147	DrugBank	https://go.drugbank.com/drugs/DB07147	Methyl (1r,2s)-2-(hydroxycarbamoyl)-1-{4-[(2-methylquinolin-4-yl)methoxy]benzyl}cyclopropanecarboxylate
DrugBank_DB07675	DB07675	DrugBank	https://go.drugbank.com/drugs/DB07675	(2s)-2-ethoxy-3-{4-[2-(10h-phenoxazin-10-yl)ethoxy]phenyl}propanoic Acid
DrugBank_DB02378	DB02378	DrugBank	https://go.drugbank.com/drugs/DB02378	Mmi-175
DrugBank_DB14897	DB14897	DrugBank	https://go.drugbank.com/drugs/DB14897	Parsatuzumab
DrugBank_DB08893	DB08893	DrugBank	https://go.drugbank.com/drugs/DB08893	Mirabegron
DrugBank_DB00846	DB00846	DrugBank	https://go.drugbank.com/drugs/DB00846	Flurandrenolide
DrugBank_DB04715	DB04715	DrugBank	https://go.drugbank.com/drugs/DB04715	Imidazopyridazin 1
DrugBank_DB08313	DB08313	DrugBank	https://go.drugbank.com/drugs/DB08313	Nocodazole
DrugBank_DB06250	DB06250	DrugBank	https://go.drugbank.com/drugs/DB06250	Fluasterone
DrugBank_DB03033	DB03033	DrugBank	https://go.drugbank.com/drugs/DB03033	4-methoxybenzenesulfinate
DrugBank_DB07212	DB07212	DrugBank	https://go.drugbank.com/drugs/DB07212	N-(7-carbamimidoyl-naphthalen-1-yl)-3-hydroxy-2-methyl-benzamide
DrugBank_DB01215	DB01215	DrugBank	https://go.drugbank.com/drugs/DB01215	Estazolam
DrugBank_DB07525	DB07525	DrugBank	https://go.drugbank.com/drugs/DB07525	3-(3-methoxybenzyl)-1h-pyrrolo[2,3-b]pyridine
DrugBank_DB01434	DB01434	DrugBank	https://go.drugbank.com/drugs/DB01434	19-norandrostenedione
DrugBank_DB03201	DB03201	DrugBank	https://go.drugbank.com/drugs/DB03201	D-cysteine
DrugBank_DB08029	DB08029	DrugBank	https://go.drugbank.com/drugs/DB08029	N~2~-(biphenyl-4-ylsulfonyl)-n-hydroxy-n~2~-(2-hydroxyethyl)glycinamide
DrugBank_DB06710	DB06710	DrugBank	https://go.drugbank.com/drugs/DB06710	Methyltestosterone
DrugBank_DB08140	DB08140	DrugBank	https://go.drugbank.com/drugs/DB08140	5-[(4-aminocyclohexyl)amino]-7-(propan-2-ylamino)pyrazolo[1,5-a]pyrimidine-3-carbonitrile
DrugBank_DB05107	DB05107	DrugBank	https://go.drugbank.com/drugs/DB05107	16-bromoepiandrosterone
DrugBank_DB00933	DB00933	DrugBank	https://go.drugbank.com/drugs/DB00933	Mesoridazine
DrugBank_DB14738	DB14738	DrugBank	https://go.drugbank.com/drugs/DB14738	Turoctocog Alfa Pegol
DrugBank_DB01072	DB01072	DrugBank	https://go.drugbank.com/drugs/DB01072	Atazanavir
DrugBank_DB07866	DB07866	DrugBank	https://go.drugbank.com/drugs/DB07866	(5s)-2-(cyclooctylamino)-5-methyl-5-propyl-1,3-thiazol-4(5h)-one
DrugBank_DB14669	DB14669	DrugBank	https://go.drugbank.com/drugs/DB14669	Betamethasone Phosphate
DrugBank_DB01821	DB01821	DrugBank	https://go.drugbank.com/drugs/DB01821	L-n(omega)-nitroarginine-2,4-l-diaminobutyric Amide
DrugBank_DB00436	DB00436	DrugBank	https://go.drugbank.com/drugs/DB00436	Bendroflumethiazide
DrugBank_DB12930	DB12930	DrugBank	https://go.drugbank.com/drugs/DB12930	Opipramol
DrugBank_DB09113	DB09113	DrugBank	https://go.drugbank.com/drugs/DB09113	Poractant Alfa
DrugBank_DB01250	DB01250	DrugBank	https://go.drugbank.com/drugs/DB01250	Olsalazine
DrugBank_DB10715	DB10715	DrugBank	https://go.drugbank.com/drugs/DB10715	Bouteloua Gracilis Pollen
DrugBank_DB04525	DB04525	DrugBank	https://go.drugbank.com/drugs/DB04525	N-(3-carboxypropanoyl)-l-phenylalanyl-3-carboxy-o-(carboxymethyl)-n-pentyl-l-tyrosinamide
DrugBank_DB06263	DB06263	DrugBank	https://go.drugbank.com/drugs/DB06263	Amrubicin
DrugBank_DB14443	DB14443	DrugBank	https://go.drugbank.com/drugs/DB14443	Vibrio Cholerae Cvd 103-hgr Strain Live Antigen
DrugBank_DB02093	DB02093	DrugBank	https://go.drugbank.com/drugs/DB02093	5-phospho-d-arabinohydroxamic Acid
DrugBank_DB13633	DB13633	DrugBank	https://go.drugbank.com/drugs/DB13633	Mepartricin
DrugBank_DB08823	DB08823	DrugBank	https://go.drugbank.com/drugs/DB08823	Spinosad
DrugBank_DB02869	DB02869	DrugBank	https://go.drugbank.com/drugs/DB02869	3-amino-5-phenylpentane
DrugBank_DB07519	DB07519	DrugBank	https://go.drugbank.com/drugs/DB07519	(6r)-2-amino-6-[2-(3'-methoxybiphenyl-3-yl)ethyl]-3,6-dimethyl-5,6-dihydropyrimidin-4(3h)-one
DrugBank_DB00317	DB00317	DrugBank	https://go.drugbank.com/drugs/DB00317	Gefitinib
DrugBank_DB00819	DB00819	DrugBank	https://go.drugbank.com/drugs/DB00819	Acetazolamide
DrugBank_DB00861	DB00861	DrugBank	https://go.drugbank.com/drugs/DB00861	Diflunisal
DrugBank_DB00684	DB00684	DrugBank	https://go.drugbank.com/drugs/DB00684	Tobramycin
DrugBank_DB00136	DB00136	DrugBank	https://go.drugbank.com/drugs/DB00136	Calcitriol
DrugBank_DB15321	DB15321	DrugBank	https://go.drugbank.com/drugs/DB15321	Tefinostat
DrugBank_DB05916	DB05916	DrugBank	https://go.drugbank.com/drugs/DB05916	Ct-011
DrugBank_DB04083	DB04083	DrugBank	https://go.drugbank.com/drugs/DB04083	N(6)-(pyridoxal Phosphate)-l-lysine
DrugBank_DB13214	DB13214	DrugBank	https://go.drugbank.com/drugs/DB13214	Sulfadicramide
DrugBank_DB08502	DB08502	DrugBank	https://go.drugbank.com/drugs/DB08502	Capravirine
DrugBank_DB10276	DB10276	DrugBank	https://go.drugbank.com/drugs/DB10276	Rotavirus Vaccine
DrugBank_DB11761	DB11761	DrugBank	https://go.drugbank.com/drugs/DB11761	Tenapanor
DrugBank_DB15217	DB15217	DrugBank	https://go.drugbank.com/drugs/DB15217	Gastric Inhibitory Polypeptide
DrugBank_DB13172	DB13172	DrugBank	https://go.drugbank.com/drugs/DB13172	Tunicamycin
DrugBank_DB04883	DB04883	DrugBank	https://go.drugbank.com/drugs/DB04883	Darusentan
DrugBank_DB11832	DB11832	DrugBank	https://go.drugbank.com/drugs/DB11832	Crenolanib
DrugBank_DB08001	DB08001	DrugBank	https://go.drugbank.com/drugs/DB08001	5-(3-{3-[3-hydroxy-2-(methoxycarbonyl)phenoxy]propenyl}phenyl)-4-(hydroxymethyl)isoxazole-3-carboxylic Acid
DrugBank_DB05667	DB05667	DrugBank	https://go.drugbank.com/drugs/DB05667	Levoketoconazole
DrugBank_DB04466	DB04466	DrugBank	https://go.drugbank.com/drugs/DB04466	Sr12813
DrugBank_DB01086	DB01086	DrugBank	https://go.drugbank.com/drugs/DB01086	Benzocaine
DrugBank_DB11400	DB11400	DrugBank	https://go.drugbank.com/drugs/DB11400	Doramectin
DrugBank_DB02198	DB02198	DrugBank	https://go.drugbank.com/drugs/DB02198	2-bromoacetyl Group
DrugBank_DB08768	DB08768	DrugBank	https://go.drugbank.com/drugs/DB08768	N(6)-dimethylallyladenine
DrugBank_DB08398	DB08398	DrugBank	https://go.drugbank.com/drugs/DB08398	2-amino-1-methyl-6-phenylimidazo(4,5-b)pyridine
DrugBank_DB02243	DB02243	DrugBank	https://go.drugbank.com/drugs/DB02243	4-morpholin-4-yl-piperidine-1-carboxylic Acid [1-(3-benzenesulfonyl-1-propyl-allylcarbamoyl)-2-phenylethyl]-amide
DrugBank_DB01347	DB01347	DrugBank	https://go.drugbank.com/drugs/DB01347	Saprisartan
DrugBank_DB01185	DB01185	DrugBank	https://go.drugbank.com/drugs/DB01185	Fluoxymesterone
DrugBank_DB00296	DB00296	DrugBank	https://go.drugbank.com/drugs/DB00296	Ropivacaine
DrugBank_DB14445	DB14445	DrugBank	https://go.drugbank.com/drugs/DB14445	Influenza A Virus A/victoria/210/2009 X-187 (h3n2) Antigen (formaldehyde Inactivated)
DrugBank_DB03483	DB03483	DrugBank	https://go.drugbank.com/drugs/DB03483	(4s)-5-[[(2s)-1-[[(2s)-1-amino-3-[4-[difluoro(phosphono)methyl]phenyl]-1-oxopropan-2-yl]amino]-3-[4-[difluoro(phosphono)methyl]phenyl]-1-oxopropan-2-yl]amino]-4-benzamido-5-oxopentanoic Acid
DrugBank_DB12258	DB12258	DrugBank	https://go.drugbank.com/drugs/DB12258	Abicipar Pegol
DrugBank_DB06944	DB06944	DrugBank	https://go.drugbank.com/drugs/DB06944	N-(3-cyclopropyl-1h-pyrazol-5-yl)-2-(2-naphthyl)acetamide
DrugBank_DB07202	DB07202	DrugBank	https://go.drugbank.com/drugs/DB07202	6-chloro-3-(3-methylisoxazol-5-yl)-4-phenylquinolin-2(1h)-one
DrugBank_DB00299	DB00299	DrugBank	https://go.drugbank.com/drugs/DB00299	Penciclovir
DrugBank_DB04531	DB04531	DrugBank	https://go.drugbank.com/drugs/DB04531	S-benzylcysteine
DrugBank_DB02473	DB02473	DrugBank	https://go.drugbank.com/drugs/DB02473	6-[n-(1-isopropyl-3,4-dihydro-7-isoquinolinyl)carbamyl]-2-naphthalenecarboxamidine
DrugBank_DB02943	DB02943	DrugBank	https://go.drugbank.com/drugs/DB02943	N-(4-aminobutanoyl)-s-(4-methoxybenzyl)-l-cysteinylglycine
DrugBank_DB14028	DB14028	DrugBank	https://go.drugbank.com/drugs/DB14028	Nordazepam
DrugBank_DB00389	DB00389	DrugBank	https://go.drugbank.com/drugs/DB00389	Carbimazole
DrugBank_DB03158	DB03158	DrugBank	https://go.drugbank.com/drugs/DB03158	D-myo-inositol-1,4-bisphosphate
DrugBank_DB02341	DB02341	DrugBank	https://go.drugbank.com/drugs/DB02341	Mdl 101,146
DrugBank_DB04829	DB04829	DrugBank	https://go.drugbank.com/drugs/DB04829	Lysergic Acid Diethylamide
DrugBank_DB13616	DB13616	DrugBank	https://go.drugbank.com/drugs/DB13616	Melagatran
DrugBank_DB03459	DB03459	DrugBank	https://go.drugbank.com/drugs/DB03459	Sparfosic Acid
DrugBank_DB04799	DB04799	DrugBank	https://go.drugbank.com/drugs/DB04799	6-hydroxy-5-undecyl-4,7-benzothiazoledione
DrugBank_DB08362	DB08362	DrugBank	https://go.drugbank.com/drugs/DB08362	N-(3-(8-cyano-4-(phenylamino)pyrazolo[1,5-a][1,3,5]triazin-2-ylamino)phenyl)acetamide
DrugBank_DB08300	DB08300	DrugBank	https://go.drugbank.com/drugs/DB08300	1-methyl-3-naphthalen-2-yl-1h-pyrazolo[3,4-d]pyrimidin-4-amine
DrugBank_DB14231	DB14231	DrugBank	https://go.drugbank.com/drugs/DB14231	Quinoline Yellow Ws
DrugBank_DB15293	DB15293	DrugBank	https://go.drugbank.com/drugs/DB15293	Epalrestat
DrugBank_DB03604	DB03604	DrugBank	https://go.drugbank.com/drugs/DB03604	Tiratricol
DrugBank_DB10966	DB10966	DrugBank	https://go.drugbank.com/drugs/DB10966	Sorghum Bicolor Subsp. Drummondii Pollen
DrugBank_DB03183	DB03183	DrugBank	https://go.drugbank.com/drugs/DB03183	1-(4-aminophenyl)-3,5-dimethyl-1h-pyrazole-4-carboxylic Acid Ethyl Ester
DrugBank_DB09343	DB09343	DrugBank	https://go.drugbank.com/drugs/DB09343	Tipiracil
DrugBank_DB05306	DB05306	DrugBank	https://go.drugbank.com/drugs/DB05306	Alferminogene Tadenovec
DrugBank_DB00735	DB00735	DrugBank	https://go.drugbank.com/drugs/DB00735	Naftifine
DrugBank_DB00474	DB00474	DrugBank	https://go.drugbank.com/drugs/DB00474	Methohexital
DrugBank_DB02530	DB02530	DrugBank	https://go.drugbank.com/drugs/DB02530	Gamma-aminobutyric Acid
DrugBank_DB00912	DB00912	DrugBank	https://go.drugbank.com/drugs/DB00912	Repaglinide
DrugBank_DB04783	DB04783	DrugBank	https://go.drugbank.com/drugs/DB04783	Sphinxolide B
DrugBank_DB00422	DB00422	DrugBank	https://go.drugbank.com/drugs/DB00422	Methylphenidate
DrugBank_DB00213	DB00213	DrugBank	https://go.drugbank.com/drugs/DB00213	Pantoprazole
DrugBank_DB11868	DB11868	DrugBank	https://go.drugbank.com/drugs/DB11868	Etiracetam
DrugBank_DB03368	DB03368	DrugBank	https://go.drugbank.com/drugs/DB03368	5-methyl-5-(4-phenoxy-phenyl)-pyrimidine-2,4,6-trione
DrugBank_DB04310	DB04310	DrugBank	https://go.drugbank.com/drugs/DB04310	2-[(formyl-hydroxy-amino)-methyl]-heptanoic Acid [1-(2-hydroxymethyl-pyrrolidine-1-carbonyl)-2-methyl-propyl]-amide
DrugBank_DB01243	DB01243	DrugBank	https://go.drugbank.com/drugs/DB01243	Chloroxine
DrugBank_DB06231	DB06231	DrugBank	https://go.drugbank.com/drugs/DB06231	Caldaret
DrugBank_DB07323	DB07323	DrugBank	https://go.drugbank.com/drugs/DB07323	2-[({2-[(1z)-3-(dimethylamino)prop-1-enyl]-4-fluorophenyl}sulfonyl)amino]-5,6,7,8-tetrahydronaphthalene-1-carboxylic Acid
DrugBank_DB08304	DB08304	DrugBank	https://go.drugbank.com/drugs/DB08304	(3r)-3-cyclopentyl-7-[(4-methylpiperazin-1-yl)sulfonyl]-3,4-dihydro-2h-1,2-benzothiazine 1,1-dioxide
DrugBank_DB08869	DB08869	DrugBank	https://go.drugbank.com/drugs/DB08869	Tesamorelin
DrugBank_DB09064	DB09064	DrugBank	https://go.drugbank.com/drugs/DB09064	Ciprofibrate
DrugBank_DB06302	DB06302	DrugBank	https://go.drugbank.com/drugs/DB06302	Glesatinib
DrugBank_DB00924	DB00924	DrugBank	https://go.drugbank.com/drugs/DB00924	Cyclobenzaprine
DrugBank_DB05241	DB05241	DrugBank	https://go.drugbank.com/drugs/DB05241	Xl765
DrugBank_DB03707	DB03707	DrugBank	https://go.drugbank.com/drugs/DB03707	S-ethyl-n-phenyl-isothiourea
DrugBank_DB08482	DB08482	DrugBank	https://go.drugbank.com/drugs/DB08482	[[1-[n-hydroxy-acetamidyl]-3-methyl-butyl]-carbonyl-leucinyl]-alanine Ethyl Ester
DrugBank_DB15233	DB15233	DrugBank	https://go.drugbank.com/drugs/DB15233	Avapritinib
DrugBank_DB04739	DB04739	DrugBank	https://go.drugbank.com/drugs/DB04739	4-[(4-methyl-1-piperazinyl)methyl]-n-[3-[[4-(3-pyridinyl)-2-pyrimidinyl]amino]phenyl]-benzamide
DrugBank_DB04394	DB04394	DrugBank	https://go.drugbank.com/drugs/DB04394	3-nitro-4-(2-oxo-pyrrolidin-1-yl)-benzenesulfonamide
DrugBank_DB09183	DB09183	DrugBank	https://go.drugbank.com/drugs/DB09183	Dasabuvir
DrugBank_DB00388	DB00388	DrugBank	https://go.drugbank.com/drugs/DB00388	Phenylephrine
DrugBank_DB00323	DB00323	DrugBank	https://go.drugbank.com/drugs/DB00323	Tolcapone
DrugBank_DB01084	DB01084	DrugBank	https://go.drugbank.com/drugs/DB01084	Emedastine
DrugBank_DB13636	DB13636	DrugBank	https://go.drugbank.com/drugs/DB13636	Etanautine
DrugBank_DB14041	DB14041	DrugBank	https://go.drugbank.com/drugs/DB14041	Fremanezumab
DrugBank_DB03893	DB03893	DrugBank	https://go.drugbank.com/drugs/DB03893	Thionicotinamide-adenine-dinucleotide
DrugBank_DB02795	DB02795	DrugBank	https://go.drugbank.com/drugs/DB02795	P-anisic Acid
DrugBank_DB14017	DB14017	DrugBank	https://go.drugbank.com/drugs/DB14017	H3b-8800
DrugBank_DB13178	DB13178	DrugBank	https://go.drugbank.com/drugs/DB13178	Inositol
DrugBank_DB07379	DB07379	DrugBank	https://go.drugbank.com/drugs/DB07379	(2s)-2-({6-[(3-amino-5-chlorophenyl)amino]-9-isopropyl-9h-purin-2-yl}amino)-3-methyl-1-butanol
DrugBank_DB07133	DB07133	DrugBank	https://go.drugbank.com/drugs/DB07133	D-phenylalanyl-n-(3-methylbenzyl)-l-prolinamide
DrugBank_DB00560	DB00560	DrugBank	https://go.drugbank.com/drugs/DB00560	Tigecycline
DrugBank_DB04676	DB04676	DrugBank	https://go.drugbank.com/drugs/DB04676	Dansyllysine
DrugBank_DB01047	DB01047	DrugBank	https://go.drugbank.com/drugs/DB01047	Fluocinonide
DrugBank_DB05131	DB05131	DrugBank	https://go.drugbank.com/drugs/DB05131	Ttp889
DrugBank_DB00913	DB00913	DrugBank	https://go.drugbank.com/drugs/DB00913	Anileridine
DrugBank_DB04137	DB04137	DrugBank	https://go.drugbank.com/drugs/DB04137	Guanosine-5'-triphosphate
DrugBank_DB07802	DB07802	DrugBank	https://go.drugbank.com/drugs/DB07802	3,8-dibromo-7-hydroxy-4-methyl-2h-chromen-2-one
DrugBank_DB13526	DB13526	DrugBank	https://go.drugbank.com/drugs/DB13526	Pentaerithrityl
DrugBank_DB14034	DB14034	DrugBank	https://go.drugbank.com/drugs/DB14034	Darglitazone
DrugBank_DB00214	DB00214	DrugBank	https://go.drugbank.com/drugs/DB00214	Torasemide
DrugBank_DB02585	DB02585	DrugBank	https://go.drugbank.com/drugs/DB02585	4-(hydroxymethyl)benzamidine
DrugBank_DB00812	DB00812	DrugBank	https://go.drugbank.com/drugs/DB00812	Phenylbutazone
DrugBank_DB06226	DB06226	DrugBank	https://go.drugbank.com/drugs/DB06226	Nelipepimut-s
DrugBank_DB01430	DB01430	DrugBank	https://go.drugbank.com/drugs/DB01430	Almitrine
DrugBank_DB05487	DB05487	DrugBank	https://go.drugbank.com/drugs/DB05487	Custirsen
DrugBank_DB00086	DB00086	DrugBank	https://go.drugbank.com/drugs/DB00086	Streptokinase
DrugBank_DB01734	DB01734	DrugBank	https://go.drugbank.com/drugs/DB01734	3-(oxalyl-amino)-naphthalene-2-carboxylic Acid
DrugBank_DB06908	DB06908	DrugBank	https://go.drugbank.com/drugs/DB06908	(2s)-3-(1-{[2-(2-chlorophenyl)-5-methyl-1,3-oxazol-4-yl]methyl}-1h-indol-5-yl)-2-ethoxypropanoic Acid
DrugBank_DB00574	DB00574	DrugBank	https://go.drugbank.com/drugs/DB00574	Fenfluramine
DrugBank_DB02178	DB02178	DrugBank	https://go.drugbank.com/drugs/DB02178	Phenylacetaldehyde
DrugBank_DB00821	DB00821	DrugBank	https://go.drugbank.com/drugs/DB00821	Carprofen
DrugBank_DB11858	DB11858	DrugBank	https://go.drugbank.com/drugs/DB11858	Leukotriene D4
DrugBank_DB01445	DB01445	DrugBank	https://go.drugbank.com/drugs/DB01445	Bufotenine
DrugBank_DB06181	DB06181	DrugBank	https://go.drugbank.com/drugs/DB06181	Imo-2055
DrugBank_DB08241	DB08241	DrugBank	https://go.drugbank.com/drugs/DB08241	4-(6-cyclohexylmethoxy-9h-purin-2-ylamino)--benzamide
DrugBank_DB06495	DB06495	DrugBank	https://go.drugbank.com/drugs/DB06495	Onercept
DrugBank_DB07080	DB07080	DrugBank	https://go.drugbank.com/drugs/DB07080	To-901317
DrugBank_DB00910	DB00910	DrugBank	https://go.drugbank.com/drugs/DB00910	Paricalcitol
DrugBank_DB00519	DB00519	DrugBank	https://go.drugbank.com/drugs/DB00519	Trandolapril
DrugBank_DB09021	DB09021	DrugBank	https://go.drugbank.com/drugs/DB09021	Benzoctamine
DrugBank_DB07105	DB07105	DrugBank	https://go.drugbank.com/drugs/DB07105	2-[2-(4-chloro-phenylsulfanyl)-acetylamino]-3-(4-guanidino-phenyl)-propionamide
DrugBank_DB07862	DB07862	DrugBank	https://go.drugbank.com/drugs/DB07862	7-(1-ethyl-propyl)-7h-pyrrolo-[3,2-f]quinazoline-1,3-diamine
DrugBank_DB14479	DB14479	DrugBank	https://go.drugbank.com/drugs/DB14479	Acetylcysteine Zinc
DrugBank_DB07628	DB07628	DrugBank	https://go.drugbank.com/drugs/DB07628	6-(2-fluorobenzyl)-2,4-dimethyl-4,6-dihydro-5h-thieno[2',3':4,5]pyrrolo[2,3-d]pyridazin-5-one
DrugBank_DB02340	DB02340	DrugBank	https://go.drugbank.com/drugs/DB02340	N-acetyl-serine
DrugBank_DB13304	DB13304	DrugBank	https://go.drugbank.com/drugs/DB13304	Triaziquone
DrugBank_DB02803	DB02803	DrugBank	https://go.drugbank.com/drugs/DB02803	3-phenyl-1,2-propandiol
DrugBank_DB04542	DB04542	DrugBank	https://go.drugbank.com/drugs/DB04542	Zidovudine Diphosphate
DrugBank_DB02665	DB02665	DrugBank	https://go.drugbank.com/drugs/DB02665	(1r,2s)-2-phenylcyclopropanaminium
DrugBank_DB04722	DB04722	DrugBank	https://go.drugbank.com/drugs/DB04722	2-[3-chloro-6-[2,2-difluoro-2-(1-oxidopyridin-1-ium-2-yl)ethyl]imino-1-hydroxypyridin-2-yl]-n-[(1r)-1-(3-chlorophenyl)ethyl]acetamide
DrugBank_DB06249	DB06249	DrugBank	https://go.drugbank.com/drugs/DB06249	Arzoxifene
DrugBank_DB02633	DB02633	DrugBank	https://go.drugbank.com/drugs/DB02633	Cibacron Blue
DrugBank_DB00703	DB00703	DrugBank	https://go.drugbank.com/drugs/DB00703	Methazolamide
DrugBank_DB05461	DB05461	DrugBank	https://go.drugbank.com/drugs/DB05461	Opc-28326
DrugBank_DB09307	DB09307	DrugBank	https://go.drugbank.com/drugs/DB09307	Oxaprotiline
DrugBank_DB08927	DB08927	DrugBank	https://go.drugbank.com/drugs/DB08927	Amperozide
DrugBank_DB02656	DB02656	DrugBank	https://go.drugbank.com/drugs/DB02656	Ly-294002
DrugBank_DB03867	DB03867	DrugBank	https://go.drugbank.com/drugs/DB03867	3-nitro-l-tyrosine
DrugBank_DB07107	DB07107	DrugBank	https://go.drugbank.com/drugs/DB07107	(1s)-2-(1h-indol-3-yl)-1-[({5-[(e)-2-pyridin-4-ylvinyl]pyridin-3-yl}oxy)methyl]ethylamine
DrugBank_DB04791	DB04791	DrugBank	https://go.drugbank.com/drugs/DB04791	2-o-(4'-amidinophenyl)-5-o-(3''-amidinophenyl)-1,4:3,6-dianhydro-d-sorbitol
DrugBank_DB01826	DB01826	DrugBank	https://go.drugbank.com/drugs/DB01826	N-butyl Isocyanide
DrugBank_DB11130	DB11130	DrugBank	https://go.drugbank.com/drugs/DB11130	Opium
DrugBank_DB04165	DB04165	DrugBank	https://go.drugbank.com/drugs/DB04165	Valpromide
DrugBank_DB12791	DB12791	DrugBank	https://go.drugbank.com/drugs/DB12791	Laninamivir
DrugBank_DB01834	DB01834	DrugBank	https://go.drugbank.com/drugs/DB01834	(9r,10r)-9-(s-glutathionyl)-10-hydroxy-9,10-dihydrophenanthrene
DrugBank_DB04763	DB04763	DrugBank	https://go.drugbank.com/drugs/DB04763	1-n-(4-sulfamoylphenyl-ethyl)-2,4,6-trimethylpyridinium
DrugBank_DB11380	DB11380	DrugBank	https://go.drugbank.com/drugs/DB11380	Cambendazole
DrugBank_DB03516	DB03516	DrugBank	https://go.drugbank.com/drugs/DB03516	Eniluracil
DrugBank_DB02447	DB02447	DrugBank	https://go.drugbank.com/drugs/DB02447	3,8,9,10-tetrahydroxy-7-hydroxymethyl-6-oxa-1,3-diaza-spiro[4.5]decane-2,4-dione
DrugBank_DB02420	DB02420	DrugBank	https://go.drugbank.com/drugs/DB02420	[[4-(aminomethyl)phenyl]amino]oxo-acetic Acid,
DrugBank_DB01723	DB01723	DrugBank	https://go.drugbank.com/drugs/DB01723	{3-[3-(3,4-dimethoxy-phenyl)-1-(1-{1-[2-(3,4,5-trimethoxy-phenyl)-butyryl]-piperidin-2yl}-vinyloxy)-propyl]-phenoxy}-acetic Acid
DrugBank_DB12341	DB12341	DrugBank	https://go.drugbank.com/drugs/DB12341	Ly-2456302
DrugBank_DB08913	DB08913	DrugBank	https://go.drugbank.com/drugs/DB08913	Radium Ra 223 Dichloride
DrugBank_DB02855	DB02855	DrugBank	https://go.drugbank.com/drugs/DB02855	N-(3-propylcarbamoyloxirane-2-carbonyl)-isoleucyl-proline
DrugBank_DB04781	DB04781	DrugBank	https://go.drugbank.com/drugs/DB04781	5-hydroxyvaleric Acid
DrugBank_DB12070	DB12070	DrugBank	https://go.drugbank.com/drugs/DB12070	Letermovir
DrugBank_DB00167	DB00167	DrugBank	https://go.drugbank.com/drugs/DB00167	Isoleucine
DrugBank_DB00201	DB00201	DrugBank	https://go.drugbank.com/drugs/DB00201	Caffeine
DrugBank_DB01692	DB01692	DrugBank	https://go.drugbank.com/drugs/DB01692	Dithioerythritol
DrugBank_DB00769	DB00769	DrugBank	https://go.drugbank.com/drugs/DB00769	Hydrocortamate
DrugBank_DB02304	DB02304	DrugBank	https://go.drugbank.com/drugs/DB02304	Prostaglandin B2
DrugBank_DB06589	DB06589	DrugBank	https://go.drugbank.com/drugs/DB06589	Pazopanib
DrugBank_DB00923	DB00923	DrugBank	https://go.drugbank.com/drugs/DB00923	Ceforanide
DrugBank_DB14938	DB14938	DrugBank	https://go.drugbank.com/drugs/DB14938	Flurbiprofen Axetil
DrugBank_DB07654	DB07654	DrugBank	https://go.drugbank.com/drugs/DB07654	(5,6-diphenyl-furo[2,3-d]pyrimidin-4-ylamino)-acetic
DrugBank_DB07545	DB07545	DrugBank	https://go.drugbank.com/drugs/DB07545	N-{3-[(4-{[3-(trifluoromethyl)phenyl]amino}pyrimidin-2-yl)amino]phenyl}cyclopropanecarboxamide
DrugBank_DB08635	DB08635	DrugBank	https://go.drugbank.com/drugs/DB08635	N-(trans-4'-nitro-4-stilbenyl)-n-methyl-5-amino-pentanoic Acid
DrugBank_DB00398	DB00398	DrugBank	https://go.drugbank.com/drugs/DB00398	Sorafenib
DrugBank_DB02249	DB02249	DrugBank	https://go.drugbank.com/drugs/DB02249	2-ethoxyethanol
DrugBank_DB06264	DB06264	DrugBank	https://go.drugbank.com/drugs/DB06264	Tolperisone
DrugBank_DB14031	DB14031	DrugBank	https://go.drugbank.com/drugs/DB14031	Tretamine
DrugBank_DB08560	DB08560	DrugBank	https://go.drugbank.com/drugs/DB08560	3-fluoro-n-[1-(4-fluorophenyl)-3-(2-thienyl)-1h-pyrazol-5-yl]benzenesulfonamide
DrugBank_DB08083	DB08083	DrugBank	https://go.drugbank.com/drugs/DB08083	2-(1,3-thiazol-4-yl)-1h-benzimidazole-5-sulfonamide
DrugBank_DB08487	DB08487	DrugBank	https://go.drugbank.com/drugs/DB08487	3-({4-[(6-chloro-1-benzothien-2-yl)sulfonyl]-2-oxopiperazin-1-yl}methyl)benzenecarboximidamide
DrugBank_DB13719	DB13719	DrugBank	https://go.drugbank.com/drugs/DB13719	Trolnitrate
DrugBank_DB03173	DB03173	DrugBank	https://go.drugbank.com/drugs/DB03173	Cra_10433
DrugBank_DB05220	DB05220	DrugBank	https://go.drugbank.com/drugs/DB05220	Alisertib
DrugBank_DB12409	DB12409	DrugBank	https://go.drugbank.com/drugs/DB12409	Vatreptacog Alfa
DrugBank_DB14013	DB14013	DrugBank	https://go.drugbank.com/drugs/DB14013	Sr-9009
DrugBank_DB06948	DB06948	DrugBank	https://go.drugbank.com/drugs/DB06948	2-anilino-6-cyclohexylmethoxypurine
DrugBank_DB01401	DB01401	DrugBank	https://go.drugbank.com/drugs/DB01401	Choline Magnesium Trisalicylate
DrugBank_DB06802	DB06802	DrugBank	https://go.drugbank.com/drugs/DB06802	Nepafenac
DrugBank_DB00872	DB00872	DrugBank	https://go.drugbank.com/drugs/DB00872	Conivaptan
DrugBank_DB01800	DB01800	DrugBank	https://go.drugbank.com/drugs/DB01800	4-nitrocatechol Sulfate
DrugBank_DB03179	DB03179	DrugBank	https://go.drugbank.com/drugs/DB03179	Sinapoyl Coenzyme A
DrugBank_DB13751	DB13751	DrugBank	https://go.drugbank.com/drugs/DB13751	Glycyrrhizic Acid
DrugBank_DB14583	DB14583	DrugBank	https://go.drugbank.com/drugs/DB14583	Segesterone Acetate
DrugBank_DB06962	DB06962	DrugBank	https://go.drugbank.com/drugs/DB06962	Jnj-27390467
DrugBank_DB14086	DB14086	DrugBank	https://go.drugbank.com/drugs/DB14086	Cianidanol
DrugBank_DB06887	DB06887	DrugBank	https://go.drugbank.com/drugs/DB06887	[(3s)-3-(methylcarbamoyl)-2-{[(2-methyl-2-propanyl)oxy]carbonyl}-1,2,3,4-tetrahydro-7-isoquinolinyl]sulfamic Acid
DrugBank_DB11095	DB11095	DrugBank	https://go.drugbank.com/drugs/DB11095	Desirudin
DrugBank_DB13517	DB13517	DrugBank	https://go.drugbank.com/drugs/DB13517	Angiotensinamide
DrugBank_DB07836	DB07836	DrugBank	https://go.drugbank.com/drugs/DB07836	1-decyl-3-trifluoro Ethyl-sn-glycero-2-phosphomethanol
DrugBank_DB07858	DB07858	DrugBank	https://go.drugbank.com/drugs/DB07858	(2s)-2-(4-chlorophenyl)-2-[4-(1h-pyrazol-4-yl)phenyl]ethanamine
DrugBank_DB01992	DB01992	DrugBank	https://go.drugbank.com/drugs/DB01992	Coenzyme A
DrugBank_DB08295	DB08295	DrugBank	https://go.drugbank.com/drugs/DB08295	4-hydroxy-3-nitrophenylacetyl-epsilon-aminocaproic Acid Anion
DrugBank_DB04608	DB04608	DrugBank	https://go.drugbank.com/drugs/DB04608	9-hydroxy-4-phenyl-6h-pyrrolo[3,4-c]carbazole-1,3-dione
DrugBank_DB01340	DB01340	DrugBank	https://go.drugbank.com/drugs/DB01340	Cilazapril
DrugBank_DB12991	DB12991	DrugBank	https://go.drugbank.com/drugs/DB12991	Deoxyspergualin
DrugBank_DB00187	DB00187	DrugBank	https://go.drugbank.com/drugs/DB00187	Esmolol
DrugBank_DB04295	DB04295	DrugBank	https://go.drugbank.com/drugs/DB04295	N-(benzoylcarbamoyl)-beta-d-glucopyranosylamine
DrugBank_DB13511	DB13511	DrugBank	https://go.drugbank.com/drugs/DB13511	Clebopride
DrugBank_DB08814	DB08814	DrugBank	https://go.drugbank.com/drugs/DB08814	Triflusal
DrugBank_DB02431	DB02431	DrugBank	https://go.drugbank.com/drugs/DB02431	Cytidine-5'-triphosphate
DrugBank_DB01832	DB01832	DrugBank	https://go.drugbank.com/drugs/DB01832	4-[hydroxy-[methyl-phosphinoyl]]-3-oxo-butanoic Acid
DrugBank_DB07127	DB07127	DrugBank	https://go.drugbank.com/drugs/DB07127	{4-[2,2-bis(5-methyl-1,2,4-oxadiazol-3-yl)-3-phenylpropyl]phenyl}sulfamic Acid
DrugBank_DB00984	DB00984	DrugBank	https://go.drugbank.com/drugs/DB00984	Nandrolone Phenpropionate
DrugBank_DB05339	DB05339	DrugBank	https://go.drugbank.com/drugs/DB05339	Mn-305
DrugBank_DB03808	DB03808	DrugBank	https://go.drugbank.com/drugs/DB03808	Hexamidine
DrugBank_DB11219	DB11219	DrugBank	https://go.drugbank.com/drugs/DB11219	Enzacamene
DrugBank_DB01624	DB01624	DrugBank	https://go.drugbank.com/drugs/DB01624	Zuclopenthixol
DrugBank_DB04424	DB04424	DrugBank	https://go.drugbank.com/drugs/DB04424	Rpr128515
DrugBank_DB03802	DB03802	DrugBank	https://go.drugbank.com/drugs/DB03802	1-[4-(octahydro-pyrido[1,2-a]pyrazin-2-yl)-phenyl]-2-phenyl-1,2,3,4-tetrahydro-isoquinolin-6-ol
DrugBank_DB08791	DB08791	DrugBank	https://go.drugbank.com/drugs/DB08791	1-[(2-nitrophenyl)sulfonyl]-1h-pyrrolo[3,2-b]pyridine-6-carboxamide
DrugBank_DB08611	DB08611	DrugBank	https://go.drugbank.com/drugs/DB08611	2-[(2',3',4'-trifluorobiphenyl-2-yl)oxy]ethanol
DrugBank_DB08883	DB08883	DrugBank	https://go.drugbank.com/drugs/DB08883	Perampanel
DrugBank_DB08247	DB08247	DrugBank	https://go.drugbank.com/drugs/DB08247	6-(cyclohexylmethoxy)-8-isopropyl-9h-purin-2-amine
DrugBank_DB09048	DB09048	DrugBank	https://go.drugbank.com/drugs/DB09048	Netupitant
DrugBank_DB11795	DB11795	DrugBank	https://go.drugbank.com/drugs/DB11795	Gsk-2636771
DrugBank_DB06918	DB06918	DrugBank	https://go.drugbank.com/drugs/DB06918	2-(2-methylphenyl)-1h-indole-6-carboximidamide
DrugBank_DB04069	DB04069	DrugBank	https://go.drugbank.com/drugs/DB04069	5,6-dihydro-benzo[h]cinnolin-3-ylamine
DrugBank_DB08903	DB08903	DrugBank	https://go.drugbank.com/drugs/DB08903	Bedaquiline
DrugBank_DB00180	DB00180	DrugBank	https://go.drugbank.com/drugs/DB00180	Flunisolide
DrugBank_DB01020	DB01020	DrugBank	https://go.drugbank.com/drugs/DB01020	Isosorbide Mononitrate
DrugBank_DB00350	DB00350	DrugBank	https://go.drugbank.com/drugs/DB00350	Minoxidil
DrugBank_DB12902	DB12902	DrugBank	https://go.drugbank.com/drugs/DB12902	Trofosfamide
DrugBank_DB01036	DB01036	DrugBank	https://go.drugbank.com/drugs/DB01036	Tolterodine
DrugBank_DB05249	DB05249	DrugBank	https://go.drugbank.com/drugs/DB05249	Favid
DrugBank_DB11404	DB11404	DrugBank	https://go.drugbank.com/drugs/DB11404	Enrofloxacin
DrugBank_DB13615	DB13615	DrugBank	https://go.drugbank.com/drugs/DB13615	Mifamurtide
DrugBank_DB06836	DB06836	DrugBank	https://go.drugbank.com/drugs/DB06836	N-(5-{4-chloro-3-[(2-hydroxyethyl)sulfamoyl]phenyl}-4-methyl-1,3-thiazol-2-yl)acetamide
DrugBank_DB04926	DB04926	DrugBank	https://go.drugbank.com/drugs/DB04926	Neramexane
DrugBank_DB04865	DB04865	DrugBank	https://go.drugbank.com/drugs/DB04865	Omacetaxine Mepesuccinate
DrugBank_DB02644	DB02644	DrugBank	https://go.drugbank.com/drugs/DB02644	N-omega-propyl-l-arginine
DrugBank_DB15090	DB15090	DrugBank	https://go.drugbank.com/drugs/DB15090	Tezepelumab
DrugBank_DB05459	DB05459	DrugBank	https://go.drugbank.com/drugs/DB05459	Briakinumab
DrugBank_DB04901	DB04901	DrugBank	https://go.drugbank.com/drugs/DB04901	Galiximab
DrugBank_DB08619	DB08619	DrugBank	https://go.drugbank.com/drugs/DB08619	Testosterone Succinate
DrugBank_DB05992	DB05992	DrugBank	https://go.drugbank.com/drugs/DB05992	Plinabulin
DrugBank_DB08865	DB08865	DrugBank	https://go.drugbank.com/drugs/DB08865	Crizotinib
DrugBank_DB07702	DB07702	DrugBank	https://go.drugbank.com/drugs/DB07702	17alpha-estriol
DrugBank_DB04701	DB04701	DrugBank	https://go.drugbank.com/drugs/DB04701	S-methyl Glutathione
DrugBank_DB15328	DB15328	DrugBank	https://go.drugbank.com/drugs/DB15328	Ubrogepant
DrugBank_DB05771	DB05771	DrugBank	https://go.drugbank.com/drugs/DB05771	Lll-3348
DrugBank_DB08214	DB08214	DrugBank	https://go.drugbank.com/drugs/DB08214	4-(1h-imidazol-1-yl)phenol
DrugBank_DB07197	DB07197	DrugBank	https://go.drugbank.com/drugs/DB07197	4-bromo-3-(carboxymethoxy)-5-(4-hydroxyphenyl)thiophene-2-carboxylic Acid
DrugBank_DB00613	DB00613	DrugBank	https://go.drugbank.com/drugs/DB00613	Amodiaquine
DrugBank_DB07204	DB07204	DrugBank	https://go.drugbank.com/drugs/DB07204	(1s)-1-(1h-indol-3-ylmethyl)-2-(2-pyridin-4-yl-[1,7]naphtyridin-5-yloxy)-ehylamine
DrugBank_DB00196	DB00196	DrugBank	https://go.drugbank.com/drugs/DB00196	Fluconazole
DrugBank_DB05996	DB05996	DrugBank	https://go.drugbank.com/drugs/DB05996	Glembatumumab Vedotin
DrugBank_DB11278	DB11278	DrugBank	https://go.drugbank.com/drugs/DB11278	Dl-methylephedrine
DrugBank_DB13720	DB13720	DrugBank	https://go.drugbank.com/drugs/DB13720	Diphemanil
DrugBank_DB13554	DB13554	DrugBank	https://go.drugbank.com/drugs/DB13554	Moperone
DrugBank_DB04821	DB04821	DrugBank	https://go.drugbank.com/drugs/DB04821	Nomifensine
DrugBank_DB12108	DB12108	DrugBank	https://go.drugbank.com/drugs/DB12108	Taselisib
DrugBank_DB06372	DB06372	DrugBank	https://go.drugbank.com/drugs/DB06372	Rilonacept
DrugBank_DB15383	DB15383	DrugBank	https://go.drugbank.com/drugs/DB15383	Pidilizumab
DrugBank_DB08734	DB08734	DrugBank	https://go.drugbank.com/drugs/DB08734	6,6-dimethyl-1-[3-(2,4,5-trichlorophenoxy)propoxy]-1,6-dihydro-1,3,5-triazine-2,4-diamine
DrugBank_DB07926	DB07926	DrugBank	https://go.drugbank.com/drugs/DB07926	N-[3-(n'-hydroxycarboxamido)-2-(2-methylpropyl)-propanoyl]-o-tyrosine-n-methylamide
DrugBank_DB07011	DB07011	DrugBank	https://go.drugbank.com/drugs/DB07011	(3s)-1-(1,3-benzodioxol-5-ylmethyl)-3-[4-(1h-imidazol-1-yl)phenoxy]piperidine
DrugBank_DB00907	DB00907	DrugBank	https://go.drugbank.com/drugs/DB00907	Cocaine
DrugBank_DB07838	DB07838	DrugBank	https://go.drugbank.com/drugs/DB07838	(z)-3-benzyl-5-(2-hydroxy-3-nitrobenzylidene)-2-thioxothiazolidin-4-one
DrugBank_DB09117	DB09117	DrugBank	https://go.drugbank.com/drugs/DB09117	Paraldehyde
DrugBank_DB01373	DB01373	DrugBank	https://go.drugbank.com/drugs/DB01373	Calcium
DrugBank_DB13359	DB13359	DrugBank	https://go.drugbank.com/drugs/DB13359	Magnesium Aspartate
DrugBank_DB13614	DB13614	DrugBank	https://go.drugbank.com/drugs/DB13614	Metizoline
DrugBank_DB08461	DB08461	DrugBank	https://go.drugbank.com/drugs/DB08461	3-[(4-amino-1-tert-butyl-1h-pyrazolo[3,4-d]pyrimidin-3-yl)methyl]phenol
DrugBank_DB13136	DB13136	DrugBank	https://go.drugbank.com/drugs/DB13136	Fluindione
DrugBank_DB04478	DB04478	DrugBank	https://go.drugbank.com/drugs/DB04478	Cp-166572, 2-hydroxymethyl-4-(4-n,n-dimethylaminosulfonyl-1-piperazino)-pyrimidine
DrugBank_DB05507	DB05507	DrugBank	https://go.drugbank.com/drugs/DB05507	Vx-765
DrugBank_DB00686	DB00686	DrugBank	https://go.drugbank.com/drugs/DB00686	Pentosan Polysulfate
DrugBank_DB07400	DB07400	DrugBank	https://go.drugbank.com/drugs/DB07400	1-ethoxycarbonyl-d-phe-pro-2(4-aminobutyl)hydrazine
DrugBank_DB03345	DB03345	DrugBank	https://go.drugbank.com/drugs/DB03345	Mercaptoethanol
DrugBank_DB11073	DB11073	DrugBank	https://go.drugbank.com/drugs/DB11073	Cetylpyridinium
DrugBank_DB08293	DB08293	DrugBank	https://go.drugbank.com/drugs/DB08293	(5e)-12-chloro-13,15-dihydroxy-4,7,8,9-tetrahydro-2-benzoxacyclotridecine-1,10(3h,11h)-dione
DrugBank_DB11945	DB11945	DrugBank	https://go.drugbank.com/drugs/DB11945	Avelumab
DrugBank_DB01752	DB01752	DrugBank	https://go.drugbank.com/drugs/DB01752	S-adenosyl-l-homocysteine
DrugBank_DB07522	DB07522	DrugBank	https://go.drugbank.com/drugs/DB07522	N-[(2r,3s)-3-amino-2-hydroxy-4-phenylbutyl]naphthalene-2-sulfonamide
DrugBank_DB03267	DB03267	DrugBank	https://go.drugbank.com/drugs/DB03267	1-allyl-3-butyl-8-(n-acetyl-4-aminobenzyl)-xanthine
DrugBank_DB06859	DB06859	DrugBank	https://go.drugbank.com/drugs/DB06859	N-allyl-5-amidinoaminooxy-propyloxy-3-chloro-n-cyclopentylbenzamide
DrugBank_DB06793	DB06793	DrugBank	https://go.drugbank.com/drugs/DB06793	Levopropoxyphene
DrugBank_DB13947	DB13947	DrugBank	https://go.drugbank.com/drugs/DB13947	Testosterone Enantate Benzilic Acid Hydrazone
DrugBank_DB11633	DB11633	DrugBank	https://go.drugbank.com/drugs/DB11633	Isavuconazole
DrugBank_DB13580	DB13580	DrugBank	https://go.drugbank.com/drugs/DB13580	Succinylsulfathiazole
DrugBank_DB13151	DB13151	DrugBank	https://go.drugbank.com/drugs/DB13151	Anti-inhibitor Coagulant Complex
DrugBank_DB07767	DB07767	DrugBank	https://go.drugbank.com/drugs/DB07767	Ferulic Acid
DrugBank_DB07664	DB07664	DrugBank	https://go.drugbank.com/drugs/DB07664	K-00546
DrugBank_DB13420	DB13420	DrugBank	https://go.drugbank.com/drugs/DB13420	Thiazinam
DrugBank_DB14765	DB14765	DrugBank	https://go.drugbank.com/drugs/DB14765	Rivoceranib
DrugBank_DB02459	DB02459	DrugBank	https://go.drugbank.com/drugs/DB02459	4-guanidinobenzoic Acid
DrugBank_DB13437	DB13437	DrugBank	https://go.drugbank.com/drugs/DB13437	Medazepam
DrugBank_DB00839	DB00839	DrugBank	https://go.drugbank.com/drugs/DB00839	Tolazamide
DrugBank_DB01268	DB01268	DrugBank	https://go.drugbank.com/drugs/DB01268	Sunitinib
DrugBank_DB08839	DB08839	DrugBank	https://go.drugbank.com/drugs/DB08839	Serotonin
DrugBank_DB11716	DB11716	DrugBank	https://go.drugbank.com/drugs/DB11716	Misonidazole
DrugBank_DB03588	DB03588	DrugBank	https://go.drugbank.com/drugs/DB03588	Diphenylacetic Acid
DrugBank_DB00393	DB00393	DrugBank	https://go.drugbank.com/drugs/DB00393	Nimodipine
DrugBank_DB02263	DB02263	DrugBank	https://go.drugbank.com/drugs/DB02263	Glyceraldehyde-3-phosphate
DrugBank_DB08882	DB08882	DrugBank	https://go.drugbank.com/drugs/DB08882	Linagliptin
DrugBank_DB13605	DB13605	DrugBank	https://go.drugbank.com/drugs/DB13605	Phenoperidine
DrugBank_DB12057	DB12057	DrugBank	https://go.drugbank.com/drugs/DB12057	Orm-12741
DrugBank_DB13776	DB13776	DrugBank	https://go.drugbank.com/drugs/DB13776	Ibacitabine
DrugBank_DB07697	DB07697	DrugBank	https://go.drugbank.com/drugs/DB07697	1-(2,3-dihydro-1,4-benzodioxin-6-ylsulfonyl)-4-[(4-methoxyphenyl)sulfonyl]piperazine
DrugBank_DB03396	DB03396	DrugBank	https://go.drugbank.com/drugs/DB03396	(2r,3r,4s,5r,6e)-3,4,5-trihydroxy-n-[(3s,6r)-6-hydroxy-2-oxo-3-azepanyl]-2-methoxy-8,8-dimethyl-6-nonenamide
DrugBank_DB12480	DB12480	DrugBank	https://go.drugbank.com/drugs/DB12480	Betulinic Acid
DrugBank_DB06356	DB06356	DrugBank	https://go.drugbank.com/drugs/DB06356	Trc093
DrugBank_DB06723	DB06723	DrugBank	https://go.drugbank.com/drugs/DB06723	Aluminum Hydroxide
DrugBank_DB08871	DB08871	DrugBank	https://go.drugbank.com/drugs/DB08871	Eribulin
DrugBank_DB11957	DB11957	DrugBank	https://go.drugbank.com/drugs/DB11957	Idalopirdine
DrugBank_DB03187	DB03187	DrugBank	https://go.drugbank.com/drugs/DB03187	6-(hydroxyethyldithio)-8-(aminomethylthio)octanoic Acid
DrugBank_DB12129	DB12129	DrugBank	https://go.drugbank.com/drugs/DB12129	Tideglusib
DrugBank_DB07630	DB07630	DrugBank	https://go.drugbank.com/drugs/DB07630	N-((1r,2r)-2-(5-chloro-1h-indole-2-carboxamido)cyclohexyl)-5-methyl-4,5,6,7-tetrahydrothiazolo[5,4-c]pyridine-2-carboxamide
DrugBank_DB13659	DB13659	DrugBank	https://go.drugbank.com/drugs/DB13659	Tenonitrozole
DrugBank_DB01777	DB01777	DrugBank	https://go.drugbank.com/drugs/DB01777	Coa-s-trimethylene-acetyl-tryptamine
DrugBank_DB09345	DB09345	DrugBank	https://go.drugbank.com/drugs/DB09345	Pramocaine
DrugBank_DB06927	DB06927	DrugBank	https://go.drugbank.com/drugs/DB06927	[5-hydroxy-2-(4-hydroxyphenyl)-1-benzofuran-7-yl]acetonitrile
DrugBank_DB07088	DB07088	DrugBank	https://go.drugbank.com/drugs/DB07088	(s)-n-(4-carbamimidoylbenzyl)-1-(2-(cyclopentyloxy)ethanoyl)pyrrolidine-2-carboxamide
DrugBank_DB02637	DB02637	DrugBank	https://go.drugbank.com/drugs/DB02637	Oxaloacetate Ion
DrugBank_DB05676	DB05676	DrugBank	https://go.drugbank.com/drugs/DB05676	Apremilast
DrugBank_DB04459	DB04459	DrugBank	https://go.drugbank.com/drugs/DB04459	3,4-dichloroisocoumarin
DrugBank_DB13209	DB13209	DrugBank	https://go.drugbank.com/drugs/DB13209	Bismuth Subnitrate
DrugBank_DB03326	DB03326	DrugBank	https://go.drugbank.com/drugs/DB03326	Deoxycytidylyl-3',5'-guanosine
DrugBank_DB03312	DB03312	DrugBank	https://go.drugbank.com/drugs/DB03312	Brivudine
DrugBank_DB08125	DB08125	DrugBank	https://go.drugbank.com/drugs/DB08125	4-{[(2-oxo-1,2-dihydro-3h-indol-3-ylidene)methyl]amino}-n-(1,3-thiazol-2-yl)benzenesulfonamide
DrugBank_DB00254	DB00254	DrugBank	https://go.drugbank.com/drugs/DB00254	Doxycycline
DrugBank_DB11157	DB11157	DrugBank	https://go.drugbank.com/drugs/DB11157	Anthralin
DrugBank_DB13410	DB13410	DrugBank	https://go.drugbank.com/drugs/DB13410	Guanoxabenz
DrugBank_DB00786	DB00786	DrugBank	https://go.drugbank.com/drugs/DB00786	Marimastat
DrugBank_DB02974	DB02974	DrugBank	https://go.drugbank.com/drugs/DB02974	4-(4-chlorophenyl)imidazole
DrugBank_DB05009	DB05009	DrugBank	https://go.drugbank.com/drugs/DB05009	Apadenoson
DrugBank_DB03696	DB03696	DrugBank	https://go.drugbank.com/drugs/DB03696	Lanosterol
DrugBank_DB01223	DB01223	DrugBank	https://go.drugbank.com/drugs/DB01223	Aminophylline
DrugBank_DB02132	DB02132	DrugBank	https://go.drugbank.com/drugs/DB02132	Zenarestat
DrugBank_DB03801	DB03801	DrugBank	https://go.drugbank.com/drugs/DB03801	Lysine Nz-carboxylic Acid
DrugBank_DB05797	DB05797	DrugBank	https://go.drugbank.com/drugs/DB05797	Tnx-901
DrugBank_DB11085	DB11085	DrugBank	https://go.drugbank.com/drugs/DB11085	Resorcinol
DrugBank_DB11474	DB11474	DrugBank	https://go.drugbank.com/drugs/DB11474	Tulathromycin A
DrugBank_DB08043	DB08043	DrugBank	https://go.drugbank.com/drugs/DB08043	1-[4-(pyridin-4-yloxy)phenyl]-3-[3-(trifluoromethyl)phenyl]urea
DrugBank_DB11567	DB11567	DrugBank	https://go.drugbank.com/drugs/DB11567	Insulin Peglispro
DrugBank_DB06271	DB06271	DrugBank	https://go.drugbank.com/drugs/DB06271	Sulodexide
DrugBank_DB00366	DB00366	DrugBank	https://go.drugbank.com/drugs/DB00366	Doxylamine
DrugBank_DB03495	DB03495	DrugBank	https://go.drugbank.com/drugs/DB03495	4,6-dideoxy-4-{[4,5,6-trihydroxy-3-(hydroxymethyl)cyclohex-2-en-1-yl]amino}-alpha-d-lyxo-hexopyranosyl-(1->4)-alpha-d-threo-hexopyranosyl-(1->6)-alpha-l-threo-hexopyranose
DrugBank_DB11591	DB11591	DrugBank	https://go.drugbank.com/drugs/DB11591	Bilastine
DrugBank_DB00688	DB00688	DrugBank	https://go.drugbank.com/drugs/DB00688	Mycophenolate Mofetil
DrugBank_DB11889	DB11889	DrugBank	https://go.drugbank.com/drugs/DB11889	Lanicemine
DrugBank_DB00121	DB00121	DrugBank	https://go.drugbank.com/drugs/DB00121	Biotin
DrugBank_DB07033	DB07033	DrugBank	https://go.drugbank.com/drugs/DB07033	5-hydroxy-3-[(1r)-1-(1h-pyrrol-2-yl)ethyl]-2h-indol-2-one
DrugBank_DB13515	DB13515	DrugBank	https://go.drugbank.com/drugs/DB13515	Levomethadone
DrugBank_DB04604	DB04604	DrugBank	https://go.drugbank.com/drugs/DB04604	5-iodotubercidin
DrugBank_DB12951	DB12951	DrugBank	https://go.drugbank.com/drugs/DB12951	Pivagabine
DrugBank_DB11672	DB11672	DrugBank	https://go.drugbank.com/drugs/DB11672	Curcumin
DrugBank_DB08763	DB08763	DrugBank	https://go.drugbank.com/drugs/DB08763	[n-(benzyloxycarbonyl)amino](4-amidinophenyl)methane-phosphonate
DrugBank_DB05555	DB05555	DrugBank	https://go.drugbank.com/drugs/DB05555	Enokizumab
DrugBank_DB14022	DB14022	DrugBank	https://go.drugbank.com/drugs/DB14022	Typhoid Vaccine
DrugBank_DB00033	DB00033	DrugBank	https://go.drugbank.com/drugs/DB00033	Interferon Gamma-1b
DrugBank_DB09322	DB09322	DrugBank	https://go.drugbank.com/drugs/DB09322	Zinc Sulfate
DrugBank_DB01728	DB01728	DrugBank	https://go.drugbank.com/drugs/DB01728	1,2-dihexadecanoyl-sn-glycero-3-phosphoethanolamine
DrugBank_DB03012	DB03012	DrugBank	https://go.drugbank.com/drugs/DB03012	Phenylalanine-n-sulfonamide
DrugBank_DB04021	DB04021	DrugBank	https://go.drugbank.com/drugs/DB04021	Mf268
DrugBank_DB08420	DB08420	DrugBank	https://go.drugbank.com/drugs/DB08420	1-{[1-(2-amino-3-phenyl-propionyl)-pyrrolidine-2-carbonyl]-amino}-2-(3-cyano-phenyl)-ethaneboronic Acid
DrugBank_DB00173	DB00173	DrugBank	https://go.drugbank.com/drugs/DB00173	Adenine
DrugBank_DB00671	DB00671	DrugBank	https://go.drugbank.com/drugs/DB00671	Cefixime
DrugBank_DB03752	DB03752	DrugBank	https://go.drugbank.com/drugs/DB03752	P-(2'-iodo-5'-thenoyl)hydrotropic Acid
DrugBank_DB03121	DB03121	DrugBank	https://go.drugbank.com/drugs/DB03121	(1-benzyl-5-methoxy-2-methyl-1h-indol-3-yl)acetic Acid
DrugBank_DB00700	DB00700	DrugBank	https://go.drugbank.com/drugs/DB00700	Eplerenone
DrugBank_DB12417	DB12417	DrugBank	https://go.drugbank.com/drugs/DB12417	Anagliptin
DrugBank_DB06162	DB06162	DrugBank	https://go.drugbank.com/drugs/DB06162	Lumiliximab
DrugBank_DB03721	DB03721	DrugBank	https://go.drugbank.com/drugs/DB03721	N-acetyl-alpha-neuraminic Acid
DrugBank_DB08040	DB08040	DrugBank	https://go.drugbank.com/drugs/DB08040	Kelatorphan
DrugBank_DB05496	DB05496	DrugBank	https://go.drugbank.com/drugs/DB05496	Otelixizumab
DrugBank_DB09304	DB09304	DrugBank	https://go.drugbank.com/drugs/DB09304	Setiptiline
DrugBank_DB06347	DB06347	DrugBank	https://go.drugbank.com/drugs/DB06347	Cenisertib
DrugBank_DB00909	DB00909	DrugBank	https://go.drugbank.com/drugs/DB00909	Zonisamide
DrugBank_DB06016	DB06016	DrugBank	https://go.drugbank.com/drugs/DB06016	Cariprazine
DrugBank_DB04253	DB04253	DrugBank	https://go.drugbank.com/drugs/DB04253	Tretazicar
DrugBank_DB09239	DB09239	DrugBank	https://go.drugbank.com/drugs/DB09239	Niguldipine
DrugBank_DB12548	DB12548	DrugBank	https://go.drugbank.com/drugs/DB12548	Sparsentan
DrugBank_DB04863	DB04863	DrugBank	https://go.drugbank.com/drugs/DB04863	Lefradafiban
DrugBank_DB08521	DB08521	DrugBank	https://go.drugbank.com/drugs/DB08521	4-[4-(4-fluorophenyl)-2-[4-[(r)-methylsulfinyl]phenyl]-1h-imidazol-5-yl]pyridine
DrugBank_DB04642	DB04642	DrugBank	https://go.drugbank.com/drugs/DB04642	7-{2,6-dichloro-4-[3-(2-chloro-benzoyl)-ureido]-phenoxy}-heptanoic Acid
DrugBank_DB06503	DB06503	DrugBank	https://go.drugbank.com/drugs/DB06503	Mln2222
DrugBank_DB09259	DB09259	DrugBank	https://go.drugbank.com/drugs/DB09259	Reviparin
DrugBank_DB03124	DB03124	DrugBank	https://go.drugbank.com/drugs/DB03124	5-[4-(1-carboxymethyl-2-oxo-propylcarbamoyl)-benzylsulfamoyl]-2-hydroxy-benzoic Acid
DrugBank_DB01380	DB01380	DrugBank	https://go.drugbank.com/drugs/DB01380	Cortisone Acetate
DrugBank_DB02058	DB02058	DrugBank	https://go.drugbank.com/drugs/DB02058	3-[4-(1-formylpiperazin-4-yl)-benzylidenyl]-2-indolinone
DrugBank_DB01032	DB01032	DrugBank	https://go.drugbank.com/drugs/DB01032	Probenecid
DrugBank_DB00060	DB00060	DrugBank	https://go.drugbank.com/drugs/DB00060	Interferon Beta-1a
DrugBank_DB01085	DB01085	DrugBank	https://go.drugbank.com/drugs/DB01085	Pilocarpine
DrugBank_DB13667	DB13667	DrugBank	https://go.drugbank.com/drugs/DB13667	Cefozopran
DrugBank_DB07708	DB07708	DrugBank	https://go.drugbank.com/drugs/DB07708	3-chloro-2-(4-hydroxyphenyl)-2h-indazol-5-ol
DrugBank_DB08620	DB08620	DrugBank	https://go.drugbank.com/drugs/DB08620	Thiacloprid
DrugBank_DB05785	DB05785	DrugBank	https://go.drugbank.com/drugs/DB05785	Lgd-1550
DrugBank_DB05749	DB05749	DrugBank	https://go.drugbank.com/drugs/DB05749	Mpi-674
DrugBank_DB05134	DB05134	DrugBank	https://go.drugbank.com/drugs/DB05134	Tanespimycin
DrugBank_DB00019	DB00019	DrugBank	https://go.drugbank.com/drugs/DB00019	Pegfilgrastim
DrugBank_DB04407	DB04407	DrugBank	https://go.drugbank.com/drugs/DB04407	4-[4-(4-methyl-2-methylamino-thiazol-5-yl)-pyrimidin-2-ylamino]-phenol
DrugBank_DB02877	DB02877	DrugBank	https://go.drugbank.com/drugs/DB02877	Arotinoid Acid
DrugBank_DB08957	DB08957	DrugBank	https://go.drugbank.com/drugs/DB08957	Hexoprenaline
DrugBank_DB00252	DB00252	DrugBank	https://go.drugbank.com/drugs/DB00252	Phenytoin
DrugBank_DB02185	DB02185	DrugBank	https://go.drugbank.com/drugs/DB02185	2,4-dihydroxy-7-(methyloxy)-2h-1,4-benzoxazin-3(4h)-one
DrugBank_DB00773	DB00773	DrugBank	https://go.drugbank.com/drugs/DB00773	Etoposide
DrugBank_DB05713	DB05713	DrugBank	https://go.drugbank.com/drugs/DB05713	Ly-517717
DrugBank_DB12764	DB12764	DrugBank	https://go.drugbank.com/drugs/DB12764	Abc-294640
DrugBank_DB07954	DB07954	DrugBank	https://go.drugbank.com/drugs/DB07954	3-isobutyl-1-methyl-7h-xanthine
DrugBank_DB08553	DB08553	DrugBank	https://go.drugbank.com/drugs/DB08553	(1e)-5-(1-piperidin-4-yl-3-pyridin-4-yl-1h-pyrazol-4-yl)-2,3-dihydro-1h-inden-1-one Oxime
DrugBank_DB01329	DB01329	DrugBank	https://go.drugbank.com/drugs/DB01329	Cefoperazone
DrugBank_DB15206	DB15206	DrugBank	https://go.drugbank.com/drugs/DB15206	Uprifosbuvir
DrugBank_DB11129	DB11129	DrugBank	https://go.drugbank.com/drugs/DB11129	Carbamide Peroxide
DrugBank_DB02518	DB02518	DrugBank	https://go.drugbank.com/drugs/DB02518	N-acetylalanine
DrugBank_DB04574	DB04574	DrugBank	https://go.drugbank.com/drugs/DB04574	Estrone Sulfate
DrugBank_DB06980	DB06980	DrugBank	https://go.drugbank.com/drugs/DB06980	(2s)-2-(1h-indol-3-yl)hexanoic Acid
DrugBank_DB06111	DB06111	DrugBank	https://go.drugbank.com/drugs/DB06111	Ab192
DrugBank_DB04461	DB04461	DrugBank	https://go.drugbank.com/drugs/DB04461	Coproporphyrinogen Iii
DrugBank_DB09036	DB09036	DrugBank	https://go.drugbank.com/drugs/DB09036	Siltuximab
DrugBank_DB07397	DB07397	DrugBank	https://go.drugbank.com/drugs/DB07397	(5s)-5-(2-amino-2-oxoethyl)-4-oxo-n-[(3-oxo-3,4-dihydro-2h-1,4-benzoxazin-6-yl)methyl]-3,4,5,6,7,8-hexahydro[1]benzothieno[2,3-d]pyrimidine-2-carboxamide
DrugBank_DB01436	DB01436	DrugBank	https://go.drugbank.com/drugs/DB01436	Alfacalcidol
DrugBank_DB00231	DB00231	DrugBank	https://go.drugbank.com/drugs/DB00231	Temazepam
DrugBank_DB04636	DB04636	DrugBank	https://go.drugbank.com/drugs/DB04636	Glutamine T-butyl Ester
DrugBank_DB01954	DB01954	DrugBank	https://go.drugbank.com/drugs/DB01954	Rolipram
DrugBank_DB02696	DB02696	DrugBank	https://go.drugbank.com/drugs/DB02696	6-aminohexyl-uridine-c1,5'-diphosphate
DrugBank_DB10076	DB10076	DrugBank	https://go.drugbank.com/drugs/DB10076	Haemophilus Influenzae Type B Strain 1482 Capsular Polysaccharide Tetanus Toxoid Conjugate Antigen
DrugBank_DB12770	DB12770	DrugBank	https://go.drugbank.com/drugs/DB12770	Lafutidine
DrugBank_DB08257	DB08257	DrugBank	https://go.drugbank.com/drugs/DB08257	4-{[(cyclohexylamino)carbonyl]amino}butanoic Acid
DrugBank_DB07796	DB07796	DrugBank	https://go.drugbank.com/drugs/DB07796	(3asr,4rs,8asr,8brs)-4-(2-(4-fluorobenzyl)-1,3-dioxodeacahydropyrrolo[3,4-a] Pyrrolizin-4-yl)benzamidine
DrugBank_DB07930	DB07930	DrugBank	https://go.drugbank.com/drugs/DB07930	(3r)-3-hydroxydodecanoic Acid
DrugBank_DB02499	DB02499	DrugBank	https://go.drugbank.com/drugs/DB02499	Dinor-n(omega)-hydroxy-l-arginine
DrugBank_DB11675	DB11675	DrugBank	https://go.drugbank.com/drugs/DB11675	Mosapride
DrugBank_DB04954	DB04954	DrugBank	https://go.drugbank.com/drugs/DB04954	Tecadenoson
DrugBank_DB13142	DB13142	DrugBank	https://go.drugbank.com/drugs/DB13142	Calcium Glubionate Anhydrous
DrugBank_DB05282	DB05282	DrugBank	https://go.drugbank.com/drugs/DB05282	Mcc
DrugBank_DB03268	DB03268	DrugBank	https://go.drugbank.com/drugs/DB03268	Ru82197
DrugBank_DB10283	DB10283	DrugBank	https://go.drugbank.com/drugs/DB10283	Rabies Virus Inactivated Antigen, A
DrugBank_DB08976	DB08976	DrugBank	https://go.drugbank.com/drugs/DB08976	Floctafenine
DrugBank_DB00279	DB00279	DrugBank	https://go.drugbank.com/drugs/DB00279	Liothyronine
DrugBank_DB00031	DB00031	DrugBank	https://go.drugbank.com/drugs/DB00031	Tenecteplase
DrugBank_DB01282	DB01282	DrugBank	https://go.drugbank.com/drugs/DB01282	Carbetocin
DrugBank_DB10365	DB10365	DrugBank	https://go.drugbank.com/drugs/DB10365	Sorghum Halepense Pollen
DrugBank_DB00484	DB00484	DrugBank	https://go.drugbank.com/drugs/DB00484	Brimonidine
DrugBank_DB03397	DB03397	DrugBank	https://go.drugbank.com/drugs/DB03397	Uridine-diphosphate-n-acetylglucosamine
DrugBank_DB09009	DB09009	DrugBank	https://go.drugbank.com/drugs/DB09009	Articaine
DrugBank_DB07227	DB07227	DrugBank	https://go.drugbank.com/drugs/DB07227	L-778123
DrugBank_DB08934	DB08934	DrugBank	https://go.drugbank.com/drugs/DB08934	Sofosbuvir
DrugBank_DB01301	DB01301	DrugBank	https://go.drugbank.com/drugs/DB01301	Rolitetracycline
DrugBank_DB02365	DB02365	DrugBank	https://go.drugbank.com/drugs/DB02365	1,10-phenanthroline
DrugBank_DB01022	DB01022	DrugBank	https://go.drugbank.com/drugs/DB01022	Phylloquinone
DrugBank_DB00453	DB00453	DrugBank	https://go.drugbank.com/drugs/DB00453	Clomocycline
DrugBank_DB15171	DB15171	DrugBank	https://go.drugbank.com/drugs/DB15171	Tirzepatide
DrugBank_DB06636	DB06636	DrugBank	https://go.drugbank.com/drugs/DB06636	Isavuconazonium
DrugBank_DB13180	DB13180	DrugBank	https://go.drugbank.com/drugs/DB13180	Gluconic Acid
DrugBank_DB03144	DB03144	DrugBank	https://go.drugbank.com/drugs/DB03144	N(5)-[(hydroxyamino)(imino)methyl]-l-ornithine
DrugBank_DB13156	DB13156	DrugBank	https://go.drugbank.com/drugs/DB13156	Inosine Pranobex
DrugBank_DB07228	DB07228	DrugBank	https://go.drugbank.com/drugs/DB07228	1-(5-chloro-2-methoxyphenyl)-3-{6-[2-(dimethylamino)-1-methylethoxy]pyrazin-2-yl}urea
DrugBank_DB05304	DB05304	DrugBank	https://go.drugbank.com/drugs/DB05304	Girentuximab
DrugBank_DB01567	DB01567	DrugBank	https://go.drugbank.com/drugs/DB01567	Fludiazepam
DrugBank_DB00091	DB00091	DrugBank	https://go.drugbank.com/drugs/DB00091	Cyclosporine
DrugBank_DB02170	DB02170	DrugBank	https://go.drugbank.com/drugs/DB02170	1,8-di-hydroxy-4-nitro-xanthen-9-one
DrugBank_DB00576	DB00576	DrugBank	https://go.drugbank.com/drugs/DB00576	Sulfamethizole
DrugBank_DB09214	DB09214	DrugBank	https://go.drugbank.com/drugs/DB09214	Dexketoprofen
DrugBank_DB01615	DB01615	DrugBank	https://go.drugbank.com/drugs/DB01615	Aceprometazine
DrugBank_DB00375	DB00375	DrugBank	https://go.drugbank.com/drugs/DB00375	Colestipol
DrugBank_DB00779	DB00779	DrugBank	https://go.drugbank.com/drugs/DB00779	Nalidixic Acid
DrugBank_DB08880	DB08880	DrugBank	https://go.drugbank.com/drugs/DB08880	Teriflunomide
DrugBank_DB13604	DB13604	DrugBank	https://go.drugbank.com/drugs/DB13604	Guanazodine
DrugBank_DB08100	DB08100	DrugBank	https://go.drugbank.com/drugs/DB08100	2,6-dimethyl-4-[(e)-2-phenylethenyl]phenol
DrugBank_DB02360	DB02360	DrugBank	https://go.drugbank.com/drugs/DB02360	Bis-napthyl Beta-ketophosphonic Acid
DrugBank_DB13472	DB13472	DrugBank	https://go.drugbank.com/drugs/DB13472	Cyclofenil
DrugBank_DB03082	DB03082	DrugBank	https://go.drugbank.com/drugs/DB03082	6-[(z)-amino(imino)methyl]-n-[4-(aminomethyl)phenyl]-4-(pyrimidin-2-ylamino)-2-naphthamide
DrugBank_DB00989	DB00989	DrugBank	https://go.drugbank.com/drugs/DB00989	Rivastigmine
DrugBank_DB04446	DB04446	DrugBank	https://go.drugbank.com/drugs/DB04446	Benzo[b]thiophene-2-carboxamidine
DrugBank_DB06607	DB06607	DrugBank	https://go.drugbank.com/drugs/DB06607	Catumaxomab
DrugBank_DB07945	DB07945	DrugBank	https://go.drugbank.com/drugs/DB07945	5-(3-carbamoylbenzyl)-5,6,7,8,9,10-hexahydrocyclohepta[b]indole-4-carboxylic Acid
DrugBank_DB03430	DB03430	DrugBank	https://go.drugbank.com/drugs/DB03430	(s)-4-hydroxymandelonitrile
DrugBank_DB02583	DB02583	DrugBank	https://go.drugbank.com/drugs/DB02583	N6-(2,5-dimethoxy-benzyl)-n6-methyl-pyrido[2,3-d]pyrimidine-2,4,6-triamine
DrugBank_DB00708	DB00708	DrugBank	https://go.drugbank.com/drugs/DB00708	Sufentanil
DrugBank_DB00692	DB00692	DrugBank	https://go.drugbank.com/drugs/DB00692	Phentolamine
DrugBank_DB03417	DB03417	DrugBank	https://go.drugbank.com/drugs/DB03417	(2s,3r)-2-[[4-(tert-butylcarbamoyl)piperazine-1-carbonyl]amino]-6-(diaminomethylideneamino)-3-formylhexanoic Acid
DrugBank_DB08079	DB08079	DrugBank	https://go.drugbank.com/drugs/DB08079	Amg-208
DrugBank_DB13725	DB13725	DrugBank	https://go.drugbank.com/drugs/DB13725	Terodiline
DrugBank_DB03598	DB03598	DrugBank	https://go.drugbank.com/drugs/DB03598	Al-6629, [2h-thieno[3,2-e]-1,2-thiazine-6-sulfonamide,2-(3-methoxyphenyl)-3-(4-morpholinyl)-, 1,1-dioxide]
DrugBank_DB00099	DB00099	DrugBank	https://go.drugbank.com/drugs/DB00099	Filgrastim
DrugBank_DB12582	DB12582	DrugBank	https://go.drugbank.com/drugs/DB12582	Piperine
DrugBank_DB08238	DB08238	DrugBank	https://go.drugbank.com/drugs/DB08238	5-aminonaphthalene-2-sulfonic Acid
DrugBank_DB13097	DB13097	DrugBank	https://go.drugbank.com/drugs/DB13097	1alpha-hydroxyvitamin D5
DrugBank_DB08840	DB08840	DrugBank	https://go.drugbank.com/drugs/DB08840	N-methylnicotinamide
DrugBank_DB00267	DB00267	DrugBank	https://go.drugbank.com/drugs/DB00267	Cefmenoxime
DrugBank_DB08742	DB08742	DrugBank	https://go.drugbank.com/drugs/DB08742	1,3-cyclohexanediol, 4-methylene-5-[(2e)-[(1s,3as,7as)-octahydro-1-(5-hydroxy-5-methyl-1,3-hexadiynyl)-7a-methyl-4h-inden-4-ylidene]ethylidene]-, (1r,3s,5z)
DrugBank_DB06724	DB06724	DrugBank	https://go.drugbank.com/drugs/DB06724	Calcium Carbonate
DrugBank_DB09288	DB09288	DrugBank	https://go.drugbank.com/drugs/DB09288	Propacetamol
DrugBank_DB04792	DB04792	DrugBank	https://go.drugbank.com/drugs/DB04792	2,5-o,o-bis-{4',4''-amidinophenyl}-1,4:3,6-dianhydro-d-sorbitol
DrugBank_DB01767	DB01767	DrugBank	https://go.drugbank.com/drugs/DB01767	Hemi-babim
DrugBank_DB02071	DB02071	DrugBank	https://go.drugbank.com/drugs/DB02071	Way-151693
DrugBank_DB03227	DB03227	DrugBank	https://go.drugbank.com/drugs/DB03227	Nicotinamide Mononucleotide
DrugBank_DB07113	DB07113	DrugBank	https://go.drugbank.com/drugs/DB07113	(2s)-6-(2,4-diamino-6-ethylpyrimidin-5-yl)-2-(3,5-difluorophenyl)-4-(3-methoxypropyl)-2h-1,4-benzoxazin-3(4h)-one
DrugBank_DB03847	DB03847	DrugBank	https://go.drugbank.com/drugs/DB03847	Gamma-carboxy-l-glutamic Acid
DrugBank_DB11089	DB11089	DrugBank	https://go.drugbank.com/drugs/DB11089	Docusate
DrugBank_DB02018	DB02018	DrugBank	https://go.drugbank.com/drugs/DB02018	Amido Phenyl Pyruvic Acid
DrugBank_DB12560	DB12560	DrugBank	https://go.drugbank.com/drugs/DB12560	Blosozumab
DrugBank_DB14999	DB14999	DrugBank	https://go.drugbank.com/drugs/DB14999	Human Interferon Beta
DrugBank_DB01827	DB01827	DrugBank	https://go.drugbank.com/drugs/DB01827	2,3,5,6-tetrafluoro-4-methoxy-benzamide
DrugBank_DB01586	DB01586	DrugBank	https://go.drugbank.com/drugs/DB01586	Ursodeoxycholic Acid
DrugBank_DB01790	DB01790	DrugBank	https://go.drugbank.com/drugs/DB01790	(rp)-camps
DrugBank_DB03443	DB03443	DrugBank	https://go.drugbank.com/drugs/DB03443	Bis(5-amidino-benzimidazolyl)methanone Zinc
DrugBank_DB01851	DB01851	DrugBank	https://go.drugbank.com/drugs/DB01851	Tetrabutylammonium Ion
DrugBank_DB01396	DB01396	DrugBank	https://go.drugbank.com/drugs/DB01396	Digitoxin
DrugBank_DB03783	DB03783	DrugBank	https://go.drugbank.com/drugs/DB03783	Phenacetin
DrugBank_DB02986	DB02986	DrugBank	https://go.drugbank.com/drugs/DB02986	N-(2-thienylmethyl)-2,5-thiophenedisulfonamide
DrugBank_DB04493	DB04493	DrugBank	https://go.drugbank.com/drugs/DB04493	Fructose-6-phosphate
DrugBank_DB15120	DB15120	DrugBank	https://go.drugbank.com/drugs/DB15120	Gsk-239512
DrugBank_DB03017	DB03017	DrugBank	https://go.drugbank.com/drugs/DB03017	Lauric Acid
DrugBank_DB01717	DB01717	DrugBank	https://go.drugbank.com/drugs/DB01717	Bis(adenosine)-5'-pentaphosphate
DrugBank_DB13912	DB13912	DrugBank	https://go.drugbank.com/drugs/DB13912	Coumermycin A1
DrugBank_DB02097	DB02097	DrugBank	https://go.drugbank.com/drugs/DB02097	Cytidine
DrugBank_DB03575	DB03575	DrugBank	https://go.drugbank.com/drugs/DB03575	Phencyclidine
DrugBank_DB07493	DB07493	DrugBank	https://go.drugbank.com/drugs/DB07493	5-bromoindirubin
DrugBank_DB11281	DB11281	DrugBank	https://go.drugbank.com/drugs/DB11281	Bismuth Subcarbonate
DrugBank_DB04009	DB04009	DrugBank	https://go.drugbank.com/drugs/DB04009	Dimethyl Propionate Ester Heme
DrugBank_DB09103	DB09103	DrugBank	https://go.drugbank.com/drugs/DB09103	Ancestim
DrugBank_DB00596	DB00596	DrugBank	https://go.drugbank.com/drugs/DB00596	Ulobetasol
DrugBank_DB09543	DB09543	DrugBank	https://go.drugbank.com/drugs/DB09543	Methyl Salicylate
DrugBank_DB04271	DB04271	DrugBank	https://go.drugbank.com/drugs/DB04271	3,5-dimethyl-1h-pyrazole-4-carboxylic Acid Ethyl Ester
DrugBank_DB07843	DB07843	DrugBank	https://go.drugbank.com/drugs/DB07843	5-chloro-n-{(3s)-1-[(1s)-1-methyl-2-morpholin-4-yl-2-oxoethyl]-2-oxopyrrolidin-3-yl}-1-benzothiophene-2-sulfonamide
DrugBank_DB13954	DB13954	DrugBank	https://go.drugbank.com/drugs/DB13954	Estradiol Cypionate
DrugBank_DB06733	DB06733	DrugBank	https://go.drugbank.com/drugs/DB06733	Bafilomycin A1
DrugBank_DB00615	DB00615	DrugBank	https://go.drugbank.com/drugs/DB00615	Rifabutin
DrugBank_DB14504	DB14504	DrugBank	https://go.drugbank.com/drugs/DB14504	Sodium Phosphate, Dibasic, Unspecified Form
DrugBank_DB09269	DB09269	DrugBank	https://go.drugbank.com/drugs/DB09269	Phenylacetic Acid
DrugBank_DB15093	DB15093	DrugBank	https://go.drugbank.com/drugs/DB15093	Somapacitan
DrugBank_DB06273	DB06273	DrugBank	https://go.drugbank.com/drugs/DB06273	Tocilizumab
DrugBank_DB02613	DB02613	DrugBank	https://go.drugbank.com/drugs/DB02613	Capric Dimethyl Amine Oxide
DrugBank_DB04327	DB04327	DrugBank	https://go.drugbank.com/drugs/DB04327	Phosphatidylethanolamine
DrugBank_DB01698	DB01698	DrugBank	https://go.drugbank.com/drugs/DB01698	Rutin
DrugBank_DB11718	DB11718	DrugBank	https://go.drugbank.com/drugs/DB11718	Encorafenib
DrugBank_DB03336	DB03336	DrugBank	https://go.drugbank.com/drugs/DB03336	Bia
DrugBank_DB01914	DB01914	DrugBank	https://go.drugbank.com/drugs/DB01914	D-glucose
DrugBank_DB01122	DB01122	DrugBank	https://go.drugbank.com/drugs/DB01122	Ambenonium
DrugBank_DB06096	DB06096	DrugBank	https://go.drugbank.com/drugs/DB06096	Nxn-188
DrugBank_DB01211	DB01211	DrugBank	https://go.drugbank.com/drugs/DB01211	Clarithromycin
DrugBank_DB02489	DB02489	DrugBank	https://go.drugbank.com/drugs/DB02489	9-methylguanine
DrugBank_DB08025	DB08025	DrugBank	https://go.drugbank.com/drugs/DB08025	N-{2'-[(4-fluorophenyl)amino]-4,4'-bipyridin-2-yl}-4-methoxycyclohexanecarboxamide
DrugBank_DB01232	DB01232	DrugBank	https://go.drugbank.com/drugs/DB01232	Saquinavir
DrugBank_DB08900	DB08900	DrugBank	https://go.drugbank.com/drugs/DB08900	Teduglutide
DrugBank_DB13654	DB13654	DrugBank	https://go.drugbank.com/drugs/DB13654	Montmorillonite
DrugBank_DB00742	DB00742	DrugBank	https://go.drugbank.com/drugs/DB00742	Mannitol
DrugBank_DB07015	DB07015	DrugBank	https://go.drugbank.com/drugs/DB07015	(3r,4r)-4-(pyrrolidin-1-ylcarbonyl)-1-(quinoxalin-2-ylcarbonyl)pyrrolidin-3-amine
DrugBank_DB01677	DB01677	DrugBank	https://go.drugbank.com/drugs/DB01677	Fumaric Acid
DrugBank_DB09136	DB09136	DrugBank	https://go.drugbank.com/drugs/DB09136	Isosulfan Blue
DrugBank_DB11148	DB11148	DrugBank	https://go.drugbank.com/drugs/DB11148	Butamben
DrugBank_DB08910	DB08910	DrugBank	https://go.drugbank.com/drugs/DB08910	Pomalidomide
DrugBank_DB01651	DB01651	DrugBank	https://go.drugbank.com/drugs/DB01651	Methyl 4,6-o-[(1r)-1-carboxyethylidene]-beta-d-galactopyranoside
DrugBank_DB05121	DB05121	DrugBank	https://go.drugbank.com/drugs/DB05121	1d09c3
DrugBank_DB13480	DB13480	DrugBank	https://go.drugbank.com/drugs/DB13480	Lentinan
DrugBank_DB08676	DB08676	DrugBank	https://go.drugbank.com/drugs/DB08676	(20s)-19,20,22,23-tetrahydro-19-oxo-5h,21h-18,20-ethano-12,14-etheno-6,10-methenobenz[d]imidazo[4,3-l][1,6,9,13]oxatriazacyclonoadecosine-9-carbonitrile
DrugBank_DB00351	DB00351	DrugBank	https://go.drugbank.com/drugs/DB00351	Megestrol Acetate
DrugBank_DB07790	DB07790	DrugBank	https://go.drugbank.com/drugs/DB07790	N-(2-methoxyethyl)-4-({4-[2-methyl-1-(1-methylethyl)-1h-imidazol-5-yl]pyrimidin-2-yl}amino)benzenesulfonamide
DrugBank_DB03966	DB03966	DrugBank	https://go.drugbank.com/drugs/DB03966	Clorobiocin
DrugBank_DB08397	DB08397	DrugBank	https://go.drugbank.com/drugs/DB08397	6-(difluoro-phosphono-methyl)-naphthalene-2-carboxylic Acid
DrugBank_DB11575	DB11575	DrugBank	https://go.drugbank.com/drugs/DB11575	Grazoprevir
DrugBank_DB00990	DB00990	DrugBank	https://go.drugbank.com/drugs/DB00990	Exemestane
DrugBank_DB04846	DB04846	DrugBank	https://go.drugbank.com/drugs/DB04846	Celiprolol
DrugBank_DB09073	DB09073	DrugBank	https://go.drugbank.com/drugs/DB09073	Palbociclib
DrugBank_DB06685	DB06685	DrugBank	https://go.drugbank.com/drugs/DB06685	Laquinimod
DrugBank_DB03955	DB03955	DrugBank	https://go.drugbank.com/drugs/DB03955	1-deoxymannojirimycin
DrugBank_DB07307	DB07307	DrugBank	https://go.drugbank.com/drugs/DB07307	N-cyclopropyl-4-methyl-3-[1-(2-methylphenyl)phthalazin-6-yl]benzamide
DrugBank_DB02393	DB02393	DrugBank	https://go.drugbank.com/drugs/DB02393	D-gluco-2,5-anhydro-1-deoxy-1-phosphonohexitol-6-phosphate
DrugBank_DB02031	DB02031	DrugBank	https://go.drugbank.com/drugs/DB02031	(6s)-5,6,7,8-tetrahydrofolic Acid
DrugBank_DB07681	DB07681	DrugBank	https://go.drugbank.com/drugs/DB07681	Dodecanesulfonate Ion
DrugBank_DB00674	DB00674	DrugBank	https://go.drugbank.com/drugs/DB00674	Galantamine
DrugBank_DB00174	DB00174	DrugBank	https://go.drugbank.com/drugs/DB00174	Asparagine
DrugBank_DB14514	DB14514	DrugBank	https://go.drugbank.com/drugs/DB14514	Magnesium Levulinate
DrugBank_DB03150	DB03150	DrugBank	https://go.drugbank.com/drugs/DB03150	2',3'-dideoxythymidine-5'-monophosphate
DrugBank_DB02830	DB02830	DrugBank	https://go.drugbank.com/drugs/DB02830	Fr236913
DrugBank_DB12712	DB12712	DrugBank	https://go.drugbank.com/drugs/DB12712	Pilsicainide
DrugBank_DB09277	DB09277	DrugBank	https://go.drugbank.com/drugs/DB09277	Choline C 11
DrugBank_DB00112	DB00112	DrugBank	https://go.drugbank.com/drugs/DB00112	Bevacizumab
DrugBank_DB01870	DB01870	DrugBank	https://go.drugbank.com/drugs/DB01870	1,4-dithio-alpha-d-glucopyranose
DrugBank_DB14498	DB14498	DrugBank	https://go.drugbank.com/drugs/DB14498	Potassium Acetate
DrugBank_DB02338	DB02338	DrugBank	https://go.drugbank.com/drugs/DB02338	Nadph
DrugBank_DB00475	DB00475	DrugBank	https://go.drugbank.com/drugs/DB00475	Chlordiazepoxide
DrugBank_DB05484	DB05484	DrugBank	https://go.drugbank.com/drugs/DB05484	Mdx-018
DrugBank_DB07176	DB07176	DrugBank	https://go.drugbank.com/drugs/DB07176	1-naphthylamine-5-sulfonic Acid
DrugBank_DB08537	DB08537	DrugBank	https://go.drugbank.com/drugs/DB08537	3-bromo-6-phenyl-n-(pyrimidin-5-ylmethyl)imidazo[1,2-a]pyridin-8-amine
DrugBank_DB15565	DB15565	DrugBank	https://go.drugbank.com/drugs/DB15565	Cilazaprilat
DrugBank_DB09498	DB09498	DrugBank	https://go.drugbank.com/drugs/DB09498	Strontium Chloride Sr-89
DrugBank_DB06558	DB06558	DrugBank	https://go.drugbank.com/drugs/DB06558	Tezosentan
DrugBank_DB07513	DB07513	DrugBank	https://go.drugbank.com/drugs/DB07513	7-[(3-chlorobenzyl)oxy]-4-[(methylamino)methyl]-2h-chromen-2-one
DrugBank_DB07267	DB07267	DrugBank	https://go.drugbank.com/drugs/DB07267	2-(6-methylpyridin-2-yl)-n-pyridin-4-ylquinazolin-4-amine
DrugBank_DB05408	DB05408	DrugBank	https://go.drugbank.com/drugs/DB05408	Emricasan
DrugBank_DB11256	DB11256	DrugBank	https://go.drugbank.com/drugs/DB11256	Levomefolic Acid
DrugBank_DB00847	DB00847	DrugBank	https://go.drugbank.com/drugs/DB00847	Cysteamine
DrugBank_DB02451	DB02451	DrugBank	https://go.drugbank.com/drugs/DB02451	B-nonylglucoside
DrugBank_DB11730	DB11730	DrugBank	https://go.drugbank.com/drugs/DB11730	Ribociclib
DrugBank_DB02008	DB02008	DrugBank	https://go.drugbank.com/drugs/DB02008	1-(2-fluorobenzyl)-3-butyl-8-(n-acetyl-4-aminobenzyl)-xanthine
DrugBank_DB01576	DB01576	DrugBank	https://go.drugbank.com/drugs/DB01576	Dextroamphetamine
DrugBank_DB05482	DB05482	DrugBank	https://go.drugbank.com/drugs/DB05482	7-ethyl-10-hydroxycamptothecin
DrugBank_DB13303	DB13303	DrugBank	https://go.drugbank.com/drugs/DB13303	Febarbamate
DrugBank_DB00141	DB00141	DrugBank	https://go.drugbank.com/drugs/DB00141	N-acetylglucosamine
DrugBank_DB07753	DB07753	DrugBank	https://go.drugbank.com/drugs/DB07753	3',5'-difluorobiphenyl-4-carboxylic Acid
DrugBank_DB02532	DB02532	DrugBank	https://go.drugbank.com/drugs/DB02532	2,4,6-triaminoquinazoline
DrugBank_DB14891	DB14891	DrugBank	https://go.drugbank.com/drugs/DB14891	Vobarilizumab
DrugBank_DB01860	DB01860	DrugBank	https://go.drugbank.com/drugs/DB01860	Cordycepin Triphosphate
DrugBank_DB03822	DB03822	DrugBank	https://go.drugbank.com/drugs/DB03822	Ethyl Dihydrogen Phosphate
DrugBank_DB03963	DB03963	DrugBank	https://go.drugbank.com/drugs/DB03963	S-(dimethylarsenic)cysteine
DrugBank_DB01704	DB01704	DrugBank	https://go.drugbank.com/drugs/DB01704	2,4-dihydroxy-trans Cinnamic Acid
DrugBank_DB00936	DB00936	DrugBank	https://go.drugbank.com/drugs/DB00936	Salicylic Acid
DrugBank_DB06812	DB06812	DrugBank	https://go.drugbank.com/drugs/DB06812	Povidone-iodine
DrugBank_DB07801	DB07801	DrugBank	https://go.drugbank.com/drugs/DB07801	N-butyl-3-{[6-(9h-purin-6-ylamino)hexanoyl]amino}benzamide
DrugBank_DB02772	DB02772	DrugBank	https://go.drugbank.com/drugs/DB02772	Sucrose
DrugBank_DB08412	DB08412	DrugBank	https://go.drugbank.com/drugs/DB08412	6-{4-[hydroxy-(4-nitro-phenoxy)-phosphoryl]-butyrylamino}-hexanoic Acid
DrugBank_DB00538	DB00538	DrugBank	https://go.drugbank.com/drugs/DB00538	Gadoversetamide
DrugBank_DB09276	DB09276	DrugBank	https://go.drugbank.com/drugs/DB09276	Sodium Aurothiomalate
DrugBank_DB02221	DB02221	DrugBank	https://go.drugbank.com/drugs/DB02221	4-(aminosulfonyl)-n-[(2,4,6-trifluorophenyl)methyl]-benzamide
DrugBank_DB13699	DB13699	DrugBank	https://go.drugbank.com/drugs/DB13699	Sulfathiourea
DrugBank_DB07677	DB07677	DrugBank	https://go.drugbank.com/drugs/DB07677	2-methyl-3,5,7,8-tetrahydro-4h-thiopyrano[4,3-d]pyrimidin-4-one
DrugBank_DB00646	DB00646	DrugBank	https://go.drugbank.com/drugs/DB00646	Nystatin
DrugBank_DB05513	DB05513	DrugBank	https://go.drugbank.com/drugs/DB05513	Atiprimod
DrugBank_DB07036	DB07036	DrugBank	https://go.drugbank.com/drugs/DB07036	(3as,4r,9br)-2,2-difluoro-4-(4-hydroxyphenyl)-6-(methoxymethyl)-1,2,3,3a,4,9b-hexahydrocyclopenta[c]chromen-8-ol
DrugBank_DB13967	DB13967	DrugBank	https://go.drugbank.com/drugs/DB13967	Patent Blue
DrugBank_DB06050	DB06050	DrugBank	https://go.drugbank.com/drugs/DB06050	Tb-402
DrugBank_DB15193	DB15193	DrugBank	https://go.drugbank.com/drugs/DB15193	Bms-955176
DrugBank_DB12989	DB12989	DrugBank	https://go.drugbank.com/drugs/DB12989	Neosaxitoxin
DrugBank_DB04729	DB04729	DrugBank	https://go.drugbank.com/drugs/DB04729	Gentamicin C1a
DrugBank_DB11113	DB11113	DrugBank	https://go.drugbank.com/drugs/DB11113	Castor Oil
DrugBank_DB01951	DB01951	DrugBank	https://go.drugbank.com/drugs/DB01951	Gpi-1046
DrugBank_DB07994	DB07994	DrugBank	https://go.drugbank.com/drugs/DB07994	N~3~-[5-(1h-indol-6-yl)-2-(pyridin-2-ylmethoxy)benzyl]pyridine-2,3-diamine
DrugBank_DB09333	DB09333	DrugBank	https://go.drugbank.com/drugs/DB09333	Iopodic Acid
DrugBank_DB01420	DB01420	DrugBank	https://go.drugbank.com/drugs/DB01420	Testosterone Propionate
DrugBank_DB03769	DB03769	DrugBank	https://go.drugbank.com/drugs/DB03769	D-eritadenine
DrugBank_DB00714	DB00714	DrugBank	https://go.drugbank.com/drugs/DB00714	Apomorphine
DrugBank_DB13824	DB13824	DrugBank	https://go.drugbank.com/drugs/DB13824	Enprostil
DrugBank_DB07237	DB07237	DrugBank	https://go.drugbank.com/drugs/DB07237	{4-[(2r)-pyrrolidin-2-ylmethoxy]phenyl}(4-thiophen-3-ylphenyl)methanone
DrugBank_DB02162	DB02162	DrugBank	https://go.drugbank.com/drugs/DB02162	5'-o-(n-ethyl-sulfamoyl)adenosine
DrugBank_DB15271	DB15271	DrugBank	https://go.drugbank.com/drugs/DB15271	Crizanlizumab
DrugBank_DB13514	DB13514	DrugBank	https://go.drugbank.com/drugs/DB13514	Pranoprofen
DrugBank_DB13783	DB13783	DrugBank	https://go.drugbank.com/drugs/DB13783	Acemetacin
DrugBank_DB08302	DB08302	DrugBank	https://go.drugbank.com/drugs/DB08302	3-[5-(2-nitropent-1-en-1-yl)furan-2-yl]benzoic Acid
DrugBank_DB03946	DB03946	DrugBank	https://go.drugbank.com/drugs/DB03946	3,4-dihydroxybenzoic Acid
DrugBank_DB09199	DB09199	DrugBank	https://go.drugbank.com/drugs/DB09199	Netoglitazone
DrugBank_DB11992	DB11992	DrugBank	https://go.drugbank.com/drugs/DB11992	Omarigliptin
DrugBank_DB06061	DB06061	DrugBank	https://go.drugbank.com/drugs/DB06061	Azd-8330
DrugBank_DB00297	DB00297	DrugBank	https://go.drugbank.com/drugs/DB00297	Bupivacaine
DrugBank_DB00003	DB00003	DrugBank	https://go.drugbank.com/drugs/DB00003	Dornase Alfa
DrugBank_DB09480	DB09480	DrugBank	https://go.drugbank.com/drugs/DB09480	Iofetamine I-123
DrugBank_DB00454	DB00454	DrugBank	https://go.drugbank.com/drugs/DB00454	Meperidine
DrugBank_DB05305	DB05305	DrugBank	https://go.drugbank.com/drugs/DB05305	Cintredekin Besudotox
DrugBank_DB04369	DB04369	DrugBank	https://go.drugbank.com/drugs/DB04369	1,3,2-dioxaborolan-2-ol
DrugBank_DB00807	DB00807	DrugBank	https://go.drugbank.com/drugs/DB00807	Proparacaine
DrugBank_DB03154	DB03154	DrugBank	https://go.drugbank.com/drugs/DB03154	{[7-(difluoro-phosphono-methyl)-naphthalen-2-yl]-difluoro-methyl}-phosphonic Acid
DrugBank_DB07811	DB07811	DrugBank	https://go.drugbank.com/drugs/DB07811	N-cyclopropyl-2',6-dimethyl-4'-(5-methyl-1,3,4-oxadiazol-2-yl)biphenyl-3-carboxamide
DrugBank_DB01614	DB01614	DrugBank	https://go.drugbank.com/drugs/DB01614	Acepromazine
DrugBank_DB03767	DB03767	DrugBank	https://go.drugbank.com/drugs/DB03767	Morpholine-4-carboxylic Acid [1s-(2-benzyloxy-1r-cyano-ethylcarbamoyl)-3-methyl-butyl]amide
DrugBank_DB06310	DB06310	DrugBank	https://go.drugbank.com/drugs/DB06310	Motavizumab
DrugBank_DB06867	DB06867	DrugBank	https://go.drugbank.com/drugs/DB06867	3,6,9,12,15,18-hexaoxaicosane
DrugBank_DB14061	DB14061	DrugBank	https://go.drugbank.com/drugs/DB14061	Hycanthone
DrugBank_DB13141	DB13141	DrugBank	https://go.drugbank.com/drugs/DB13141	Ambroxol Acefyllinate
DrugBank_DB07019	DB07019	DrugBank	https://go.drugbank.com/drugs/DB07019	N-[(5r,14r)-5-amino-5,14-dimethyl-4-oxo-3-oxa-18-azatricyclo[15.3.1.1~7,11~]docosa-1(21),7(22),8,10,17,19-hexaen-19-yl]-n-methylmethanesulfonamide
DrugBank_DB13510	DB13510	DrugBank	https://go.drugbank.com/drugs/DB13510	Buflomedil
DrugBank_DB08005	DB08005	DrugBank	https://go.drugbank.com/drugs/DB08005	4-{[5-chloro-4-(1h-indol-3-yl)pyrimidin-2-yl]amino}-n-ethylpiperidine-1-carboxamide
DrugBank_DB00476	DB00476	DrugBank	https://go.drugbank.com/drugs/DB00476	Duloxetine
DrugBank_DB07757	DB07757	DrugBank	https://go.drugbank.com/drugs/DB07757	(9as)-4-bromo-9a-butyl-7-hydroxy-1,2,9,9a-tetrahydro-3h-fluoren-3-one
DrugBank_DB07421	DB07421	DrugBank	https://go.drugbank.com/drugs/DB07421	4-{[(1r,2s)-1,2-dihydroxy-2-methyl-3-(4-nitrophenoxy)propyl]amino}-2-(trifluoromethyl)benzonitrile
DrugBank_DB13738	DB13738	DrugBank	https://go.drugbank.com/drugs/DB13738	Camylofin
DrugBank_DB07559	DB07559	DrugBank	https://go.drugbank.com/drugs/DB07559	(2z)-2-cyano-n-(2,2'-dichlorobiphenyl-4-yl)-3-hydroxybut-2-enamide
DrugBank_DB04741	DB04741	DrugBank	https://go.drugbank.com/drugs/DB04741	Myxothiazol
DrugBank_DB05796	DB05796	DrugBank	https://go.drugbank.com/drugs/DB05796	Daglutril
DrugBank_DB03929	DB03929	DrugBank	https://go.drugbank.com/drugs/DB03929	D-serine
DrugBank_DB05042	DB05042	DrugBank	https://go.drugbank.com/drugs/DB05042	Sgs518
DrugBank_DB00715	DB00715	DrugBank	https://go.drugbank.com/drugs/DB00715	Paroxetine
DrugBank_DB04602	DB04602	DrugBank	https://go.drugbank.com/drugs/DB04602	Puromycin Aminonucleoside-5'-monophosphate
DrugBank_DB05105	DB05105	DrugBank	https://go.drugbank.com/drugs/DB05105	Pleconaril
DrugBank_DB11568	DB11568	DrugBank	https://go.drugbank.com/drugs/DB11568	Insulin Tregopil
DrugBank_DB13618	DB13618	DrugBank	https://go.drugbank.com/drugs/DB13618	Ipriflavone
DrugBank_DB11584	DB11584	DrugBank	https://go.drugbank.com/drugs/DB11584	Pipradrol
DrugBank_DB05959	DB05959	DrugBank	https://go.drugbank.com/drugs/DB05959	Enmd-1198
DrugBank_DB05032	DB05032	DrugBank	https://go.drugbank.com/drugs/DB05032	Rev131
DrugBank_DB07531	DB07531	DrugBank	https://go.drugbank.com/drugs/DB07531	4-{5-[(z)-(2,4-dioxo-1,3-thiazolidin-5-ylidene)methyl]furan-2-yl}benzenesulfonamide
DrugBank_DB13506	DB13506	DrugBank	https://go.drugbank.com/drugs/DB13506	Carfecillin
DrugBank_DB13979	DB13979	DrugBank	https://go.drugbank.com/drugs/DB13979	Besilesomab
DrugBank_DB08011	DB08011	DrugBank	https://go.drugbank.com/drugs/DB08011	(3e)-5-fluoro-1-[(6-fluoro-4h-1,3-benzodioxin-8-yl)methyl]-1h-indole-2,3-dione 3-oxime
DrugBank_DB03176	DB03176	DrugBank	https://go.drugbank.com/drugs/DB03176	Kb-141
DrugBank_DB04066	DB04066	DrugBank	https://go.drugbank.com/drugs/DB04066	P-coumaric Acid
DrugBank_DB00456	DB00456	DrugBank	https://go.drugbank.com/drugs/DB00456	Cefalotin
DrugBank_DB06982	DB06982	DrugBank	https://go.drugbank.com/drugs/DB06982	(2s)-8-[(tert-butoxycarbonyl)amino]-2-(1h-indol-3-yl)octanoic Acid
DrugBank_DB13488	DB13488	DrugBank	https://go.drugbank.com/drugs/DB13488	Bencyclane
DrugBank_DB07615	DB07615	DrugBank	https://go.drugbank.com/drugs/DB07615	Tranilast
DrugBank_DB04016	DB04016	DrugBank	https://go.drugbank.com/drugs/DB04016	2-[3-({methyl[1-(2-naphthoyl)piperidin-4-yl]amino}carbonyl)-2-naphthyl]-1-(1-naphthyl)-2-oxoethylphosphonic Acid
DrugBank_DB08565	DB08565	DrugBank	https://go.drugbank.com/drugs/DB08565	L-1-naphthyl-2-acetamido-ethane Boronic Acid
DrugBank_DB07243	DB07243	DrugBank	https://go.drugbank.com/drugs/DB07243	(3-endo)-8-methyl-8-azabicyclo[3.2.1]oct-3-yl 1h-pyrrolo[2,3-b]pyridine-3-carboxylate
DrugBank_DB09225	DB09225	DrugBank	https://go.drugbank.com/drugs/DB09225	Zotepine
DrugBank_DB08429	DB08429	DrugBank	https://go.drugbank.com/drugs/DB08429	N-({(2s)-1-[(3r)-3-amino-4-(3-chlorophenyl)butanoyl]pyrrolidin-2-yl}methyl)-3-(methylsulfonyl)benzamide
DrugBank_DB03841	DB03841	DrugBank	https://go.drugbank.com/drugs/DB03841	Niraxostat
DrugBank_DB01419	DB01419	DrugBank	https://go.drugbank.com/drugs/DB01419	Antrafenine
DrugBank_DB04689	DB04689	DrugBank	https://go.drugbank.com/drugs/DB04689	2-{5-[3-(6-benzoyl-1-propylnaphthalen-2-yloxy)propoxy]indol-1-yl}ethanoic Acid
DrugBank_DB14936	DB14936	DrugBank	https://go.drugbank.com/drugs/DB14936	Menaquinone 6
DrugBank_DB11823	DB11823	DrugBank	https://go.drugbank.com/drugs/DB11823	Esketamine
DrugBank_DB06878	DB06878	DrugBank	https://go.drugbank.com/drugs/DB06878	1-[(2r)-2-aminobutanoyl]-n-(3-chlorobenzyl)-l-prolinamide
DrugBank_DB08020	DB08020	DrugBank	https://go.drugbank.com/drugs/DB08020	(3as,4r,9br)-4-(4-hydroxyphenyl)-6-(methoxymethyl)-1,2,3,3a,4,9b-hexahydrocyclopenta[c]chromen-8-ol
DrugBank_DB08103	DB08103	DrugBank	https://go.drugbank.com/drugs/DB08103	2,6-dibromo-4-phenoxyphenol
DrugBank_DB13523	DB13523	DrugBank	https://go.drugbank.com/drugs/DB13523	Veralipride
DrugBank_DB08162	DB08162	DrugBank	https://go.drugbank.com/drugs/DB08162	Fasudil
DrugBank_DB03048	DB03048	DrugBank	https://go.drugbank.com/drugs/DB03048	6-carboxymethyluracil
DrugBank_DB07908	DB07908	DrugBank	https://go.drugbank.com/drugs/DB07908	7-hydroxy-4-methyl-3-(2-hydroxy-ethyl)coumarin
DrugBank_DB13467	DB13467	DrugBank	https://go.drugbank.com/drugs/DB13467	Lanatoside C
DrugBank_DB00083	DB00083	DrugBank	https://go.drugbank.com/drugs/DB00083	Botulinum Toxin Type A
DrugBank_DB01140	DB01140	DrugBank	https://go.drugbank.com/drugs/DB01140	Cefadroxil
DrugBank_DB07073	DB07073	DrugBank	https://go.drugbank.com/drugs/DB07073	5,5-dimethyl-2-morpholin-4-yl-5,6-dihydro-1,3-benzothiazol-7(4h)-one
DrugBank_DB05882	DB05882	DrugBank	https://go.drugbank.com/drugs/DB05882	Chf 4227
DrugBank_DB13694	DB13694	DrugBank	https://go.drugbank.com/drugs/DB13694	Distigmine
DrugBank_DB04203	DB04203	DrugBank	https://go.drugbank.com/drugs/DB04203	3-mercuri-4-aminobenzenesulfonamide
DrugBank_DB04326	DB04326	DrugBank	https://go.drugbank.com/drugs/DB04326	Dihydroxyacetone Phosphate
DrugBank_DB01830	DB01830	DrugBank	https://go.drugbank.com/drugs/DB01830	Ap-22408
DrugBank_DB04828	DB04828	DrugBank	https://go.drugbank.com/drugs/DB04828	Zomepirac
DrugBank_DB14125	DB14125	DrugBank	https://go.drugbank.com/drugs/DB14125	Benazeprilat
DrugBank_DB02526	DB02526	DrugBank	https://go.drugbank.com/drugs/DB02526	Cra_10655
DrugBank_DB01871	DB01871	DrugBank	https://go.drugbank.com/drugs/DB01871	[1-(1-benzyl-3-hydroxy-2-oxo-propylcarbamoyl)-2-phenyl-ethyl]-carbamic Acid Benzyl Ester
DrugBank_DB11450	DB11450	DrugBank	https://go.drugbank.com/drugs/DB11450	Pimobendan
DrugBank_DB01295	DB01295	DrugBank	https://go.drugbank.com/drugs/DB01295	Bevantolol
DrugBank_DB00171	DB00171	DrugBank	https://go.drugbank.com/drugs/DB00171	Atp
DrugBank_DB06935	DB06935	DrugBank	https://go.drugbank.com/drugs/DB06935	2',6'-difluorobiphenyl-4-carboxylic Acid
DrugBank_DB09460	DB09460	DrugBank	https://go.drugbank.com/drugs/DB09460	Sodium Carbonate
DrugBank_DB05830	DB05830	DrugBank	https://go.drugbank.com/drugs/DB05830	Trestolone
DrugBank_DB05528	DB05528	DrugBank	https://go.drugbank.com/drugs/DB05528	Mipomersen
DrugBank_DB12190	DB12190	DrugBank	https://go.drugbank.com/drugs/DB12190	Faropenem
DrugBank_DB11698	DB11698	DrugBank	https://go.drugbank.com/drugs/DB11698	Ipragliflozin
DrugBank_DB09098	DB09098	DrugBank	https://go.drugbank.com/drugs/DB09098	Somatrem
DrugBank_DB08228	DB08228	DrugBank	https://go.drugbank.com/drugs/DB08228	5,8-dimethoxy-1,4-dimethylquinolin-2(1h)-one
DrugBank_DB11715	DB11715	DrugBank	https://go.drugbank.com/drugs/DB11715	Bapineuzumab
DrugBank_DB12943	DB12943	DrugBank	https://go.drugbank.com/drugs/DB12943	Milatuzumab
DrugBank_DB08816	DB08816	DrugBank	https://go.drugbank.com/drugs/DB08816	Ticagrelor
DrugBank_DB03925	DB03925	DrugBank	https://go.drugbank.com/drugs/DB03925	Freselestat
DrugBank_DB10353	DB10353	DrugBank	https://go.drugbank.com/drugs/DB10353	Poa Annua Pollen
DrugBank_DB11738	DB11738	DrugBank	https://go.drugbank.com/drugs/DB11738	Rilmenidine
DrugBank_DB09234	DB09234	DrugBank	https://go.drugbank.com/drugs/DB09234	Darodipine
DrugBank_DB07747	DB07747	DrugBank	https://go.drugbank.com/drugs/DB07747	(3r)-n-(4-chlorophenyl)-3-(hydroxymethyl)-1,2,3,4-tetrahydroisoquinoline-7-sulfonamide
DrugBank_DB09101	DB09101	DrugBank	https://go.drugbank.com/drugs/DB09101	Elvitegravir
DrugBank_DB12455	DB12455	DrugBank	https://go.drugbank.com/drugs/DB12455	Omadacycline
DrugBank_DB05077	DB05077	DrugBank	https://go.drugbank.com/drugs/DB05077	Slv319
DrugBank_DB11199	DB11199	DrugBank	https://go.drugbank.com/drugs/DB11199	Sage Oil
DrugBank_DB06325	DB06325	DrugBank	https://go.drugbank.com/drugs/DB06325	Pegpleranib
DrugBank_DB08271	DB08271	DrugBank	https://go.drugbank.com/drugs/DB08271	N-isobutyl-n-[4-methoxyphenylsulfonyl]glycyl Hydroxamic Acid
DrugBank_DB08993	DB08993	DrugBank	https://go.drugbank.com/drugs/DB08993	Enviomycin
DrugBank_DB07598	DB07598	DrugBank	https://go.drugbank.com/drugs/DB07598	2,3,6a,7,8,9-hexahydro-11h-[1,4]dioxino[2,3-g]pyrrolo[2,1-b][1,3]benzoxazin-11-one
DrugBank_DB02872	DB02872	DrugBank	https://go.drugbank.com/drugs/DB02872	Cis-[4,5-bis-(4-bromophenyl)-2-(2-ethoxy-4-methoxyphenyl)-4,5-dihydroimidazol-1-yl]-[4-(2-hydroxyethyl)piperazin-1-yl]methanone
DrugBank_DB01423	DB01423	DrugBank	https://go.drugbank.com/drugs/DB01423	Stepronin
DrugBank_DB06529	DB06529	DrugBank	https://go.drugbank.com/drugs/DB06529	Ocinaplon
DrugBank_DB01551	DB01551	DrugBank	https://go.drugbank.com/drugs/DB01551	Dihydrocodeine
DrugBank_DB06159	DB06159	DrugBank	https://go.drugbank.com/drugs/DB06159	Rubitecan
DrugBank_DB13624	DB13624	DrugBank	https://go.drugbank.com/drugs/DB13624	Methoxyphenamine
DrugBank_DB01254	DB01254	DrugBank	https://go.drugbank.com/drugs/DB01254	Dasatinib
DrugBank_DB13358	DB13358	DrugBank	https://go.drugbank.com/drugs/DB13358	Cibenzoline
DrugBank_DB13978	DB13978	DrugBank	https://go.drugbank.com/drugs/DB13978	Selisistat
DrugBank_DB12233	DB12233	DrugBank	https://go.drugbank.com/drugs/DB12233	Iguratimod
DrugBank_DB08136	DB08136	DrugBank	https://go.drugbank.com/drugs/DB08136	4-(acetylamino)-n-(4-fluorophenyl)-1h-pyrazole-3-carboxamide
DrugBank_DB08202	DB08202	DrugBank	https://go.drugbank.com/drugs/DB08202	4-({[(4-methylpiperazin-1-yl)amino]carbonothioyl}amino)benzenesulfonamide
DrugBank_DB01627	DB01627	DrugBank	https://go.drugbank.com/drugs/DB01627	Lincomycin
DrugBank_DB09215	DB09215	DrugBank	https://go.drugbank.com/drugs/DB09215	Droxicam
DrugBank_DB00271	DB00271	DrugBank	https://go.drugbank.com/drugs/DB00271	Diatrizoate
DrugBank_DB02422	DB02422	DrugBank	https://go.drugbank.com/drugs/DB02422	Methyl-2-s-(alpha-d-mannopyranosyl)-2-thio-alpha-d-mannopyranoside
DrugBank_DB00556	DB00556	DrugBank	https://go.drugbank.com/drugs/DB00556	Perflutren
DrugBank_DB01074	DB01074	DrugBank	https://go.drugbank.com/drugs/DB01074	Perhexiline
DrugBank_DB09088	DB09088	DrugBank	https://go.drugbank.com/drugs/DB09088	Amylocaine
DrugBank_DB13259	DB13259	DrugBank	https://go.drugbank.com/drugs/DB13259	Ethyl Chloride
DrugBank_DB13664	DB13664	DrugBank	https://go.drugbank.com/drugs/DB13664	Formocortal
DrugBank_DB13367	DB13367	DrugBank	https://go.drugbank.com/drugs/DB13367	Cloricromen
DrugBank_DB07076	DB07076	DrugBank	https://go.drugbank.com/drugs/DB07076	6-[(z)-amino(imino)methyl]-n-[3-(cyclopentyloxy)phenyl]-2-naphthamide
DrugBank_DB13644	DB13644	DrugBank	https://go.drugbank.com/drugs/DB13644	Methylthiouracil
DrugBank_DB08038	DB08038	DrugBank	https://go.drugbank.com/drugs/DB08038	L-alanyl-n-[(1s,2r)-1-benzyl-2-hydroxypropyl]-l-alaninamide
DrugBank_DB11686	DB11686	DrugBank	https://go.drugbank.com/drugs/DB11686	Iferanserin
DrugBank_DB13363	DB13363	DrugBank	https://go.drugbank.com/drugs/DB13363	Oxaceprol
DrugBank_DB12596	DB12596	DrugBank	https://go.drugbank.com/drugs/DB12596	Combretastatin
DrugBank_DB06446	DB06446	DrugBank	https://go.drugbank.com/drugs/DB06446	Dotarizine
DrugBank_DB04898	DB04898	DrugBank	https://go.drugbank.com/drugs/DB04898	Ximelagatran
DrugBank_DB11410	DB11410	DrugBank	https://go.drugbank.com/drugs/DB11410	Fenbendazole
DrugBank_DB02515	DB02515	DrugBank	https://go.drugbank.com/drugs/DB02515	Sn-glycerol 3-phosphate
DrugBank_DB03166	DB03166	DrugBank	https://go.drugbank.com/drugs/DB03166	Acetic Acid
DrugBank_DB09195	DB09195	DrugBank	https://go.drugbank.com/drugs/DB09195	Lorpiprazole
DrugBank_DB08051	DB08051	DrugBank	https://go.drugbank.com/drugs/DB08051	(2r)-4-(2-benzoyl-1,2-diazepan-1-yl)-4-oxo-1-(2,4,5-trifluorophenyl)butan-2-amine
DrugBank_DB09194	DB09194	DrugBank	https://go.drugbank.com/drugs/DB09194	Etoperidone
DrugBank_DB00670	DB00670	DrugBank	https://go.drugbank.com/drugs/DB00670	Pirenzepine
DrugBank_DB05404	DB05404	DrugBank	https://go.drugbank.com/drugs/DB05404	Azd 3355
DrugBank_DB02336	DB02336	DrugBank	https://go.drugbank.com/drugs/DB02336	Ru83876
DrugBank_DB05971	DB05971	DrugBank	https://go.drugbank.com/drugs/DB05971	Archexin
DrugBank_DB07741	DB07741	DrugBank	https://go.drugbank.com/drugs/DB07741	4-(1r,3as,4r,8as,8br)-[1-difluoromethyl-2-(4-fluorobenzyl)-3-oxodecahydropyrrolo[3,4-a]pyrrolizin-4-yl]benzamidine
DrugBank_DB02871	DB02871	DrugBank	https://go.drugbank.com/drugs/DB02871	3-butylthiolane 1-oxide
DrugBank_DB06521	DB06521	DrugBank	https://go.drugbank.com/drugs/DB06521	Ertiprotafib
DrugBank_DB08423	DB08423	DrugBank	https://go.drugbank.com/drugs/DB08423	[5-amino-1-(4-fluorophenyl)-1h-pyrazol-4-yl][3-(piperidin-4-yloxy)phenyl]methanone
DrugBank_DB02552	DB02552	DrugBank	https://go.drugbank.com/drugs/DB02552	Geranyl Diphosphate
DrugBank_DB00654	DB00654	DrugBank	https://go.drugbank.com/drugs/DB00654	Latanoprost
DrugBank_DB04336	DB04336	DrugBank	https://go.drugbank.com/drugs/DB04336	1-(4-amidinophenyl)-3-(4-chlorophenyl)urea
DrugBank_DB07899	DB07899	DrugBank	https://go.drugbank.com/drugs/DB07899	(2s) N-acetyl-l-alanyl-αl-phenylalanyl-chloroethylketone
DrugBank_DB00076	DB00076	DrugBank	https://go.drugbank.com/drugs/DB00076	Digoxin Immune Fab (ovine)
DrugBank_DB04222	DB04222	DrugBank	https://go.drugbank.com/drugs/DB04222	Sparsomycin
DrugBank_DB01889	DB01889	DrugBank	https://go.drugbank.com/drugs/DB01889	16,17-androstene-3-ol
DrugBank_DB07539	DB07539	DrugBank	https://go.drugbank.com/drugs/DB07539	4-{5-[(z)-(2-imino-4-oxo-1,3-thiazolidin-5-ylidene)methyl]furan-2-yl}benzoic Acid
DrugBank_DB00113	DB00113	DrugBank	https://go.drugbank.com/drugs/DB00113	Technetium Tc-99m Arcitumomab
DrugBank_DB00987	DB00987	DrugBank	https://go.drugbank.com/drugs/DB00987	Cytarabine
DrugBank_DB08836	DB08836	DrugBank	https://go.drugbank.com/drugs/DB08836	Temocapril
DrugBank_DB03372	DB03372	DrugBank	https://go.drugbank.com/drugs/DB03372	3-mercapto-1-(1,3,4,9-tetrahydro-b-carbolin-2-yl)-propan-1-one
DrugBank_DB09174	DB09174	DrugBank	https://go.drugbank.com/drugs/DB09174	Lofentanil
DrugBank_DB14532	DB14532	DrugBank	https://go.drugbank.com/drugs/DB14532	Zinc Cation
DrugBank_DB06795	DB06795	DrugBank	https://go.drugbank.com/drugs/DB06795	Mafenide
DrugBank_DB06796	DB06796	DrugBank	https://go.drugbank.com/drugs/DB06796	Mangafodipir
DrugBank_DB10600	DB10600	DrugBank	https://go.drugbank.com/drugs/DB10600	Influenza A Virus A/california/7/2009 X-181 (h1n1) Antigen (propiolactone Inactivated)
DrugBank_DB06941	DB06941	DrugBank	https://go.drugbank.com/drugs/DB06941	(z)-2-[2-(4-methylpiperazin-1-yl)benzyl]diazenecarbothioamide
DrugBank_DB04223	DB04223	DrugBank	https://go.drugbank.com/drugs/DB04223	Nitroarginine
DrugBank_DB05447	DB05447	DrugBank	https://go.drugbank.com/drugs/DB05447	Avi-4557
DrugBank_DB08809	DB08809	DrugBank	https://go.drugbank.com/drugs/DB08809	Dichloroacetic Acid
DrugBank_DB04816	DB04816	DrugBank	https://go.drugbank.com/drugs/DB04816	Dantron
DrugBank_DB11609	DB11609	DrugBank	https://go.drugbank.com/drugs/DB11609	Normethadone
DrugBank_DB00154	DB00154	DrugBank	https://go.drugbank.com/drugs/DB00154	Dihomo-gamma-linolenic Acid
DrugBank_DB08532	DB08532	DrugBank	https://go.drugbank.com/drugs/DB08532	6-(2-fluorophenyl)-n-(pyridin-3-ylmethyl)imidazo[1,2-a]pyrazin-8-amine
DrugBank_DB07325	DB07325	DrugBank	https://go.drugbank.com/drugs/DB07325	N-[(2-amino-6-methylpyrimidin-4-yl)methyl]-3-{[(e)-(2-oxodihydrofuran-3(2h)-ylidene)methyl]amino}benzenesulfonamide
DrugBank_DB13272	DB13272	DrugBank	https://go.drugbank.com/drugs/DB13272	Meladrazine
DrugBank_DB00346	DB00346	DrugBank	https://go.drugbank.com/drugs/DB00346	Alfuzosin
DrugBank_DB00345	DB00345	DrugBank	https://go.drugbank.com/drugs/DB00345	Aminohippuric Acid
DrugBank_DB04447	DB04447	DrugBank	https://go.drugbank.com/drugs/DB04447	1,4-dithiothreitol
DrugBank_DB04140	DB04140	DrugBank	https://go.drugbank.com/drugs/DB04140	1-benzyl-3-(4-methoxy-benzenesulfonyl)-6-oxo-hexahydro-pyrimidine-4-carboxylic Acid Hydroxyamide
DrugBank_DB00517	DB00517	DrugBank	https://go.drugbank.com/drugs/DB00517	Anisotropine Methylbromide
DrugBank_DB07368	DB07368	DrugBank	https://go.drugbank.com/drugs/DB07368	4-(methylsulfonyl)benzenecarboximidamide
DrugBank_DB12950	DB12950	DrugBank	https://go.drugbank.com/drugs/DB12950	Albusomatropin
DrugBank_DB01240	DB01240	DrugBank	https://go.drugbank.com/drugs/DB01240	Epoprostenol
DrugBank_DB12483	DB12483	DrugBank	https://go.drugbank.com/drugs/DB12483	Copanlisib
DrugBank_DB01142	DB01142	DrugBank	https://go.drugbank.com/drugs/DB01142	Doxepin
DrugBank_DB05718	DB05718	DrugBank	https://go.drugbank.com/drugs/DB05718	Maxy-g34
DrugBank_DB05092	DB05092	DrugBank	https://go.drugbank.com/drugs/DB05092	Cdp323
DrugBank_DB12246	DB12246	DrugBank	https://go.drugbank.com/drugs/DB12246	Inclacumab
DrugBank_DB00942	DB00942	DrugBank	https://go.drugbank.com/drugs/DB00942	Cycrimine
DrugBank_DB07574	DB07574	DrugBank	https://go.drugbank.com/drugs/DB07574	2-mercapto-n-[1,2,3,10-tetramethoxy-9-oxo-5,6,7,9-tetrahydro-benzo[a]heptalen-7-yl]acetamide
DrugBank_DB09257	DB09257	DrugBank	https://go.drugbank.com/drugs/DB09257	Gimeracil
DrugBank_DB14213	DB14213	DrugBank	https://go.drugbank.com/drugs/DB14213	Perindoprilat
DrugBank_DB07455	DB07455	DrugBank	https://go.drugbank.com/drugs/DB07455	N,n'-[biphenyl-4,4'-diyldi(2r)propane-2,1-diyl]dimethanesulfonamide
DrugBank_DB06599	DB06599	DrugBank	https://go.drugbank.com/drugs/DB06599	Lexatumumab
DrugBank_DB05399	DB05399	DrugBank	https://go.drugbank.com/drugs/DB05399	Succinobucol
DrugBank_DB08201	DB08201	DrugBank	https://go.drugbank.com/drugs/DB08201	(1s)-menthyl Hexyl Phosphonate Group
DrugBank_DB00349	DB00349	DrugBank	https://go.drugbank.com/drugs/DB00349	Clobazam
DrugBank_DB05675	DB05675	DrugBank	https://go.drugbank.com/drugs/DB05675	Ep-2104r
DrugBank_DB07756	DB07756	DrugBank	https://go.drugbank.com/drugs/DB07756	1-[3-({[(4-amino-5-fluoro-2-methylquinolin-3-yl)methyl]thio}methyl)phenyl]-2,2,2-trifluoroethane-1,1-diol
DrugBank_DB08891	DB08891	DrugBank	https://go.drugbank.com/drugs/DB08891	Arbaclofen
DrugBank_DB01128	DB01128	DrugBank	https://go.drugbank.com/drugs/DB01128	Bicalutamide
DrugBank_DB07888	DB07888	DrugBank	https://go.drugbank.com/drugs/DB07888	3-(4-hydroxyphenyl)-4,5-dihydro-5-isoxazole-acetic Acid Methyl Ester
DrugBank_DB14713	DB14713	DrugBank	https://go.drugbank.com/drugs/DB14713	Inotersen
DrugBank_DB00999	DB00999	DrugBank	https://go.drugbank.com/drugs/DB00999	Hydrochlorothiazide
DrugBank_DB02740	DB02740	DrugBank	https://go.drugbank.com/drugs/DB02740	3-indolebutyric Acid
DrugBank_DB06191	DB06191	DrugBank	https://go.drugbank.com/drugs/DB06191	Zosuquidar
DrugBank_DB09255	DB09255	DrugBank	https://go.drugbank.com/drugs/DB09255	Dextran
DrugBank_DB12111	DB12111	DrugBank	https://go.drugbank.com/drugs/DB12111	Mk-212
DrugBank_DB01917	DB01917	DrugBank	https://go.drugbank.com/drugs/DB01917	Putrescine
DrugBank_DB12554	DB12554	DrugBank	https://go.drugbank.com/drugs/DB12554	Mebeverine
DrugBank_DB12543	DB12543	DrugBank	https://go.drugbank.com/drugs/DB12543	Samidorphan
DrugBank_DB11732	DB11732	DrugBank	https://go.drugbank.com/drugs/DB11732	Lasmiditan
DrugBank_DB07746	DB07746	DrugBank	https://go.drugbank.com/drugs/DB07746	3-ethyl-6-{[(4-fluorophenyl)sulfonyl]amino}-2-methylbenzoic Acid
DrugBank_DB08618	DB08618	DrugBank	https://go.drugbank.com/drugs/DB08618	3-(hydroxy-phenyl-phosphinoyloxy)-8-methyl-8-aza-bicyclo[3.2.1]octane-2-carboxylic Acid Methyl Ester
DrugBank_DB01299	DB01299	DrugBank	https://go.drugbank.com/drugs/DB01299	Sulfadoxine
DrugBank_DB06901	DB06901	DrugBank	https://go.drugbank.com/drugs/DB06901	2-(2-hydroxy-cyclopentyl)-pent-4-enal
DrugBank_DB03923	DB03923	DrugBank	https://go.drugbank.com/drugs/DB03923	Feruloyl Coenzyme A
DrugBank_DB02723	DB02723	DrugBank	https://go.drugbank.com/drugs/DB02723	4-oxo-2-phenylmethanesulfonyl-octahydro-pyrrolo[1,2-a]pyrazine-6-carboxylic Acid [1-(n-hydroxycarbamimidoyl)-piperidin-4-ylmethyl]-amide
DrugBank_DB06822	DB06822	DrugBank	https://go.drugbank.com/drugs/DB06822	Tinzaparin
DrugBank_DB02306	DB02306	DrugBank	https://go.drugbank.com/drugs/DB02306	Palmitoyl-linoleoyl Phosphatidylcholine
DrugBank_DB08192	DB08192	DrugBank	https://go.drugbank.com/drugs/DB08192	2-(4-carcoxy-5-isopropylthiazolyl)benzopiperidine
DrugBank_DB00147	DB00147	DrugBank	https://go.drugbank.com/drugs/DB00147	Pyridoxal
DrugBank_DB09028	DB09028	DrugBank	https://go.drugbank.com/drugs/DB09028	Cytisine
DrugBank_DB10770	DB10770	DrugBank	https://go.drugbank.com/drugs/DB10770	Foreskin Fibroblast (neonatal)
DrugBank_DB04237	DB04237	DrugBank	https://go.drugbank.com/drugs/DB04237	Tris(hydroxyethyl)aminomethane
DrugBank_DB08889	DB08889	DrugBank	https://go.drugbank.com/drugs/DB08889	Carfilzomib
DrugBank_DB00697	DB00697	DrugBank	https://go.drugbank.com/drugs/DB00697	Tizanidine
DrugBank_DB08970	DB08970	DrugBank	https://go.drugbank.com/drugs/DB08970	Fluprednidene
DrugBank_DB00884	DB00884	DrugBank	https://go.drugbank.com/drugs/DB00884	Risedronic Acid
DrugBank_DB08358	DB08358	DrugBank	https://go.drugbank.com/drugs/DB08358	2-(2-quinolin-3-ylpyridin-4-yl)-1,5,6,7-tetrahydro-4h-pyrrolo[3,2-c]pyridin-4-one
DrugBank_DB02074	DB02074	DrugBank	https://go.drugbank.com/drugs/DB02074	Butenoic Acid
DrugBank_DB12530	DB12530	DrugBank	https://go.drugbank.com/drugs/DB12530	Inebilizumab
DrugBank_DB08004	DB08004	DrugBank	https://go.drugbank.com/drugs/DB08004	(2s)-2-{[3-(3-aminophenyl)imidazo[1,2-b]pyridazin-6-yl]amino}-3-methylbutan-1-ol
DrugBank_DB04197	DB04197	DrugBank	https://go.drugbank.com/drugs/DB04197	Descarboxy-nor-n(omega)-hydroxy-l-arginine
DrugBank_DB00437	DB00437	DrugBank	https://go.drugbank.com/drugs/DB00437	Allopurinol
DrugBank_DB00410	DB00410	DrugBank	https://go.drugbank.com/drugs/DB00410	Mupirocin
DrugBank_DB08152	DB08152	DrugBank	https://go.drugbank.com/drugs/DB08152	{(2s)-1-[n-(tert-butoxycarbonyl)glycyl]pyrrolidin-2-yl}methyl (3-chlorophenyl)acetate
DrugBank_DB06554	DB06554	DrugBank	https://go.drugbank.com/drugs/DB06554	Gaboxadol
DrugBank_DB05405	DB05405	DrugBank	https://go.drugbank.com/drugs/DB05405	Xtl-001
DrugBank_DB11327	DB11327	DrugBank	https://go.drugbank.com/drugs/DB11327	Dipyrithione
DrugBank_DB07194	DB07194	DrugBank	https://go.drugbank.com/drugs/DB07194	2-{2-[(3,5-dimethylphenyl)amino]pyrimidin-4-yl}-n-[(1s)-2-hydroxy-1-methylethyl]-4-methyl-1,3-thiazole-5-carboxamide
DrugBank_DB03568	DB03568	DrugBank	https://go.drugbank.com/drugs/DB03568	Butyric Acid
DrugBank_DB03928	DB03928	DrugBank	https://go.drugbank.com/drugs/DB03928	Carboxymethylthio-3-(3-chlorophenyl)-1,2,4-oxadiazol
DrugBank_DB07378	DB07378	DrugBank	https://go.drugbank.com/drugs/DB07378	4-amino-2-octyloxy-6-hydroxymethyl-tetrahydro-pyran-3,5-diol
DrugBank_DB12127	DB12127	DrugBank	https://go.drugbank.com/drugs/DB12127	Sultamicillin
DrugBank_DB09070	DB09070	DrugBank	https://go.drugbank.com/drugs/DB09070	Tibolone
DrugBank_DB13152	DB13152	DrugBank	https://go.drugbank.com/drugs/DB13152	Coagulation Factor Ix Human
DrugBank_DB00481	DB00481	DrugBank	https://go.drugbank.com/drugs/DB00481	Raloxifene
DrugBank_DB06478	DB06478	DrugBank	https://go.drugbank.com/drugs/DB06478	Porfiromycin
DrugBank_DB00972	DB00972	DrugBank	https://go.drugbank.com/drugs/DB00972	Azelastine
DrugBank_DB10494	DB10494	DrugBank	https://go.drugbank.com/drugs/DB10494	Distichlis Spicata Pollen
DrugBank_DB05088	DB05088	DrugBank	https://go.drugbank.com/drugs/DB05088	Tetrathiomolybdate
DrugBank_DB03270	DB03270	DrugBank	https://go.drugbank.com/drugs/DB03270	2,6-difluorobenzenesulfonamide
DrugBank_DB05049	DB05049	DrugBank	https://go.drugbank.com/drugs/DB05049	Ddp733
DrugBank_DB13808	DB13808	DrugBank	https://go.drugbank.com/drugs/DB13808	Mebhydrolin
DrugBank_DB06145	DB06145	DrugBank	https://go.drugbank.com/drugs/DB06145	Spiramycin
DrugBank_DB02386	DB02386	DrugBank	https://go.drugbank.com/drugs/DB02386	Leucine Phosphonic Acid
DrugBank_DB13145	DB13145	DrugBank	https://go.drugbank.com/drugs/DB13145	Nedaplatin
DrugBank_DB01023	DB01023	DrugBank	https://go.drugbank.com/drugs/DB01023	Felodipine
DrugBank_DB12702	DB12702	DrugBank	https://go.drugbank.com/drugs/DB12702	Velusetrag
DrugBank_DB00971	DB00971	DrugBank	https://go.drugbank.com/drugs/DB00971	Selenium Sulfide
DrugBank_DB03126	DB03126	DrugBank	https://go.drugbank.com/drugs/DB03126	Mant-adp
DrugBank_DB03594	DB03594	DrugBank	https://go.drugbank.com/drugs/DB03594	1,2,4-triazole
DrugBank_DB04868	DB04868	DrugBank	https://go.drugbank.com/drugs/DB04868	Nilotinib
DrugBank_DB02570	DB02570	DrugBank	https://go.drugbank.com/drugs/DB02570	Pd150606
DrugBank_DB02260	DB02260	DrugBank	https://go.drugbank.com/drugs/DB02260	4-oxosebacic Acid
DrugBank_DB00404	DB00404	DrugBank	https://go.drugbank.com/drugs/DB00404	Alprazolam
DrugBank_DB12826	DB12826	DrugBank	https://go.drugbank.com/drugs/DB12826	Depatuxizumab
DrugBank_DB07627	DB07627	DrugBank	https://go.drugbank.com/drugs/DB07627	(2s)-4-methyl-2-(3-phenylthioureido)-n-((3s)-tetrahydro-2-hydroxy-3-furanyl)pentanamide
DrugBank_DB13400	DB13400	DrugBank	https://go.drugbank.com/drugs/DB13400	Linsidomine
DrugBank_DB13849	DB13849	DrugBank	https://go.drugbank.com/drugs/DB13849	Clofibride
DrugBank_DB09218	DB09218	DrugBank	https://go.drugbank.com/drugs/DB09218	Clonixin
DrugBank_DB00384	DB00384	DrugBank	https://go.drugbank.com/drugs/DB00384	Triamterene
DrugBank_DB00980	DB00980	DrugBank	https://go.drugbank.com/drugs/DB00980	Ramelteon
DrugBank_DB01267	DB01267	DrugBank	https://go.drugbank.com/drugs/DB01267	Paliperidone
DrugBank_DB08229	DB08229	DrugBank	https://go.drugbank.com/drugs/DB08229	[n-(3-dibenzylcarbamoyl-oxiranecarbonyl)-hydrazino]-acetic Acid
DrugBank_DB07140	DB07140	DrugBank	https://go.drugbank.com/drugs/DB07140	5-[(3r)-3-(5-methoxybiphenyl-3-yl)but-1-yn-1-yl]-6-methylpyrimidine-2,4-diamine
DrugBank_DB02423	DB02423	DrugBank	https://go.drugbank.com/drugs/DB02423	Thiopyrophosphate
DrugBank_DB01681	DB01681	DrugBank	https://go.drugbank.com/drugs/DB01681	Benzene Hexacarboxylic Acid
DrugBank_DB08661	DB08661	DrugBank	https://go.drugbank.com/drugs/DB08661	1-(2,5-dideoxy-5-pyrrolidin-1-yl-beta-l-erythro-pentofuranosyl)-5-methylpyrimidine-2,4(1h,3h)-dione
DrugBank_DB13496	DB13496	DrugBank	https://go.drugbank.com/drugs/DB13496	Iprindole
DrugBank_DB08735	DB08735	DrugBank	https://go.drugbank.com/drugs/DB08735	R,s-warfarin Alcohol
DrugBank_DB02335	DB02335	DrugBank	https://go.drugbank.com/drugs/DB02335	2-aminothiazoline
DrugBank_DB08942	DB08942	DrugBank	https://go.drugbank.com/drugs/DB08942	Isoxicam
DrugBank_DB14568	DB14568	DrugBank	https://go.drugbank.com/drugs/DB14568	Ivosidenib
DrugBank_DB01365	DB01365	DrugBank	https://go.drugbank.com/drugs/DB01365	Mephentermine
DrugBank_DB06133	DB06133	DrugBank	https://go.drugbank.com/drugs/DB06133	Dimethylcurcumin
DrugBank_DB05415	DB05415	DrugBank	https://go.drugbank.com/drugs/DB05415	Osi-461
DrugBank_DB07976	DB07976	DrugBank	https://go.drugbank.com/drugs/DB07976	3-{[(3-fluoro-3'-methoxybiphenyl-4-yl)amino]carbonyl}thiophene-2-carboxylic Acid
DrugBank_DB06830	DB06830	DrugBank	https://go.drugbank.com/drugs/DB06830	(1-hydroxyheptane-1,1-diyl)bis(phosphonic Acid)
DrugBank_DB13128	DB13128	DrugBank	https://go.drugbank.com/drugs/DB13128	Sizofiran
DrugBank_DB04803	DB04803	DrugBank	https://go.drugbank.com/drugs/DB04803	Verdoheme
DrugBank_DB01579	DB01579	DrugBank	https://go.drugbank.com/drugs/DB01579	Phendimetrazine
DrugBank_DB02547	DB02547	DrugBank	https://go.drugbank.com/drugs/DB02547	Guanosine-5'-diphosphate-rhamnose
DrugBank_DB06365	DB06365	DrugBank	https://go.drugbank.com/drugs/DB06365	Sapacitabine
DrugBank_DB09213	DB09213	DrugBank	https://go.drugbank.com/drugs/DB09213	Dexibuprofen
DrugBank_DB06857	DB06857	DrugBank	https://go.drugbank.com/drugs/DB06857	N-(4-carbamimidoyl-3-choro-phenyl)-2-hydroxy-3-iodo-5-methyl-benzamide
DrugBank_DB12416	DB12416	DrugBank	https://go.drugbank.com/drugs/DB12416	Vtp-27999
DrugBank_DB14156	DB14156	DrugBank	https://go.drugbank.com/drugs/DB14156	Synthetic Camphor
DrugBank_DB04217	DB04217	DrugBank	https://go.drugbank.com/drugs/DB04217	L-2-amino-3-butynoic Acid
DrugBank_DB12296	DB12296	DrugBank	https://go.drugbank.com/drugs/DB12296	Gs-5745
DrugBank_DB11131	DB11131	DrugBank	https://go.drugbank.com/drugs/DB11131	Capsicum Oleoresin
DrugBank_DB13782	DB13782	DrugBank	https://go.drugbank.com/drugs/DB13782	Imipramine Oxide
DrugBank_DB09459	DB09459	DrugBank	https://go.drugbank.com/drugs/DB09459	L-tartaric Acid
DrugBank_DB12670	DB12670	DrugBank	https://go.drugbank.com/drugs/DB12670	Rolofylline
DrugBank_DB00144	DB00144	DrugBank	https://go.drugbank.com/drugs/DB00144	Phosphatidyl Serine
DrugBank_DB14651	DB14651	DrugBank	https://go.drugbank.com/drugs/DB14651	Perphenazine Enanthate
DrugBank_DB00045	DB00045	DrugBank	https://go.drugbank.com/drugs/DB00045	Lyme Disease Vaccine (recombinant Ospa)
DrugBank_DB14526	DB14526	DrugBank	https://go.drugbank.com/drugs/DB14526	Chromic Citrate
DrugBank_DB08594	DB08594	DrugBank	https://go.drugbank.com/drugs/DB08594	Tert-butyl 2-cyano-2-methylhydrazinecarboxylate
DrugBank_DB00270	DB00270	DrugBank	https://go.drugbank.com/drugs/DB00270	Isradipine
DrugBank_DB12445	DB12445	DrugBank	https://go.drugbank.com/drugs/DB12445	Nitroaspirin
DrugBank_DB07563	DB07563	DrugBank	https://go.drugbank.com/drugs/DB07563	1-{7-cyclohexyl-6-[4-(4-methylpiperazin-1-yl)benzyl]-7h-pyrrolo[2,3-d]pyrimidin-2-yl}methanamine
DrugBank_DB01351	DB01351	DrugBank	https://go.drugbank.com/drugs/DB01351	Amobarbital
DrugBank_DB04389	DB04389	DrugBank	https://go.drugbank.com/drugs/DB04389	Ado-p-ch2-p-ps-ado
DrugBank_DB03753	DB03753	DrugBank	https://go.drugbank.com/drugs/DB03753	Flurbiprofen Methyl Ester
DrugBank_DB08643	DB08643	DrugBank	https://go.drugbank.com/drugs/DB08643	2-(2-{2-[(biphenyl-4-ylmethyl)-amino]-3-mercapto-pentanoylamino}-acetylamino)-3-methyl-butyric Acid Methyl Ester
DrugBank_DB08392	DB08392	DrugBank	https://go.drugbank.com/drugs/DB08392	2-[5,6-bis-(4-methoxy-phenyl)-furo[2,3-d]pyrimidin-4-ylamino]-ethanol
DrugBank_DB11413	DB11413	DrugBank	https://go.drugbank.com/drugs/DB11413	Florfenicol
DrugBank_DB06993	DB06993	DrugBank	https://go.drugbank.com/drugs/DB06993	(2s,3s)-4-cyclopropyl-3-{(3r,5r)-3-[2-fluoro-4-(methylsulfonyl)phenyl]-1,2,4-oxadiazolidin-5-yl}-1-[(3s)-3-fluoropyrrolidin-1-yl]-1-oxobutan-2-amine
DrugBank_DB07783	DB07783	DrugBank	https://go.drugbank.com/drugs/DB07783	1-((1r)-1-(hydroxymethyl)-3-{6-[(3-phenylpropanoyl)amino]-1h-indol-1-yl}propyl)-1h-imidazole-4-carboxamide
DrugBank_DB00834	DB00834	DrugBank	https://go.drugbank.com/drugs/DB00834	Mifepristone
DrugBank_DB12082	DB12082	DrugBank	https://go.drugbank.com/drugs/DB12082	Vesnarinone
DrugBank_DB06917	DB06917	DrugBank	https://go.drugbank.com/drugs/DB06917	(4-fluorophenyl)(pyridin-4-yl)methanone
DrugBank_DB05015	DB05015	DrugBank	https://go.drugbank.com/drugs/DB05015	Belinostat
DrugBank_DB01861	DB01861	DrugBank	https://go.drugbank.com/drugs/DB01861	Uridine Diphosphate Glucose
DrugBank_DB02676	DB02676	DrugBank	https://go.drugbank.com/drugs/DB02676	2-[3-(2-hydroxy-1,1-dihydroxymethyl-ethylamino)-propylamino]-2-hydroxymethyl-propane-1,3-diol
DrugBank_DB00419	DB00419	DrugBank	https://go.drugbank.com/drugs/DB00419	Miglustat
DrugBank_DB04234	DB04234	DrugBank	https://go.drugbank.com/drugs/DB04234	N2-({[(4-bromophenyl)methyl]oxy}carbonyl)-n1-[(1s)-1-formylpentyl]-l-leucinamide
DrugBank_DB00232	DB00232	DrugBank	https://go.drugbank.com/drugs/DB00232	Methyclothiazide
DrugBank_DB01332	DB01332	DrugBank	https://go.drugbank.com/drugs/DB01332	Ceftizoxime
DrugBank_DB00448	DB00448	DrugBank	https://go.drugbank.com/drugs/DB00448	Lansoprazole
DrugBank_DB13322	DB13322	DrugBank	https://go.drugbank.com/drugs/DB13322	Hydrotalcite
DrugBank_DB00225	DB00225	DrugBank	https://go.drugbank.com/drugs/DB00225	Gadodiamide
DrugBank_DB02966	DB02966	DrugBank	https://go.drugbank.com/drugs/DB02966	Fluoro-willardiine
DrugBank_DB12128	DB12128	DrugBank	https://go.drugbank.com/drugs/DB12128	Ulimorelin
DrugBank_DB11171	DB11171	DrugBank	https://go.drugbank.com/drugs/DB11171	Ferric Sulfate
DrugBank_DB06800	DB06800	DrugBank	https://go.drugbank.com/drugs/DB06800	Methylnaltrexone
DrugBank_DB06198	DB06198	DrugBank	https://go.drugbank.com/drugs/DB06198	Alovudine
DrugBank_DB06954	DB06954	DrugBank	https://go.drugbank.com/drugs/DB06954	2-(cycloheptylmethyl)-1,1-dioxido-1-benzothiophen-6-yl Sulfamate
DrugBank_DB01046	DB01046	DrugBank	https://go.drugbank.com/drugs/DB01046	Lubiprostone
DrugBank_DB03434	DB03434	DrugBank	https://go.drugbank.com/drugs/DB03434	3-(n-morpholino)propanesulfonic Acid
DrugBank_DB07665	DB07665	DrugBank	https://go.drugbank.com/drugs/DB07665	N-[2-(carbamimidamidooxy)ethyl]-2-{6-cyano-3-[(2,2-difluoro-2-pyridin-2-ylethyl)amino]-2-fluorophenyl}acetamide
DrugBank_DB06101	DB06101	DrugBank	https://go.drugbank.com/drugs/DB06101	Imc-1c11
DrugBank_DB00810	DB00810	DrugBank	https://go.drugbank.com/drugs/DB00810	Biperiden
DrugBank_DB14860	DB14860	DrugBank	https://go.drugbank.com/drugs/DB14860	Ensartinib
DrugBank_DB12028	DB12028	DrugBank	https://go.drugbank.com/drugs/DB12028	Broxuridine
DrugBank_DB09038	DB09038	DrugBank	https://go.drugbank.com/drugs/DB09038	Empagliflozin
DrugBank_DB04707	DB04707	DrugBank	https://go.drugbank.com/drugs/DB04707	Hydroxyfasudil
DrugBank_DB12687	DB12687	DrugBank	https://go.drugbank.com/drugs/DB12687	Vesatolimod
DrugBank_DB13413	DB13413	DrugBank	https://go.drugbank.com/drugs/DB13413	Phenglutarimide
DrugBank_DB05814	DB05814	DrugBank	https://go.drugbank.com/drugs/DB05814	Gpi-1485
DrugBank_DB03424	DB03424	DrugBank	https://go.drugbank.com/drugs/DB03424	Ubenimex
DrugBank_DB00616	DB00616	DrugBank	https://go.drugbank.com/drugs/DB00616	Candoxatril
DrugBank_DB03435	DB03435	DrugBank	https://go.drugbank.com/drugs/DB03435	Uridine-5'-diphosphate
DrugBank_DB08835	DB08835	DrugBank	https://go.drugbank.com/drugs/DB08835	Spaglumic Acid
DrugBank_DB00074	DB00074	DrugBank	https://go.drugbank.com/drugs/DB00074	Basiliximab
DrugBank_DB02155	DB02155	DrugBank	https://go.drugbank.com/drugs/DB02155	3-[(3-sec-butyl-4-hydroxybenzoyl)amino]azepan-4-yl 4-(2-hydroxy-5-methoxybenzoyl)benzoate
DrugBank_DB07322	DB07322	DrugBank	https://go.drugbank.com/drugs/DB07322	2-[(phenylsulfonyl)amino]-5,6,7,8-tetrahydronaphthalene-1-carboxylic Acid
DrugBank_DB00752	DB00752	DrugBank	https://go.drugbank.com/drugs/DB00752	Tranylcypromine
DrugBank_DB07423	DB07423	DrugBank	https://go.drugbank.com/drugs/DB07423	Andarine
DrugBank_DB03977	DB03977	DrugBank	https://go.drugbank.com/drugs/DB03977	Trimethyllysine
DrugBank_DB05245	DB05245	DrugBank	https://go.drugbank.com/drugs/DB05245	Silver Sulfadiazine
DrugBank_DB08439	DB08439	DrugBank	https://go.drugbank.com/drugs/DB08439	Parecoxib
DrugBank_DB01115	DB01115	DrugBank	https://go.drugbank.com/drugs/DB01115	Nifedipine
DrugBank_DB11735	DB11735	DrugBank	https://go.drugbank.com/drugs/DB11735	Galactose
DrugBank_DB01727	DB01727	DrugBank	https://go.drugbank.com/drugs/DB01727	Isocitric Acid
DrugBank_DB10990	DB10990	DrugBank	https://go.drugbank.com/drugs/DB10990	Haemophilus Influenzae Type B Strain 20752 Capsular Polysaccharide Tetanus Toxoid Conjugate Antigen
DrugBank_DB06474	DB06474	DrugBank	https://go.drugbank.com/drugs/DB06474	Sibrotuzumab
DrugBank_DB03619	DB03619	DrugBank	https://go.drugbank.com/drugs/DB03619	Deoxycholic Acid
DrugBank_DB02643	DB02643	DrugBank	https://go.drugbank.com/drugs/DB02643	N-dodecyl-n,n-dimethyl-3-ammonio-1-propanesulfonate
DrugBank_DB01255	DB01255	DrugBank	https://go.drugbank.com/drugs/DB01255	Lisdexamfetamine
DrugBank_DB03060	DB03060	DrugBank	https://go.drugbank.com/drugs/DB03060	Sri-9662
DrugBank_DB11827	DB11827	DrugBank	https://go.drugbank.com/drugs/DB11827	Ertugliflozin
DrugBank_DB07714	DB07714	DrugBank	https://go.drugbank.com/drugs/DB07714	6-(3-methyl-1,4-dioxo-1,4-dihydronaphthalen-2-yl)hexanoic Acid
DrugBank_DB02045	DB02045	DrugBank	https://go.drugbank.com/drugs/DB02045	Amylamine
DrugBank_DB14015	DB14015	DrugBank	https://go.drugbank.com/drugs/DB14015	Sodium Bisulfite
DrugBank_DB00673	DB00673	DrugBank	https://go.drugbank.com/drugs/DB00673	Aprepitant
DrugBank_DB00600	DB00600	DrugBank	https://go.drugbank.com/drugs/DB00600	Monobenzone
DrugBank_DB13649	DB13649	DrugBank	https://go.drugbank.com/drugs/DB13649	Proquazone
DrugBank_DB13273	DB13273	DrugBank	https://go.drugbank.com/drugs/DB13273	Sultopride
DrugBank_DB00042	DB00042	DrugBank	https://go.drugbank.com/drugs/DB00042	Botulinum Toxin Type B
DrugBank_DB12569	DB12569	DrugBank	https://go.drugbank.com/drugs/DB12569	Tonapofylline
DrugBank_DB03439	DB03439	DrugBank	https://go.drugbank.com/drugs/DB03439	4,6-dideoxy-4-amino-alpha-d-glucose
DrugBank_DB08807	DB08807	DrugBank	https://go.drugbank.com/drugs/DB08807	Bopindolol
DrugBank_DB15274	DB15274	DrugBank	https://go.drugbank.com/drugs/DB15274	Pertussis Vaccine
DrugBank_DB05080	DB05080	DrugBank	https://go.drugbank.com/drugs/DB05080	Obe101
DrugBank_DB00493	DB00493	DrugBank	https://go.drugbank.com/drugs/DB00493	Cefotaxime
DrugBank_DB14997	DB14997	DrugBank	https://go.drugbank.com/drugs/DB14997	Pateclizumab
DrugBank_DB06703	DB06703	DrugBank	https://go.drugbank.com/drugs/DB06703	Gadobutrol
DrugBank_DB07580	DB07580	DrugBank	https://go.drugbank.com/drugs/DB07580	Bis-1,2-{[(z)-2carboxy-2-methyl-1,3-dioxane]-5-yloxycarbonyl}-piperazine
DrugBank_DB08566	DB08566	DrugBank	https://go.drugbank.com/drugs/DB08566	D-1-naphthyl-2-acetamido-ethane Boronic Acid
DrugBank_DB12285	DB12285	DrugBank	https://go.drugbank.com/drugs/DB12285	Verubecestat
DrugBank_DB13876	DB13876	DrugBank	https://go.drugbank.com/drugs/DB13876	Brofaromine
DrugBank_DB08219	DB08219	DrugBank	https://go.drugbank.com/drugs/DB08219	4-methyl-5-[(2z)-2-{[4-(4-morpholinyl)phenyl]imino}-2,5-dihydro-4-pyrimidinyl]-1,3-thiazol-2-amine
DrugBank_DB02255	DB02255	DrugBank	https://go.drugbank.com/drugs/DB02255	Ilomastat
DrugBank_DB03860	DB03860	DrugBank	https://go.drugbank.com/drugs/DB03860	Ici-164384
DrugBank_DB07946	DB07946	DrugBank	https://go.drugbank.com/drugs/DB07946	N-[2-({[amino(imino)methyl]amino}oxy)ethyl]-2-{6-chloro-3-[(2,2-difluoro-2-phenylethyl)amino]-2-fluorophenyl}acetamide
DrugBank_DB02062	DB02062	DrugBank	https://go.drugbank.com/drugs/DB02062	N-[3-[(1-aminoethyl)(hydroxy)phosphoryl]-2-(1,1'-biphenyl-4-ylmethyl)propanoyl]alanine
DrugBank_DB13812	DB13812	DrugBank	https://go.drugbank.com/drugs/DB13812	Bufylline
DrugBank_DB12568	DB12568	DrugBank	https://go.drugbank.com/drugs/DB12568	Tecemotide
DrugBank_DB13718	DB13718	DrugBank	https://go.drugbank.com/drugs/DB13718	Hydroquinine
DrugBank_DB08486	DB08486	DrugBank	https://go.drugbank.com/drugs/DB08486	Efaproxiral
DrugBank_DB11426	DB11426	DrugBank	https://go.drugbank.com/drugs/DB11426	Marbofloxacin
DrugBank_DB12126	DB12126	DrugBank	https://go.drugbank.com/drugs/DB12126	Bradykinin
DrugBank_DB10964	DB10964	DrugBank	https://go.drugbank.com/drugs/DB10964	Lolium Perenne Subsp. Multiflorum Pollen
DrugBank_DB07405	DB07405	DrugBank	https://go.drugbank.com/drugs/DB07405	1-(6-cyano-3-pyridylcarbonyl)-5',8'-difluorospiro[piperidine-4,2'(1'h)-quinazoline]-4'-amine
DrugBank_DB09081	DB09081	DrugBank	https://go.drugbank.com/drugs/DB09081	Idebenone
DrugBank_DB11044	DB11044	DrugBank	https://go.drugbank.com/drugs/DB11044	Influenza B Virus B/brisbane/60/2008 Antigen (propiolactone Inactivated)
DrugBank_DB08143	DB08143	DrugBank	https://go.drugbank.com/drugs/DB08143	5-chloro-thiophene-2-carboxylic Acid ((3s,4s)-4-fluoro- 1-{[2-fluoro-4-(2-oxo-2h-pyridin-1-yl)-phenylcarbamoyl]-methyl}-pyrrolidin-3-yl)-amide
DrugBank_DB12086	DB12086	DrugBank	https://go.drugbank.com/drugs/DB12086	Oxitropium
DrugBank_DB12119	DB12119	DrugBank	https://go.drugbank.com/drugs/DB12119	Gevokizumab
DrugBank_DB04549	DB04549	DrugBank	https://go.drugbank.com/drugs/DB04549	4-(aminosulfonyl)-n-[(2,3,4-trifluorophenyl)methyl]-benzamide
DrugBank_DB02342	DB02342	DrugBank	https://go.drugbank.com/drugs/DB02342	2-methoxyestradiol
DrugBank_DB07982	DB07982	DrugBank	https://go.drugbank.com/drugs/DB07982	2-{4-[4-({4-[2-methyl-1-(1-methylethyl)-1h-imidazol-5-yl]pyrimidin-2-yl}amino)phenyl]piperazin-1-yl}-2-oxoethanol
DrugBank_DB00400	DB00400	DrugBank	https://go.drugbank.com/drugs/DB00400	Griseofulvin
DrugBank_DB06304	DB06304	DrugBank	https://go.drugbank.com/drugs/DB06304	Biib015
DrugBank_DB06820	DB06820	DrugBank	https://go.drugbank.com/drugs/DB06820	Sulconazole
DrugBank_DB06148	DB06148	DrugBank	https://go.drugbank.com/drugs/DB06148	Mianserin
DrugBank_DB04374	DB04374	DrugBank	https://go.drugbank.com/drugs/DB04374	4-carboxy-5-(1-pentyl)hexylsulfanyl-1,2,3-triazole
DrugBank_DB04185	DB04185	DrugBank	https://go.drugbank.com/drugs/DB04185	Norvaline
DrugBank_DB00262	DB00262	DrugBank	https://go.drugbank.com/drugs/DB00262	Carmustine
DrugBank_DB13952	DB13952	DrugBank	https://go.drugbank.com/drugs/DB13952	Estradiol Acetate
DrugBank_DB04465	DB04465	DrugBank	https://go.drugbank.com/drugs/DB04465	Lactose
DrugBank_DB06494	DB06494	DrugBank	https://go.drugbank.com/drugs/DB06494	Sufugolix
DrugBank_DB03759	DB03759	DrugBank	https://go.drugbank.com/drugs/DB03759	Fg-9041
DrugBank_DB00382	DB00382	DrugBank	https://go.drugbank.com/drugs/DB00382	Tacrine
DrugBank_DB09067	DB09067	DrugBank	https://go.drugbank.com/drugs/DB09067	Corticorelin Ovine Triflutate
DrugBank_DB09041	DB09041	DrugBank	https://go.drugbank.com/drugs/DB09041	Tavaborole
DrugBank_DB13381	DB13381	DrugBank	https://go.drugbank.com/drugs/DB13381	Sodium Feredetate
DrugBank_DB08377	DB08377	DrugBank	https://go.drugbank.com/drugs/DB08377	N-[4-(4-nitrophenylphospho)butanoyl]-d-alanine
DrugBank_DB13005	DB13005	DrugBank	https://go.drugbank.com/drugs/DB13005	Rebastinib
DrugBank_DB04480	DB04480	DrugBank	https://go.drugbank.com/drugs/DB04480	3-(4-fluorophenyl)-2-(6-methylpyridin-2-yl)-5,6-dihydro-4h-pyrrolo[1,2-b]pyrazole
DrugBank_DB00838	DB00838	DrugBank	https://go.drugbank.com/drugs/DB00838	Clocortolone
DrugBank_DB11921	DB11921	DrugBank	https://go.drugbank.com/drugs/DB11921	Deflazacort
DrugBank_DB08208	DB08208	DrugBank	https://go.drugbank.com/drugs/DB08208	2-[(4-ethynyl-2-fluorophenyl)amino]-3,4-difluoro-n-(2-hydroxyethoxy)benzamide
DrugBank_DB05052	DB05052	DrugBank	https://go.drugbank.com/drugs/DB05052	Mf101
DrugBank_DB15528	DB15528	DrugBank	https://go.drugbank.com/drugs/DB15528	Onasemnogene Abeparvovec
DrugBank_DB05072	DB05072	DrugBank	https://go.drugbank.com/drugs/DB05072	Av608
DrugBank_DB06750	DB06750	DrugBank	https://go.drugbank.com/drugs/DB06750	Ginsenoside Rg1
DrugBank_DB08042	DB08042	DrugBank	https://go.drugbank.com/drugs/DB08042	N~4~-methyl-n~4~-(3-methyl-1h-indazol-6-yl)-n~2~-(3,4,5-trimethoxyphenyl)pyrimidine-2,4-diamine
DrugBank_DB06360	DB06360	DrugBank	https://go.drugbank.com/drugs/DB06360	Lucatumumab
DrugBank_DB00094	DB00094	DrugBank	https://go.drugbank.com/drugs/DB00094	Urofollitropin
DrugBank_DB05458	DB05458	DrugBank	https://go.drugbank.com/drugs/DB05458	Pozanicline
DrugBank_DB13007	DB13007	DrugBank	https://go.drugbank.com/drugs/DB13007	Enfortumab Vedotin
DrugBank_DB09102	DB09102	DrugBank	https://go.drugbank.com/drugs/DB09102	Daclatasvir
DrugBank_DB06317	DB06317	DrugBank	https://go.drugbank.com/drugs/DB06317	Elotuzumab
DrugBank_DB11417	DB11417	DrugBank	https://go.drugbank.com/drugs/DB11417	Gleptoferron
DrugBank_DB02073	DB02073	DrugBank	https://go.drugbank.com/drugs/DB02073	Biliverdine Ix Alpha
DrugBank_DB00447	DB00447	DrugBank	https://go.drugbank.com/drugs/DB00447	Loracarbef
DrugBank_DB03635	DB03635	DrugBank	https://go.drugbank.com/drugs/DB03635	Ethanesulfonic Acid
DrugBank_DB05855	DB05855	DrugBank	https://go.drugbank.com/drugs/DB05855	Rivanicline
DrugBank_DB05361	DB05361	DrugBank	https://go.drugbank.com/drugs/DB05361	Sr-123781a
DrugBank_DB11855	DB11855	DrugBank	https://go.drugbank.com/drugs/DB11855	Revefenacin
DrugBank_DB03585	DB03585	DrugBank	https://go.drugbank.com/drugs/DB03585	Oxyphenbutazone
DrugBank_DB11423	DB11423	DrugBank	https://go.drugbank.com/drugs/DB11423	Lasalocid
DrugBank_DB09031	DB09031	DrugBank	https://go.drugbank.com/drugs/DB09031	Miltefosine
DrugBank_DB00310	DB00310	DrugBank	https://go.drugbank.com/drugs/DB00310	Chlorthalidone
DrugBank_DB03504	DB03504	DrugBank	https://go.drugbank.com/drugs/DB03504	9-butyl-8-(2-chloro-3,4,5-trimethoxy-benzyl)-9h-purin-6-ylamine
DrugBank_DB00075	DB00075	DrugBank	https://go.drugbank.com/drugs/DB00075	Muromonab
DrugBank_DB07903	DB07903	DrugBank	https://go.drugbank.com/drugs/DB07903	3-[(2,2-dimethylpropanoyl)amino]-n-1,3-thiazol-2-ylpyridine-2-carboxamide
DrugBank_DB00172	DB00172	DrugBank	https://go.drugbank.com/drugs/DB00172	Proline
DrugBank_DB07931	DB07931	DrugBank	https://go.drugbank.com/drugs/DB07931	Hexestrol
DrugBank_DB06246	DB06246	DrugBank	https://go.drugbank.com/drugs/DB06246	Exisulind
DrugBank_DB01099	DB01099	DrugBank	https://go.drugbank.com/drugs/DB01099	Flucytosine
DrugBank_DB06251	DB06251	DrugBank	https://go.drugbank.com/drugs/DB06251	Dersalazine
DrugBank_DB00161	DB00161	DrugBank	https://go.drugbank.com/drugs/DB00161	Valine
DrugBank_DB00499	DB00499	DrugBank	https://go.drugbank.com/drugs/DB00499	Flutamide
DrugBank_DB00081	DB00081	DrugBank	https://go.drugbank.com/drugs/DB00081	Tositumomab
DrugBank_DB11830	DB11830	DrugBank	https://go.drugbank.com/drugs/DB11830	Mocetinostat
DrugBank_DB00473	DB00473	DrugBank	https://go.drugbank.com/drugs/DB00473	Hexylcaine
DrugBank_DB07996	DB07996	DrugBank	https://go.drugbank.com/drugs/DB07996	5-(2-methylpiperazine-1-sulfonyl)isoquinoline
DrugBank_DB11713	DB11713	DrugBank	https://go.drugbank.com/drugs/DB11713	Ruzasvir
DrugBank_DB00621	DB00621	DrugBank	https://go.drugbank.com/drugs/DB00621	Oxandrolone
DrugBank_DB00491	DB00491	DrugBank	https://go.drugbank.com/drugs/DB00491	Miglitol
DrugBank_DB02984	DB02984	DrugBank	https://go.drugbank.com/drugs/DB02984	4-[3-methylsulfanylanilino]-6,7-dimethoxyquinazoline
DrugBank_DB03760	DB03760	DrugBank	https://go.drugbank.com/drugs/DB03760	Dihydrolipoic Acid
DrugBank_DB13133	DB13133	DrugBank	https://go.drugbank.com/drugs/DB13133	Von Willebrand Factor Human
DrugBank_DB08010	DB08010	DrugBank	https://go.drugbank.com/drugs/DB08010	(3z)-1-[(6-fluoro-4h-1,3-benzodioxin-8-yl)methyl]-4-[(e)-2-phenylethenyl]-1h-indole-2,3-dione 3-oxime
DrugBank_DB13148	DB13148	DrugBank	https://go.drugbank.com/drugs/DB13148	Coagulation Factor X Human
DrugBank_DB07376	DB07376	DrugBank	https://go.drugbank.com/drugs/DB07376	5-(dimethylamino)-1-naphthalenesulfonic Acid(dansyl Acid)
DrugBank_DB01700	DB01700	DrugBank	https://go.drugbank.com/drugs/DB01700	Aica Ribonucleotide
DrugBank_DB13223	DB13223	DrugBank	https://go.drugbank.com/drugs/DB13223	Fluocortin
DrugBank_DB07657	DB07657	DrugBank	https://go.drugbank.com/drugs/DB07657	Phosphonic Acid 2-dodecanoylamino-hexyl Ester Propyl Ester
DrugBank_DB05892	DB05892	DrugBank	https://go.drugbank.com/drugs/DB05892	Ri 624
DrugBank_DB01195	DB01195	DrugBank	https://go.drugbank.com/drugs/DB01195	Flecainide
DrugBank_DB14635	DB14635	DrugBank	https://go.drugbank.com/drugs/DB14635	Curcumin Sulfate
DrugBank_DB12399	DB12399	DrugBank	https://go.drugbank.com/drugs/DB12399	Polmacoxib
DrugBank_DB08178	DB08178	DrugBank	https://go.drugbank.com/drugs/DB08178	4-(4-methoxy-1h-pyrrolo[2,3-b]pyridin-3-yl)pyrimidin-2-amine
DrugBank_DB03796	DB03796	DrugBank	https://go.drugbank.com/drugs/DB03796	Palmitic Acid
DrugBank_DB01428	DB01428	DrugBank	https://go.drugbank.com/drugs/DB01428	Oxybenzone
DrugBank_DB00423	DB00423	DrugBank	https://go.drugbank.com/drugs/DB00423	Methocarbamol
DrugBank_DB02144	DB02144	DrugBank	https://go.drugbank.com/drugs/DB02144	1,2-diacyl-sn-glycero-3-phosphoinositol
DrugBank_DB05542	DB05542	DrugBank	https://go.drugbank.com/drugs/DB05542	Naronapride
DrugBank_DB03107	DB03107	DrugBank	https://go.drugbank.com/drugs/DB03107	Beta-alanine
DrugBank_DB01406	DB01406	DrugBank	https://go.drugbank.com/drugs/DB01406	Danazol
DrugBank_DB03279	DB03279	DrugBank	https://go.drugbank.com/drugs/DB03279	Dodecyl-alpha-d-maltoside
DrugBank_DB00405	DB00405	DrugBank	https://go.drugbank.com/drugs/DB00405	Dexbrompheniramine
DrugBank_DB07251	DB07251	DrugBank	https://go.drugbank.com/drugs/DB07251	N'-(3-chloro-4-methoxy-phenyl)-n-(3,4,5-trimethoxyphenyl)-1,3,5-triazine-2,4-diamine
DrugBank_DB06293	DB06293	DrugBank	https://go.drugbank.com/drugs/DB06293	Pegnivacogin
DrugBank_DB12332	DB12332	DrugBank	https://go.drugbank.com/drugs/DB12332	Rucaparib
DrugBank_DB01324	DB01324	DrugBank	https://go.drugbank.com/drugs/DB01324	Polythiazide
DrugBank_DB04233	DB04233	DrugBank	https://go.drugbank.com/drugs/DB04233	(hydroxyethyloxy)tri(ethyloxy)octane
DrugBank_DB02077	DB02077	DrugBank	https://go.drugbank.com/drugs/DB02077	L-n(omega)-nitroarginine-(4r)-amino-l-proline Amide
DrugBank_DB10716	DB10716	DrugBank	https://go.drugbank.com/drugs/DB10716	Urochloa Mutica Pollen
DrugBank_DB08546	DB08546	DrugBank	https://go.drugbank.com/drugs/DB08546	4-[(3as,4r,7r,8as,8br)-2-(1,3-benzodioxol-5-ylmethyl)-7-hydroxy-1,3-dioxodecahydropyrrolo[3,4-a]pyrrolizin-4-yl]benzenecarboximidamide
DrugBank_DB01164	DB01164	DrugBank	https://go.drugbank.com/drugs/DB01164	Calcium Chloride
DrugBank_DB00207	DB00207	DrugBank	https://go.drugbank.com/drugs/DB00207	Azithromycin
DrugBank_DB00292	DB00292	DrugBank	https://go.drugbank.com/drugs/DB00292	Etomidate
DrugBank_DB02548	DB02548	DrugBank	https://go.drugbank.com/drugs/DB02548	D-glucitol 6-phosphate
DrugBank_DB12314	DB12314	DrugBank	https://go.drugbank.com/drugs/DB12314	Chlorproguanil
DrugBank_DB00413	DB00413	DrugBank	https://go.drugbank.com/drugs/DB00413	Pramipexole
DrugBank_DB05260	DB05260	DrugBank	https://go.drugbank.com/drugs/DB05260	Gallium Nitrate
DrugBank_DB03309	DB03309	DrugBank	https://go.drugbank.com/drugs/DB03309	N-cyclohexyltaurine
DrugBank_DB02652	DB02652	DrugBank	https://go.drugbank.com/drugs/DB02652	L-[(n-hydroxyamino)carbonyl]phenylalanine
DrugBank_DB01998	DB01998	DrugBank	https://go.drugbank.com/drugs/DB01998	2-[3,4-dihydroxy-2-hydroxymethyl-5-(2-hydroxy-nonyl)-tetrahydro-furan-2-yloxy]-6-hydroxymethyl-tetra Hydro-pyran-3,4,5-triol
DrugBank_DB04919	DB04919	DrugBank	https://go.drugbank.com/drugs/DB04919	Alfimeprase
DrugBank_DB00585	DB00585	DrugBank	https://go.drugbank.com/drugs/DB00585	Nizatidine
DrugBank_DB05417	DB05417	DrugBank	https://go.drugbank.com/drugs/DB05417	Gw 468816
DrugBank_DB00468	DB00468	DrugBank	https://go.drugbank.com/drugs/DB00468	Quinine
DrugBank_DB13421	DB13421	DrugBank	https://go.drugbank.com/drugs/DB13421	Edoxudine
DrugBank_DB06216	DB06216	DrugBank	https://go.drugbank.com/drugs/DB06216	Asenapine
DrugBank_DB00440	DB00440	DrugBank	https://go.drugbank.com/drugs/DB00440	Trimethoprim
DrugBank_DB07385	DB07385	DrugBank	https://go.drugbank.com/drugs/DB07385	3-(hydroxymethyl)-1-methyl-5-(2-methylaziridin-1-yl)-2-phenyl-1h-indole-4,7-dione
DrugBank_DB04301	DB04301	DrugBank	https://go.drugbank.com/drugs/DB04301	Bis(5-amidino-2-benzimidazolyl)methane Ketone Hydrate
DrugBank_DB13681	DB13681	DrugBank	https://go.drugbank.com/drugs/DB13681	Butalamine
DrugBank_DB05319	DB05319	DrugBank	https://go.drugbank.com/drugs/DB05319	Oportuzumab Monatox
DrugBank_DB00852	DB00852	DrugBank	https://go.drugbank.com/drugs/DB00852	Pseudoephedrine
DrugBank_DB12442	DB12442	DrugBank	https://go.drugbank.com/drugs/DB12442	Alvespimycin
DrugBank_DB07768	DB07768	DrugBank	https://go.drugbank.com/drugs/DB07768	Epitestosterone
DrugBank_DB08426	DB08426	DrugBank	https://go.drugbank.com/drugs/DB08426	Thieno[3,2-b]pyridine-2-sulfonic Acid [2-oxo-1-(1h-pyrrolo[2,3-c]pyridin-2-ylmethyl)-pyrrolidin-3-yl]-amide
DrugBank_DB07878	DB07878	DrugBank	https://go.drugbank.com/drugs/DB07878	N-[(1s)-1-{1-[(1r,3e)-1-acetylpent-3-en-1-yl]-1h-1,2,3-triazol-4-yl}-1,2-dimethylpropyl]benzamide
DrugBank_DB08760	DB08760	DrugBank	https://go.drugbank.com/drugs/DB08760	(2s)-2-(4-chlorophenoxy)-3-phenylpropanoic Acid
DrugBank_DB05209	DB05209	DrugBank	https://go.drugbank.com/drugs/DB05209	Rozrolimupab
DrugBank_DB08569	DB08569	DrugBank	https://go.drugbank.com/drugs/DB08569	3-pyridin-4-yl-2,4-dihydro-indeno[1,2-.c.] Pyrazole
DrugBank_DB07739	DB07739	DrugBank	https://go.drugbank.com/drugs/DB07739	(3r)-3-(fluoromethyl)-7-(thiomorpholin-4-ylsulfonyl)-1,2,3,4-tetrahydroisoquinoline
DrugBank_DB05229	DB05229	DrugBank	https://go.drugbank.com/drugs/DB05229	Beraprost
DrugBank_DB14684	DB14684	DrugBank	https://go.drugbank.com/drugs/DB14684	Calcium Polycarbophil
DrugBank_DB07380	DB07380	DrugBank	https://go.drugbank.com/drugs/DB07380	1,1,1-trifluoro-3-acetamido-4-phenyl Butan-2-one(n-acetyl-l-phenylalanyl Trifluoromethyl Ketone)
DrugBank_DB04079	DB04079	DrugBank	https://go.drugbank.com/drugs/DB04079	Heptane-1,2,3-triol
DrugBank_DB01294	DB01294	DrugBank	https://go.drugbank.com/drugs/DB01294	Bismuth Subsalicylate
DrugBank_DB05509	DB05509	DrugBank	https://go.drugbank.com/drugs/DB05509	Li-301
DrugBank_DB00185	DB00185	DrugBank	https://go.drugbank.com/drugs/DB00185	Cevimeline
DrugBank_DB11998	DB11998	DrugBank	https://go.drugbank.com/drugs/DB11998	Sorivudine
DrugBank_DB09559	DB09559	DrugBank	https://go.drugbank.com/drugs/DB09559	Necitumumab
DrugBank_DB08938	DB08938	DrugBank	https://go.drugbank.com/drugs/DB08938	Magaldrate
DrugBank_DB11601	DB11601	DrugBank	https://go.drugbank.com/drugs/DB11601	Tuberculin Purified Protein Derivative
DrugBank_DB13233	DB13233	DrugBank	https://go.drugbank.com/drugs/DB13233	Alaproclate
DrugBank_DB08169	DB08169	DrugBank	https://go.drugbank.com/drugs/DB08169	(2z)-n-biphenyl-4-yl-2-cyano-3-cyclopropyl-3-hydroxyprop-2-enamide
DrugBank_DB00549	DB00549	DrugBank	https://go.drugbank.com/drugs/DB00549	Zafirlukast
DrugBank_DB00377	DB00377	DrugBank	https://go.drugbank.com/drugs/DB00377	Palonosetron
DrugBank_DB07056	DB07056	DrugBank	https://go.drugbank.com/drugs/DB07056	2-(6-{[(3-chloro-2-methylphenyl)sulfonyl]amino}pyridin-2-yl)-n,n-diethylacetamide
DrugBank_DB12890	DB12890	DrugBank	https://go.drugbank.com/drugs/DB12890	Dihydrexidine
DrugBank_DB04204	DB04204	DrugBank	https://go.drugbank.com/drugs/DB04204	[(4-{4-[4-(difluoro-phosphono-methyl)-phenyl]-butyl}-phenyl)-difluoro-methyl]-phosphonic Acid
DrugBank_DB14208	DB14208	DrugBank	https://go.drugbank.com/drugs/DB14208	Ramiprilat
DrugBank_DB08899	DB08899	DrugBank	https://go.drugbank.com/drugs/DB08899	Enzalutamide
DrugBank_DB13651	DB13651	DrugBank	https://go.drugbank.com/drugs/DB13651	Lorajmine
DrugBank_DB01337	DB01337	DrugBank	https://go.drugbank.com/drugs/DB01337	Pancuronium
DrugBank_DB13619	DB13619	DrugBank	https://go.drugbank.com/drugs/DB13619	Bornaprine
DrugBank_DB08678	DB08678	DrugBank	https://go.drugbank.com/drugs/DB08678	(4-ethylphenyl)sulfamic Acid
DrugBank_DB07730	DB07730	DrugBank	https://go.drugbank.com/drugs/DB07730	5-(3-hydroxyphenyl)isothiazol-3(2h)-one 1,1-dioxide
DrugBank_DB12205	DB12205	DrugBank	https://go.drugbank.com/drugs/DB12205	Ganitumab
DrugBank_DB04006	DB04006	DrugBank	https://go.drugbank.com/drugs/DB04006	[2-amino-6-(2,6-difluoro-benzoyl)-imidazo[1,2-a]pyridin-3-yl]-phenyl-methanone
DrugBank_DB08312	DB08312	DrugBank	https://go.drugbank.com/drugs/DB08312	6-cyclohexylmethyloxy-5-nitroso-pyrimidine-2,4-diamine
DrugBank_DB02014	DB02014	DrugBank	https://go.drugbank.com/drugs/DB02014	5-(2-fluoro-5-{(1e)-3-[3-hydroxy-2-(methoxycarbonyl)phenoxy]-1-propen-1-yl}phenyl)-1,2-oxazole-3-carboxylic Acid
DrugBank_DB03968	DB03968	DrugBank	https://go.drugbank.com/drugs/DB03968	1-methyl-2-oxy-5,5-dimethyl Pyrrolidine
DrugBank_DB04307	DB04307	DrugBank	https://go.drugbank.com/drugs/DB04307	5-hydroxy-n-propargyl-1(r)-aminoindan
DrugBank_DB08048	DB08048	DrugBank	https://go.drugbank.com/drugs/DB08048	4-(6-hydroxy-1h-indazol-3-yl)benzene-1,3-diol
DrugBank_DB06837	DB06837	DrugBank	https://go.drugbank.com/drugs/DB06837	(2r)-n~4~-hydroxy-2-(3-hydroxybenzyl)-n~1~-[(1s,2r)-2-hydroxy-2,3-dihydro-1h-inden-1-yl]butanediamide
DrugBank_DB04267	DB04267	DrugBank	https://go.drugbank.com/drugs/DB04267	Dipicolinic Acid
DrugBank_DB07209	DB07209	DrugBank	https://go.drugbank.com/drugs/DB07209	(8r,9z,12z)-8-hydroxy-6-oxooctadeca-9,12-dienoic Acid
DrugBank_DB07394	DB07394	DrugBank	https://go.drugbank.com/drugs/DB07394	Aurovertin B
DrugBank_DB09132	DB09132	DrugBank	https://go.drugbank.com/drugs/DB09132	Gadoteric Acid
DrugBank_DB04235	DB04235	DrugBank	https://go.drugbank.com/drugs/DB04235	4-amino Hexanoic Acid
DrugBank_DB06973	DB06973	DrugBank	https://go.drugbank.com/drugs/DB06973	Bisphenol A
DrugBank_DB12698	DB12698	DrugBank	https://go.drugbank.com/drugs/DB12698	Ibalizumab
DrugBank_DB03844	DB03844	DrugBank	https://go.drugbank.com/drugs/DB03844	N-(2,6-diflouro-benzyl)-4-sulfamoyl-benzamide
DrugBank_DB05413	DB05413	DrugBank	https://go.drugbank.com/drugs/DB05413	Tifuvirtide
DrugBank_DB10342	DB10342	DrugBank	https://go.drugbank.com/drugs/DB10342	Haemophilus Influenzae Type B Capsular Polysaccharide Meningococcal Outer Membrane Protein Conjugate Antigen
DrugBank_DB07920	DB07920	DrugBank	https://go.drugbank.com/drugs/DB07920	N-oxo-2-[(4-phenylphenyl)sulfonylamino]ethanamide
DrugBank_DB02546	DB02546	DrugBank	https://go.drugbank.com/drugs/DB02546	Vorinostat
DrugBank_DB13503	DB13503	DrugBank	https://go.drugbank.com/drugs/DB13503	Tyrothricin
DrugBank_DB00945	DB00945	DrugBank	https://go.drugbank.com/drugs/DB00945	Acetylsalicylic Acid
DrugBank_DB07970	DB07970	DrugBank	https://go.drugbank.com/drugs/DB07970	5-[(2-methyl-5-{[3-(trifluoromethyl)phenyl]carbamoyl}phenyl)amino]pyridine-3-carboxamide
DrugBank_DB02673	DB02673	DrugBank	https://go.drugbank.com/drugs/DB02673	(4as,6r,8as)-11-[8-(1,3-dioxo-1,3-dihydro-2h-isoindol-2-yl)octyl]-6-hydroxy-3-methoxy-5,6,9,10-tetrahydro-4ah-[1]benzofuro[3a,3,2-ef][2]benzazepin-11-ium
DrugBank_DB03843	DB03843	DrugBank	https://go.drugbank.com/drugs/DB03843	Formaldehyde
DrugBank_DB04914	DB04914	DrugBank	https://go.drugbank.com/drugs/DB04914	G17dt
DrugBank_DB00159	DB00159	DrugBank	https://go.drugbank.com/drugs/DB00159	Icosapent
DrugBank_DB02662	DB02662	DrugBank	https://go.drugbank.com/drugs/DB02662	Novo Nordisk A/s Compound
DrugBank_DB04677	DB04677	DrugBank	https://go.drugbank.com/drugs/DB04677	N-methyl-n-[(1r)-1-methyl-2-phenylethyl]prop-2-en-1-amine
DrugBank_DB02101	DB02101	DrugBank	https://go.drugbank.com/drugs/DB02101	(s,r)-fidarestat
DrugBank_DB04808	DB04808	DrugBank	https://go.drugbank.com/drugs/DB04808	Neamine
DrugBank_DB04090	DB04090	DrugBank	https://go.drugbank.com/drugs/DB04090	Rh-1
DrugBank_DB14064	DB14064	DrugBank	https://go.drugbank.com/drugs/DB14064	Emopamil
DrugBank_DB08960	DB08960	DrugBank	https://go.drugbank.com/drugs/DB08960	Hexamethonium
DrugBank_DB00931	DB00931	DrugBank	https://go.drugbank.com/drugs/DB00931	Metacycline
DrugBank_DB07312	DB07312	DrugBank	https://go.drugbank.com/drugs/DB07312	2,5-dichloro-n-(5-chloro-1,3-benzoxazol-2-yl)benzenesulfonamide
DrugBank_DB00856	DB00856	DrugBank	https://go.drugbank.com/drugs/DB00856	Chlorphenesin
DrugBank_DB10343	DB10343	DrugBank	https://go.drugbank.com/drugs/DB10343	Bacillus Calmette-guerin Substrain Tice Live Antigen
DrugBank_DB04960	DB04960	DrugBank	https://go.drugbank.com/drugs/DB04960	Tipifarnib
DrugBank_DB08393	DB08393	DrugBank	https://go.drugbank.com/drugs/DB08393	2-[(5,6-diphenylfuro[2,3-d]pyrimidin-4-yl)amino]ethanol
DrugBank_DB09499	DB09499	DrugBank	https://go.drugbank.com/drugs/DB09499	Thiosulfuric Acid
DrugBank_DB05983	DB05983	DrugBank	https://go.drugbank.com/drugs/DB05983	Bardoxolone Methyl
DrugBank_DB01182	DB01182	DrugBank	https://go.drugbank.com/drugs/DB01182	Propafenone
DrugBank_DB07874	DB07874	DrugBank	https://go.drugbank.com/drugs/DB07874	(6s)-2-amino-6-(3'-methoxybiphenyl-3-yl)-3,6-dimethyl-5,6-dihydropyrimidin-4(3h)-one
DrugBank_DB07495	DB07495	DrugBank	https://go.drugbank.com/drugs/DB07495	5-(5-chloro-2,4-dihydroxyphenyl)-n-ethyl-4-(4-methoxyphenyl)-1h-pyrazole-3-carboxamide
DrugBank_DB01616	DB01616	DrugBank	https://go.drugbank.com/drugs/DB01616	Alverine
DrugBank_DB05469	DB05469	DrugBank	https://go.drugbank.com/drugs/DB05469	R450
DrugBank_DB12007	DB12007	DrugBank	https://go.drugbank.com/drugs/DB12007	Isoflavone
DrugBank_DB04125	DB04125	DrugBank	https://go.drugbank.com/drugs/DB04125	N-alpha-(2-naphthylsulfonyl)-n(3-amidino-l-phenylalaninyl)-4-acetyl-piperazine
DrugBank_DB06680	DB06680	DrugBank	https://go.drugbank.com/drugs/DB06680	Asoprisnil
DrugBank_DB00106	DB00106	DrugBank	https://go.drugbank.com/drugs/DB00106	Abarelix
DrugBank_DB05432	DB05432	DrugBank	https://go.drugbank.com/drugs/DB05432	Das-431 Iv
DrugBank_DB01196	DB01196	DrugBank	https://go.drugbank.com/drugs/DB01196	Estramustine
DrugBank_DB01864	DB01864	DrugBank	https://go.drugbank.com/drugs/DB01864	5'-guanosine-diphosphate-monothiophosphate
DrugBank_DB06444	DB06444	DrugBank	https://go.drugbank.com/drugs/DB06444	Dexanabinol
DrugBank_DB05860	DB05860	DrugBank	https://go.drugbank.com/drugs/DB05860	Peginterferon Alfacon-1
DrugBank_DB00784	DB00784	DrugBank	https://go.drugbank.com/drugs/DB00784	Mefenamic Acid
DrugBank_DB06914	DB06914	DrugBank	https://go.drugbank.com/drugs/DB06914	1-({2-[2-(4-chlorophenyl)ethyl]-1,3-dioxolan-2-yl}methyl)-1h-imidazole
DrugBank_DB02004	DB02004	DrugBank	https://go.drugbank.com/drugs/DB02004	5-(aminomethyl)-6-(2,4-dichlorophenyl)-2-(3,5-dimethoxyphenyl)pyrimidin-4-amine
DrugBank_DB07193	DB07193	DrugBank	https://go.drugbank.com/drugs/DB07193	(2r,3r)-7-(methylsulfonyl)-3-(2,4,5-trifluorophenyl)-1,2,3,4-tetrahydropyrido[1,2-a]benzimidazol-2-amine
DrugBank_DB14059	DB14059	DrugBank	https://go.drugbank.com/drugs/DB14059	Sc-236
DrugBank_DB08886	DB08886	DrugBank	https://go.drugbank.com/drugs/DB08886	Asparaginase Erwinia Chrysanthemi
DrugBank_DB13036	DB13036	DrugBank	https://go.drugbank.com/drugs/DB13036	Ramatroban
DrugBank_DB02445	DB02445	DrugBank	https://go.drugbank.com/drugs/DB02445	2-deoxy-2-amino Glucitol-6-phosphate
DrugBank_DB02996	DB02996	DrugBank	https://go.drugbank.com/drugs/DB02996	2-(thiomethylene)-4-methylpentanoic Acid
DrugBank_DB05545	DB05545	DrugBank	https://go.drugbank.com/drugs/DB05545	Amg 108
DrugBank_DB08861	DB08861	DrugBank	https://go.drugbank.com/drugs/DB08861	Dpdpe
DrugBank_DB00090	DB00090	DrugBank	https://go.drugbank.com/drugs/DB00090	Laronidase
DrugBank_DB00197	DB00197	DrugBank	https://go.drugbank.com/drugs/DB00197	Troglitazone
DrugBank_DB00756	DB00756	DrugBank	https://go.drugbank.com/drugs/DB00756	Hexachlorophene
DrugBank_DB00721	DB00721	DrugBank	https://go.drugbank.com/drugs/DB00721	Procaine
DrugBank_DB04462	DB04462	DrugBank	https://go.drugbank.com/drugs/DB04462	Tetrabromo-2-benzotriazole
DrugBank_DB11311	DB11311	DrugBank	https://go.drugbank.com/drugs/DB11311	Prothrombin
DrugBank_DB07159	DB07159	DrugBank	https://go.drugbank.com/drugs/DB07159	Tamatinib
DrugBank_DB07986	DB07986	DrugBank	https://go.drugbank.com/drugs/DB07986	[4-(4-phenyl-piperidin-1-yl)-benzenesulfonylamino]-acetic Acid
DrugBank_DB08605	DB08605	DrugBank	https://go.drugbank.com/drugs/DB08605	6-methyl-2(propane-1-sulfonyl)-2h-thieno[3,2-d][1,2,3]diazaborinin-1-ol
DrugBank_DB05091	DB05091	DrugBank	https://go.drugbank.com/drugs/DB05091	M0002
DrugBank_DB08078	DB08078	DrugBank	https://go.drugbank.com/drugs/DB08078	{4-[3-(4-acetyl-3-hydroxy-2-propylphenoxy)propoxy]phenoxy}acetic Acid
DrugBank_DB01632	DB01632	DrugBank	https://go.drugbank.com/drugs/DB01632	5-o-phosphono-alpha-d-ribofuranosyl Diphosphate
DrugBank_DB01422	DB01422	DrugBank	https://go.drugbank.com/drugs/DB01422	Nitroxoline
DrugBank_DB04880	DB04880	DrugBank	https://go.drugbank.com/drugs/DB04880	Enoximone
DrugBank_DB08301	DB08301	DrugBank	https://go.drugbank.com/drugs/DB08301	N-({[4-(aminosulfonyl)phenyl]amino}carbonyl)-4-methylbenzenesulfonamide
DrugBank_DB13863	DB13863	DrugBank	https://go.drugbank.com/drugs/DB13863	Fosfructose
DrugBank_DB01958	DB01958	DrugBank	https://go.drugbank.com/drugs/DB01958	5-[4-tert-butylphenylsulfanyl]-2,4-quinazolinediamine
DrugBank_DB02843	DB02843	DrugBank	https://go.drugbank.com/drugs/DB02843	Alpha-d-glucose-1-phosphate
DrugBank_DB08167	DB08167	DrugBank	https://go.drugbank.com/drugs/DB08167	Methylthioninium
DrugBank_DB04008	DB04008	DrugBank	https://go.drugbank.com/drugs/DB04008	Zinc;[amino-[2-[[5-[amino(azaniumylidene)methyl]benzimidazol-1-id-2-yl]methyl]benzimidazol-1-id-5-yl]methylidene]azanium
DrugBank_DB13331	DB13331	DrugBank	https://go.drugbank.com/drugs/DB13331	Pyrithyldione
DrugBank_DB11606	DB11606	DrugBank	https://go.drugbank.com/drugs/DB11606	Susoctocog Alfa
DrugBank_DB02998	DB02998	DrugBank	https://go.drugbank.com/drugs/DB02998	Metribolone
DrugBank_DB15569	DB15569	DrugBank	https://go.drugbank.com/drugs/DB15569	Amg-510
DrugBank_DB07585	DB07585	DrugBank	https://go.drugbank.com/drugs/DB07585	5-(5-chloro-7h-pyrrolo[2,3-d]pyrimidin-4-yl)-4,5,6,7-tetrahydro-1h-imidazo[4,5-c]pyridine
DrugBank_DB11618	DB11618	DrugBank	https://go.drugbank.com/drugs/DB11618	Zorubicin
DrugBank_DB07693	DB07693	DrugBank	https://go.drugbank.com/drugs/DB07693	N-(3,5-dibromo-4-hydroxyphenyl)-2,6-dimethylbenzamide
DrugBank_DB09096	DB09096	DrugBank	https://go.drugbank.com/drugs/DB09096	Benzoyl Peroxide
DrugBank_DB02091	DB02091	DrugBank	https://go.drugbank.com/drugs/DB02091	4-(2,4-dimethyl-thiazol-5-yl)-pyrimidin-2-ylamine
DrugBank_DB07606	DB07606	DrugBank	https://go.drugbank.com/drugs/DB07606	6-(3,4-dihydroxybenzyl)-3-ethyl-1-(2,4,6-trichlorophenyl)-1h-pyrazolo[3,4-d]pyrimidin-4(5h)-one
DrugBank_DB05490	DB05490	DrugBank	https://go.drugbank.com/drugs/DB05490	Amg-131
DrugBank_DB13811	DB13811	DrugBank	https://go.drugbank.com/drugs/DB13811	Oblimersen
DrugBank_DB15130	DB15130	DrugBank	https://go.drugbank.com/drugs/DB15130	Dexpramipexole
DrugBank_DB02436	DB02436	DrugBank	https://go.drugbank.com/drugs/DB02436	{4-[(2s)-2-({[(1s)-1-carboxy-2-phenylethyl]carbamoyl}amino)-3-oxo-3-(pentylamino)propyl]phenoxy}malonic Acid
DrugBank_DB08488	DB08488	DrugBank	https://go.drugbank.com/drugs/DB08488	4-{[(e)-2-(5-chlorothien-2-yl)vinyl]sulfonyl}-1-(1h-pyrrolo[3,2-c]pyridin-2-ylmethyl)piperazin-2-one
DrugBank_DB12377	DB12377	DrugBank	https://go.drugbank.com/drugs/DB12377	Relebactam
DrugBank_DB01590	DB01590	DrugBank	https://go.drugbank.com/drugs/DB01590	Everolimus
DrugBank_DB12755	DB12755	DrugBank	https://go.drugbank.com/drugs/DB12755	Zoptarelin Doxorubicin
DrugBank_DB04348	DB04348	DrugBank	https://go.drugbank.com/drugs/DB04348	Taurocholic Acid
DrugBank_DB08962	DB08962	DrugBank	https://go.drugbank.com/drugs/DB08962	Glibornuride
DrugBank_DB01534	DB01534	DrugBank	https://go.drugbank.com/drugs/DB01534	Chlorhexadol
DrugBank_DB06821	DB06821	DrugBank	https://go.drugbank.com/drugs/DB06821	Sulfameter
DrugBank_DB04072	DB04072	DrugBank	https://go.drugbank.com/drugs/DB04072	Alpha-methylisocitric Acid
DrugBank_DB07919	DB07919	DrugBank	https://go.drugbank.com/drugs/DB07919	Harmine
DrugBank_DB01226	DB01226	DrugBank	https://go.drugbank.com/drugs/DB01226	Mivacurium
DrugBank_DB07180	DB07180	DrugBank	https://go.drugbank.com/drugs/DB07180	5-[(z)-(5-chloro-2-oxo-1,2-dihydro-3h-indol-3-ylidene)methyl]-n,2,4-trimethyl-1h-pyrrole-3-carboxamide
DrugBank_DB06725	DB06725	DrugBank	https://go.drugbank.com/drugs/DB06725	Lornoxicam
DrugBank_DB07912	DB07912	DrugBank	https://go.drugbank.com/drugs/DB07912	2-oxoheptylphosphonic Acid
DrugBank_DB14046	DB14046	DrugBank	https://go.drugbank.com/drugs/DB14046	Dichlorobenzene
DrugBank_DB14871	DB14871	DrugBank	https://go.drugbank.com/drugs/DB14871	Xentuzumab
DrugBank_DB02485	DB02485	DrugBank	https://go.drugbank.com/drugs/DB02485	Cytidine-5'-monophosphate-5-n-acetylneuraminic Acid
DrugBank_DB07917	DB07917	DrugBank	https://go.drugbank.com/drugs/DB07917	4-(benzhydryloxy)-1-[3-(1h-tetraazol-5-yl)propyl]piperidine
DrugBank_DB12344	DB12344	DrugBank	https://go.drugbank.com/drugs/DB12344	Fezakinumab
DrugBank_DB02063	DB02063	DrugBank	https://go.drugbank.com/drugs/DB02063	Cra_16847
DrugBank_DB07271	DB07271	DrugBank	https://go.drugbank.com/drugs/DB07271	4-[(3r)-3-amino-4-(2,4,5-trifluorophenyl)butanoyl]-3-(2,2,2-trifluoroethyl)-1,4-diazepan-2-one
DrugBank_DB15022	DB15022	DrugBank	https://go.drugbank.com/drugs/DB15022	Apomab
DrugBank_DB06510	DB06510	DrugBank	https://go.drugbank.com/drugs/DB06510	Muraglitazar
DrugBank_DB00087	DB00087	DrugBank	https://go.drugbank.com/drugs/DB00087	Alemtuzumab
DrugBank_DB07254	DB07254	DrugBank	https://go.drugbank.com/drugs/DB07254	N-[3-[[4-[(5-chloro-1,3-benzodioxol-4-yl)amino]pyrimidin-2-yl]amino]phenyl]methanesulfonamide
DrugBank_DB01628	DB01628	DrugBank	https://go.drugbank.com/drugs/DB01628	Etoricoxib
DrugBank_DB05403	DB05403	DrugBank	https://go.drugbank.com/drugs/DB05403	Cep-1347
DrugBank_DB07962	DB07962	DrugBank	https://go.drugbank.com/drugs/DB07962	Methyl N-[(2',4'-difluoro-4-hydroxy-5-iodobiphenyl-3-yl)carbonyl]-beta-alaninate
DrugBank_DB06679	DB06679	DrugBank	https://go.drugbank.com/drugs/DB06679	Amediplase
DrugBank_DB01092	DB01092	DrugBank	https://go.drugbank.com/drugs/DB01092	Ouabain
DrugBank_DB11470	DB11470	DrugBank	https://go.drugbank.com/drugs/DB11470	Tildipirosin
DrugBank_DB11828	DB11828	DrugBank	https://go.drugbank.com/drugs/DB11828	Neratinib
DrugBank_DB02046	DB02046	DrugBank	https://go.drugbank.com/drugs/DB02046	N-[(furan-2-yl)carbonyl]-(s)-leucyl-(r)-[1-amino-2(1h-indol-3-yl)ethyl]-phosphonic Acid
DrugBank_DB00761	DB00761	DrugBank	https://go.drugbank.com/drugs/DB00761	Potassium Chloride
DrugBank_DB03937	DB03937	DrugBank	https://go.drugbank.com/drugs/DB03937	D-erythrose 4-phosphate
DrugBank_DB00612	DB00612	DrugBank	https://go.drugbank.com/drugs/DB00612	Bisoprolol
DrugBank_DB07284	DB07284	DrugBank	https://go.drugbank.com/drugs/DB07284	N~3~-(3-pyridin-3-ylbenzyl)pyridine-2,3-diamine
DrugBank_DB12710	DB12710	DrugBank	https://go.drugbank.com/drugs/DB12710	Perazine
DrugBank_DB03596	DB03596	DrugBank	https://go.drugbank.com/drugs/DB03596	N-[2-(1h-indol-5-yl)-butyl]-4-sulfamoyl-benzamide
DrugBank_DB11903	DB11903	DrugBank	https://go.drugbank.com/drugs/DB11903	Gw842166
DrugBank_DB05235	DB05235	DrugBank	https://go.drugbank.com/drugs/DB05235	Nrp409
DrugBank_DB01558	DB01558	DrugBank	https://go.drugbank.com/drugs/DB01558	Bromazepam
DrugBank_DB11572	DB11572	DrugBank	https://go.drugbank.com/drugs/DB11572	Thrombin Alfa
DrugBank_DB14708	DB14708	DrugBank	https://go.drugbank.com/drugs/DB14708	Tosylchloramide
DrugBank_DB12427	DB12427	DrugBank	https://go.drugbank.com/drugs/DB12427	Orvepitant
DrugBank_DB12189	DB12189	DrugBank	https://go.drugbank.com/drugs/DB12189	Etrolizumab
DrugBank_DB04534	DB04534	DrugBank	https://go.drugbank.com/drugs/DB04534	5-nitroindazole
DrugBank_DB13203	DB13203	DrugBank	https://go.drugbank.com/drugs/DB13203	Bamifylline
DrugBank_DB07234	DB07234	DrugBank	https://go.drugbank.com/drugs/DB07234	3-{[(1r)-1-phenylethyl]amino}-4-(pyridin-4-ylamino)cyclobut-3-ene-1,2-dione
DrugBank_DB05737	DB05737	DrugBank	https://go.drugbank.com/drugs/DB05737	Varespladib Methyl
DrugBank_DB14033	DB14033	DrugBank	https://go.drugbank.com/drugs/DB14033	Acetyl Sulfisoxazole
DrugBank_DB07542	DB07542	DrugBank	https://go.drugbank.com/drugs/DB07542	5-amino-6-cyclohexyl-4-hydroxy-2-isobutyl-hexanoic Acid
DrugBank_DB11856	DB11856	DrugBank	https://go.drugbank.com/drugs/DB11856	Ligelizumab
DrugBank_DB11068	DB11068	DrugBank	https://go.drugbank.com/drugs/DB11068	Selenic Acid
DrugBank_DB08654	DB08654	DrugBank	https://go.drugbank.com/drugs/DB08654	Trans-(1s,2s)-2-amino-1,2,3,4-tetrahydronaphthalen-1-ol
DrugBank_DB03832	DB03832	DrugBank	https://go.drugbank.com/drugs/DB03832	3-carboxy-n,n,n-trimethyl-2-(octanoyloxy)propan-1-aminium
DrugBank_DB03581	DB03581	DrugBank	https://go.drugbank.com/drugs/DB03581	Glucose-6-phosphate
DrugBank_DB13262	DB13262	DrugBank	https://go.drugbank.com/drugs/DB13262	Aceclidine
DrugBank_DB12305	DB12305	DrugBank	https://go.drugbank.com/drugs/DB12305	Dasotraline
DrugBank_DB13380	DB13380	DrugBank	https://go.drugbank.com/drugs/DB13380	Difemerine
DrugBank_DB06896	DB06896	DrugBank	https://go.drugbank.com/drugs/DB06896	1-(4-fluorophenyl)-n-[3-fluoro-4-(1h-pyrrolo[2,3-b]pyridin-4-yloxy)phenyl]-2-oxo-1,2-dihydropyridine-3-carboxamide
DrugBank_DB00796	DB00796	DrugBank	https://go.drugbank.com/drugs/DB00796	Candesartan Cilexetil
DrugBank_DB08830	DB08830	DrugBank	https://go.drugbank.com/drugs/DB08830	Dehydroascorbic Acid
DrugBank_DB06154	DB06154	DrugBank	https://go.drugbank.com/drugs/DB06154	Pentaerythritol Tetranitrate
DrugBank_DB13153	DB13153	DrugBank	https://go.drugbank.com/drugs/DB13153	Levomenol
DrugBank_DB00967	DB00967	DrugBank	https://go.drugbank.com/drugs/DB00967	Desloratadine
DrugBank_DB11134	DB11134	DrugBank	https://go.drugbank.com/drugs/DB11134	Cupric Oxide
DrugBank_DB01424	DB01424	DrugBank	https://go.drugbank.com/drugs/DB01424	Aminophenazone
DrugBank_DB08536	DB08536	DrugBank	https://go.drugbank.com/drugs/DB08536	3-bromo-5-phenyl-n-(pyrimidin-5-ylmethyl)pyrazolo[1,5-a]pyridin-7-amine
DrugBank_DB02098	DB02098	DrugBank	https://go.drugbank.com/drugs/DB02098	Adenosine-2'-5'-diphosphate
DrugBank_DB07130	DB07130	DrugBank	https://go.drugbank.com/drugs/DB07130	4-bromo-3-(carboxymethoxy)-5-phenylthiophene-2-carboxylic Acid
DrugBank_DB08568	DB08568	DrugBank	https://go.drugbank.com/drugs/DB08568	A-674563
DrugBank_DB08254	DB08254	DrugBank	https://go.drugbank.com/drugs/DB08254	2-naphthalenesulfonic Acid
DrugBank_DB13422	DB13422	DrugBank	https://go.drugbank.com/drugs/DB13422	Nicofuranose
DrugBank_DB05111	DB05111	DrugBank	https://go.drugbank.com/drugs/DB05111	Fontolizumab
DrugBank_DB00110	DB00110	DrugBank	https://go.drugbank.com/drugs/DB00110	Palivizumab
DrugBank_DB02889	DB02889	DrugBank	https://go.drugbank.com/drugs/DB02889	4-o-(4,6-dideoxy-4-{[4,5,6-trihydroxy-3-(hydroxymethyl)cyclohex-2-en-1-yl]amino}-beta-d-lyxo-hexopyranosyl)-alpha-d-erythro-hexopyranose
DrugBank_DB14577	DB14577	DrugBank	https://go.drugbank.com/drugs/DB14577	Calcium Cation
DrugBank_DB08826	DB08826	DrugBank	https://go.drugbank.com/drugs/DB08826	Deferiprone
DrugBank_DB09244	DB09244	DrugBank	https://go.drugbank.com/drugs/DB09244	Pirlindole
DrugBank_DB07427	DB07427	DrugBank	https://go.drugbank.com/drugs/DB07427	2-[(2-methoxy-5-methylphenoxy)methyl]pyridine
DrugBank_DB06614	DB06614	DrugBank	https://go.drugbank.com/drugs/DB06614	Peramivir
DrugBank_DB08609	DB08609	DrugBank	https://go.drugbank.com/drugs/DB08609	(2r)-n-{4-[ethyl(phenyl)sulfamoyl]-2-methylphenyl}-3,3,3-trifluoro-2-hydroxy-2-methylpropanamide
DrugBank_DB00803	DB00803	DrugBank	https://go.drugbank.com/drugs/DB00803	Colistin
DrugBank_DB04866	DB04866	DrugBank	https://go.drugbank.com/drugs/DB04866	Halofuginone
DrugBank_DB13192	DB13192	DrugBank	https://go.drugbank.com/drugs/DB13192	Antihemophilic Factor Human
DrugBank_DB12071	DB12071	DrugBank	https://go.drugbank.com/drugs/DB12071	Vabicaserin
DrugBank_DB00175	DB00175	DrugBank	https://go.drugbank.com/drugs/DB00175	Pravastatin
DrugBank_DB01442	DB01442	DrugBank	https://go.drugbank.com/drugs/DB01442	Mmda
DrugBank_DB02059	DB02059	DrugBank	https://go.drugbank.com/drugs/DB02059	Adenosine-5-diphosphoribose
DrugBank_DB12327	DB12327	DrugBank	https://go.drugbank.com/drugs/DB12327	Salvinorin A
DrugBank_DB02207	DB02207	DrugBank	https://go.drugbank.com/drugs/DB02207	7-nitroindazole
DrugBank_DB03415	DB03415	DrugBank	https://go.drugbank.com/drugs/DB03415	3-thiaoctanoyl-coa
DrugBank_DB04680	DB04680	DrugBank	https://go.drugbank.com/drugs/DB04680	Galactose Grease
DrugBank_DB14487	DB14487	DrugBank	https://go.drugbank.com/drugs/DB14487	Zinc Acetate
DrugBank_DB07126	DB07126	DrugBank	https://go.drugbank.com/drugs/DB07126	O6-cyclohexylmethoxy-2-(4'-sulphamoylanilino) Purine
DrugBank_DB08675	DB08675	DrugBank	https://go.drugbank.com/drugs/DB08675	(5z)-7-{(1r,4s,5r,6r)-6-[(1e)-1-octen-1-yl]-2,3-diazabicyclo[2.2.1]hept-2-en-5-yl}-5-heptenoic Acid
DrugBank_DB05109	DB05109	DrugBank	https://go.drugbank.com/drugs/DB05109	Trabectedin
DrugBank_DB05345	DB05345	DrugBank	https://go.drugbank.com/drugs/DB05345	So-101
DrugBank_DB00417	DB00417	DrugBank	https://go.drugbank.com/drugs/DB00417	Phenoxymethylpenicillin
DrugBank_DB05631	DB05631	DrugBank	https://go.drugbank.com/drugs/DB05631	Alt-2074
DrugBank_DB00652	DB00652	DrugBank	https://go.drugbank.com/drugs/DB00652	Pentazocine
DrugBank_DB11364	DB11364	DrugBank	https://go.drugbank.com/drugs/DB11364	Pidotimod
DrugBank_DB07118	DB07118	DrugBank	https://go.drugbank.com/drugs/DB07118	Hymecromone
DrugBank_DB00156	DB00156	DrugBank	https://go.drugbank.com/drugs/DB00156	Threonine
DrugBank_DB01125	DB01125	DrugBank	https://go.drugbank.com/drugs/DB01125	Anisindione
DrugBank_DB08516	DB08516	DrugBank	https://go.drugbank.com/drugs/DB08516	(s)-(+)-2-[4-(fluorobenzyloxy-benzylamino)propionamide]
DrugBank_DB00832	DB00832	DrugBank	https://go.drugbank.com/drugs/DB00832	Phensuximide
DrugBank_DB00209	DB00209	DrugBank	https://go.drugbank.com/drugs/DB00209	Trospium
DrugBank_DB04871	DB04871	DrugBank	https://go.drugbank.com/drugs/DB04871	Lorcaserin
DrugBank_DB08520	DB08520	DrugBank	https://go.drugbank.com/drugs/DB08520	(21s)-1aza-4,4-dimethyl-6,19-dioxa-2,3,7,20-tetraoxobicyclo[19.4.0] Pentacosane
DrugBank_DB00849	DB00849	DrugBank	https://go.drugbank.com/drugs/DB00849	Methylphenobarbital
DrugBank_DB15381	DB15381	DrugBank	https://go.drugbank.com/drugs/DB15381	Menaquinone
DrugBank_DB03191	DB03191	DrugBank	https://go.drugbank.com/drugs/DB03191	3-oxiran-2ylalanine
DrugBank_DB09462	DB09462	DrugBank	https://go.drugbank.com/drugs/DB09462	Glycerin
DrugBank_DB00966	DB00966	DrugBank	https://go.drugbank.com/drugs/DB00966	Telmisartan
DrugBank_DB07143	DB07143	DrugBank	https://go.drugbank.com/drugs/DB07143	D-phenylalanyl-n-benzyl-l-prolinamide
DrugBank_DB07863	DB07863	DrugBank	https://go.drugbank.com/drugs/DB07863	2-chloro-5-nitro-n-phenylbenzamide
DrugBank_DB09421	DB09421	DrugBank	https://go.drugbank.com/drugs/DB09421	Protirelin
DrugBank_DB00378	DB00378	DrugBank	https://go.drugbank.com/drugs/DB00378	Dydrogesterone
DrugBank_DB01942	DB01942	DrugBank	https://go.drugbank.com/drugs/DB01942	Formic Acid
DrugBank_DB06098	DB06098	DrugBank	https://go.drugbank.com/drugs/DB06098	Prlx 93936
DrugBank_DB02082	DB02082	DrugBank	https://go.drugbank.com/drugs/DB02082	Phosphoaminophosphonic Acid Guanylate Ester
DrugBank_DB01587	DB01587	DrugBank	https://go.drugbank.com/drugs/DB01587	Ketazolam
DrugBank_DB03712	DB03712	DrugBank	https://go.drugbank.com/drugs/DB03712	Ru85053
DrugBank_DB11994	DB11994	DrugBank	https://go.drugbank.com/drugs/DB11994	Diacerein
DrugBank_DB07771	DB07771	DrugBank	https://go.drugbank.com/drugs/DB07771	[(3,7,11-trimethyl-dodeca-2,6,10-trienyloxycarbamoyl)-methyl]-phosphonic Acid
DrugBank_DB12747	DB12747	DrugBank	https://go.drugbank.com/drugs/DB12747	Tertomotide
DrugBank_DB02266	DB02266	DrugBank	https://go.drugbank.com/drugs/DB02266	Flufenamic Acid
DrugBank_DB02893	DB02893	DrugBank	https://go.drugbank.com/drugs/DB02893	D-methionine
DrugBank_DB06760	DB06760	DrugBank	https://go.drugbank.com/drugs/DB06760	Sacrosidase
DrugBank_DB13376	DB13376	DrugBank	https://go.drugbank.com/drugs/DB13376	Succinimide
DrugBank_DB13893	DB13893	DrugBank	https://go.drugbank.com/drugs/DB13893	Crotalus Adamanteus Antivenin
DrugBank_DB02660	DB02660	DrugBank	https://go.drugbank.com/drugs/DB02660	Filaminast
DrugBank_DB09327	DB09327	DrugBank	https://go.drugbank.com/drugs/DB09327	Tegafur-uracil
DrugBank_DB12693	DB12693	DrugBank	https://go.drugbank.com/drugs/DB12693	Ritanserin
DrugBank_DB00944	DB00944	DrugBank	https://go.drugbank.com/drugs/DB00944	Demecarium
DrugBank_DB01589	DB01589	DrugBank	https://go.drugbank.com/drugs/DB01589	Quazepam
DrugBank_DB07881	DB07881	DrugBank	https://go.drugbank.com/drugs/DB07881	N-{[2-({[1-(4-carboxybutanoyl)amino]-2-phenylethyl}-hydroxyphosphinyl)oxy]acetyl}-2-phenylethylamine
DrugBank_DB02866	DB02866	DrugBank	https://go.drugbank.com/drugs/DB02866	Dansylamide
DrugBank_DB03890	DB03890	DrugBank	https://go.drugbank.com/drugs/DB03890	N-[2-(1-formyl-2-methyl-propyl)-1-(4-piperidin-1-yl-but-2-enoyl)-pyrrolidin-3-yl]-methanesulfonamide
DrugBank_DB11756	DB11756	DrugBank	https://go.drugbank.com/drugs/DB11756	Solanezumab
DrugBank_DB02556	DB02556	DrugBank	https://go.drugbank.com/drugs/DB02556	D-phenylalanine
DrugBank_DB08276	DB08276	DrugBank	https://go.drugbank.com/drugs/DB08276	Trifluoro-[hydroxy-[hydroxy-[2-(n-methyl-2-nitro-anilino)ethoxy]phosphoryl]oxy-phosphoryl]oxy-beryllium(1-)
DrugBank_DB08321	DB08321	DrugBank	https://go.drugbank.com/drugs/DB08321	(1s,2s,3r,6r)-4-(hydroxymethyl)-6-(octylamino)cyclohex-4-ene-1,2,3-triol
DrugBank_DB09033	DB09033	DrugBank	https://go.drugbank.com/drugs/DB09033	Vedolizumab
DrugBank_DB04119	DB04119	DrugBank	https://go.drugbank.com/drugs/DB04119	Hexatantalum Dodecabromide
DrugBank_DB07171	DB07171	DrugBank	https://go.drugbank.com/drugs/DB07171	5-(2-hydroxyethyl)nonane-1,9-diol
DrugBank_DB08139	DB08139	DrugBank	https://go.drugbank.com/drugs/DB08139	5-chloro-7-[(1-methylethyl)amino]pyrazolo[1,5-a]pyrimidine-3-carbonitrile
DrugBank_DB00829	DB00829	DrugBank	https://go.drugbank.com/drugs/DB00829	Diazepam
DrugBank_DB03276	DB03276	DrugBank	https://go.drugbank.com/drugs/DB03276	4-[(10s,14s,18s)-18-(2-amino-2-oxoethyl)-14-(1-naphthylmethyl)-8,17,20-trioxo-7,16,19-triazaspiro[5.14]icos-11-en-10-yl]benzylphosphonic Acid
DrugBank_DB13522	DB13522	DrugBank	https://go.drugbank.com/drugs/DB13522	Mebicar
DrugBank_DB07360	DB07360	DrugBank	https://go.drugbank.com/drugs/DB07360	1-{5-[2-(thieno[3,2-d]pyrimidin-4-ylamino)ethyl]-1,3-thiazol-2-yl}-3-[3-(trifluoromethyl)phenyl]urea
DrugBank_DB02838	DB02838	DrugBank	https://go.drugbank.com/drugs/DB02838	3,4-dihydro-2h-pyrrolium-5-carboxylate
DrugBank_DB07083	DB07083	DrugBank	https://go.drugbank.com/drugs/DB07083	Beta-phenyl-d-phenylalanyl-n-propyl-l-prolinamide
DrugBank_DB00893	DB00893	DrugBank	https://go.drugbank.com/drugs/DB00893	Iron Dextran
DrugBank_DB07443	DB07443	DrugBank	https://go.drugbank.com/drugs/DB07443	(2z)-n-biphenyl-4-yl-2-cyano-3-hydroxybut-2-enamide
DrugBank_DB08102	DB08102	DrugBank	https://go.drugbank.com/drugs/DB08102	3,5-dibromobiphenyl-4-ol
DrugBank_DB02635	DB02635	DrugBank	https://go.drugbank.com/drugs/DB02635	N-[o-phosphono-pyridoxyl]-isoleucine
DrugBank_DB04854	DB04854	DrugBank	https://go.drugbank.com/drugs/DB04854	Febuxostat
DrugBank_DB04288	DB04288	DrugBank	https://go.drugbank.com/drugs/DB04288	2-[trans-(4-aminocyclohexyl)amino]-6-(benzyl-amino)-9-cyclopentylpurine
DrugBank_DB04614	DB04614	DrugBank	https://go.drugbank.com/drugs/DB04614	(r)-tacrine(10)-hupyridone
DrugBank_DB01760	DB01760	DrugBank	https://go.drugbank.com/drugs/DB01760	2-methoxy-3-isopropylpyrazine
DrugBank_DB04437	DB04437	DrugBank	https://go.drugbank.com/drugs/DB04437	Cysteine-methylene-carbamoyl-1,10-phenanthroline
DrugBank_DB08033	DB08033	DrugBank	https://go.drugbank.com/drugs/DB08033	(5r)-n,n-diethyl-5-methyl-2-[(thiophen-2-ylcarbonyl)amino]-4,5,6,7-tetrahydro-1-benzothiophene-3-carboxamide
DrugBank_DB12048	DB12048	DrugBank	https://go.drugbank.com/drugs/DB12048	Savolitinib
DrugBank_DB01271	DB01271	DrugBank	https://go.drugbank.com/drugs/DB01271	Idursulfase
DrugBank_DB12422	DB12422	DrugBank	https://go.drugbank.com/drugs/DB12422	Sulforaphane
DrugBank_DB14006	DB14006	DrugBank	https://go.drugbank.com/drugs/DB14006	Choline Salicylate
DrugBank_DB00631	DB00631	DrugBank	https://go.drugbank.com/drugs/DB00631	Clofarabine
DrugBank_DB05150	DB05150	DrugBank	https://go.drugbank.com/drugs/DB05150	Cad106
DrugBank_DB02247	DB02247	DrugBank	https://go.drugbank.com/drugs/DB02247	Hydrolyzed Cephalothin
DrugBank_DB00217	DB00217	DrugBank	https://go.drugbank.com/drugs/DB00217	Bethanidine
DrugBank_DB00169	DB00169	DrugBank	https://go.drugbank.com/drugs/DB00169	Cholecalciferol
DrugBank_DB03535	DB03535	DrugBank	https://go.drugbank.com/drugs/DB03535	Z-pro-prolinal
DrugBank_DB04845	DB04845	DrugBank	https://go.drugbank.com/drugs/DB04845	Ixabepilone
DrugBank_DB10805	DB10805	DrugBank	https://go.drugbank.com/drugs/DB10805	Yellow Fever Vaccine
DrugBank_DB14680	DB14680	DrugBank	https://go.drugbank.com/drugs/DB14680	Combretastatin A4
DrugBank_DB06274	DB06274	DrugBank	https://go.drugbank.com/drugs/DB06274	Alvimopan
DrugBank_DB01582	DB01582	DrugBank	https://go.drugbank.com/drugs/DB01582	Sulfamethazine
DrugBank_DB07494	DB07494	DrugBank	https://go.drugbank.com/drugs/DB07494	(3-exo)-3-(10,11-dihydro-5h-dibenzo[a,d][7]annulen-5-yloxy)-8,8-dimethyl-8-azoniabicyclo[3.2.1]octane
DrugBank_DB01328	DB01328	DrugBank	https://go.drugbank.com/drugs/DB01328	Cefonicid
DrugBank_DB09016	DB09016	DrugBank	https://go.drugbank.com/drugs/DB09016	Butriptyline
DrugBank_DB08624	DB08624	DrugBank	https://go.drugbank.com/drugs/DB08624	1-[(4s)-4-amino-5-(1,3-benzothiazol-2-yl)-5-oxopentyl]guanidine
DrugBank_DB00431	DB00431	DrugBank	https://go.drugbank.com/drugs/DB00431	Lindane
DrugBank_DB08906	DB08906	DrugBank	https://go.drugbank.com/drugs/DB08906	Fluticasone Furoate
DrugBank_DB11201	DB11201	DrugBank	https://go.drugbank.com/drugs/DB11201	Menthyl Salicylate
DrugBank_DB09571	DB09571	DrugBank	https://go.drugbank.com/drugs/DB09571	Levmetamfetamine
DrugBank_DB00744	DB00744	DrugBank	https://go.drugbank.com/drugs/DB00744	Zileuton
DrugBank_DB08844	DB08844	DrugBank	https://go.drugbank.com/drugs/DB08844	Uric Acid
DrugBank_DB02512	DB02512	DrugBank	https://go.drugbank.com/drugs/DB02512	1,6-fructose Diphosphate (linear Form)
DrugBank_DB06379	DB06379	DrugBank	https://go.drugbank.com/drugs/DB06379	Calcitonin Gene-related Peptide
DrugBank_DB11254	DB11254	DrugBank	https://go.drugbank.com/drugs/DB11254	Hexylresorcinol
DrugBank_DB06912	DB06912	DrugBank	https://go.drugbank.com/drugs/DB06912	Undeca-3,7-diene-1,3,7,11-tetracarbaldehyde
DrugBank_DB09072	DB09072	DrugBank	https://go.drugbank.com/drugs/DB09072	Sodium Oxybate
DrugBank_DB07876	DB07876	DrugBank	https://go.drugbank.com/drugs/DB07876	(s)-2-methyl-1-[(4-methyl-5-isoquinoline)sulfonyl]-homopiperazine
DrugBank_DB05533	DB05533	DrugBank	https://go.drugbank.com/drugs/DB05533	Qr-333
DrugBank_DB03311	DB03311	DrugBank	https://go.drugbank.com/drugs/DB03311	3-(3,5-dibromo-4-hydroxy-benzoyl)-2-ethyl-benzofuran-6-sulfonic Acid [4-(thiazol-2-ylsulfamoyl)-phenyl]-amide
DrugBank_DB02678	DB02678	DrugBank	https://go.drugbank.com/drugs/DB02678	Beta-d-galactosamine
DrugBank_DB07636	DB07636	DrugBank	https://go.drugbank.com/drugs/DB07636	5-heptyl-6-hydroxy-1,3-benzothiazole-4,7-dione
DrugBank_DB11529	DB11529	DrugBank	https://go.drugbank.com/drugs/DB11529	Melengestrol
DrugBank_DB03026	DB03026	DrugBank	https://go.drugbank.com/drugs/DB03026	Phosphoglycolohydroxamic Acid
DrugBank_DB06140	DB06140	DrugBank	https://go.drugbank.com/drugs/DB06140	Suvn-502
DrugBank_DB09131	DB09131	DrugBank	https://go.drugbank.com/drugs/DB09131	Cupric Chloride
DrugBank_DB07625	DB07625	DrugBank	https://go.drugbank.com/drugs/DB07625	4-(2-aminoethoxy)-n-(2,5-diethoxyphenyl)-3,5-dimethylbenzamide
DrugBank_DB04540	DB04540	DrugBank	https://go.drugbank.com/drugs/DB04540	Cholesterol
DrugBank_DB06780	DB06780	DrugBank	https://go.drugbank.com/drugs/DB06780	Desoxycorticosterone Acetate
DrugBank_DB05171	DB05171	DrugBank	https://go.drugbank.com/drugs/DB05171	E-2012
DrugBank_DB04779	DB04779	DrugBank	https://go.drugbank.com/drugs/DB04779	Ethyl (1e)-2-phenyl-n-(sulfooxy)ethanimidothioate
DrugBank_DB12191	DB12191	DrugBank	https://go.drugbank.com/drugs/DB12191	Obatoclax
DrugBank_DB02930	DB02930	DrugBank	https://go.drugbank.com/drugs/DB02930	Adenosine 5'-[gamma-thio]triphosphate
DrugBank_DB07622	DB07622	DrugBank	https://go.drugbank.com/drugs/DB07622	1-(3-(2,4-dimethylthiazol-5-yl)-4-oxo-2,4-dihydroindeno[1,2-c]pyrazol-5-yl)-3-(4-methylpiperazin-1-yl)urea
DrugBank_DB05913	DB05913	DrugBank	https://go.drugbank.com/drugs/DB05913	Osi-930
DrugBank_DB05553	DB05553	DrugBank	https://go.drugbank.com/drugs/DB05553	Regrelor
DrugBank_DB13249	DB13249	DrugBank	https://go.drugbank.com/drugs/DB13249	Magnesium Silicate
DrugBank_DB07723	DB07723	DrugBank	https://go.drugbank.com/drugs/DB07723	3-(5-methoxy-1h-indol-3-yl)propanoic Acid
DrugBank_DB00115	DB00115	DrugBank	https://go.drugbank.com/drugs/DB00115	Cyanocobalamin
DrugBank_DB07792	DB07792	DrugBank	https://go.drugbank.com/drugs/DB07792	(s)-2-chloro-n-(1-(2-(2-hydroxyethylamino)-2-oxoethyl)-2-oxo-1,2,3,4-tetrahydroquinolin-3-yl)-6h-thieno[2,3-b]pyrrole-5-carboxamide
DrugBank_DB05869	DB05869	DrugBank	https://go.drugbank.com/drugs/DB05869	Ethyl Pyruvate
DrugBank_DB09260	DB09260	DrugBank	https://go.drugbank.com/drugs/DB09260	Parnaparin
DrugBank_DB07498	DB07498	DrugBank	https://go.drugbank.com/drugs/DB07498	4-[3-(3-nitrophenyl)-1,2,4-oxadiazol-5-yl]butanoic Acid
DrugBank_DB06869	DB06869	DrugBank	https://go.drugbank.com/drugs/DB06869	1-[2-amino-2-cyclohexyl-acetyl]-pyrrolidine-3-carboxylic Acid 5-chloro-2-(2-ethylcarbamoyl-ethoxy)-benzylamide
DrugBank_DB02508	DB02508	DrugBank	https://go.drugbank.com/drugs/DB02508	Isopentyl Pyrophosphate
DrugBank_DB05964	DB05964	DrugBank	https://go.drugbank.com/drugs/DB05964	Amitifadine
DrugBank_DB01235	DB01235	DrugBank	https://go.drugbank.com/drugs/DB01235	Levodopa
DrugBank_DB08096	DB08096	DrugBank	https://go.drugbank.com/drugs/DB08096	8-(2-chlorophenylamino)-2-(2,6-difluorophenylamino)-9-ethyl-9h-purine-1,7-diium
DrugBank_DB06335	DB06335	DrugBank	https://go.drugbank.com/drugs/DB06335	Saxagliptin
DrugBank_DB13231	DB13231	DrugBank	https://go.drugbank.com/drugs/DB13231	Calcium Lactate
DrugBank_DB06707	DB06707	DrugBank	https://go.drugbank.com/drugs/DB06707	Levonordefrin
DrugBank_DB09449	DB09449	DrugBank	https://go.drugbank.com/drugs/DB09449	Sodium Phosphate, Monobasic
DrugBank_DB01194	DB01194	DrugBank	https://go.drugbank.com/drugs/DB01194	Brinzolamide
DrugBank_DB04149	DB04149	DrugBank	https://go.drugbank.com/drugs/DB04149	(r)-rolipram
DrugBank_DB15118	DB15118	DrugBank	https://go.drugbank.com/drugs/DB15118	Zolbetuximab
DrugBank_DB07695	DB07695	DrugBank	https://go.drugbank.com/drugs/DB07695	N-(3,5-dibromo-4-hydroxyphenyl)-4-hydroxy-3,5-dimethylbenzamide
DrugBank_DB01289	DB01289	DrugBank	https://go.drugbank.com/drugs/DB01289	Glisoxepide
DrugBank_DB12216	DB12216	DrugBank	https://go.drugbank.com/drugs/DB12216	Bergapten
DrugBank_DB15354	DB15354	DrugBank	https://go.drugbank.com/drugs/DB15354	Evinacumab
DrugBank_DB04590	DB04590	DrugBank	https://go.drugbank.com/drugs/DB04590	(2r)-({4-[amino(imino)methyl]phenyl}amino){5-ethoxy-2-fluoro-3-[(3r)-tetrahydrofuran-3-yloxy]phenyl}aceticacid
DrugBank_DB03565	DB03565	DrugBank	https://go.drugbank.com/drugs/DB03565	1-o-octyl-2-heptylphosphonyl-sn-glycero-3-phosphoethanolamine
DrugBank_DB08746	DB08746	DrugBank	https://go.drugbank.com/drugs/DB08746	1-[[(1e)-2-(4-chlorophenyl)ethenyl]sulfonyl]-4-[[1-(4-pyridinyl)-4-piperidinyl]methyl]piperazine
DrugBank_DB03882	DB03882	DrugBank	https://go.drugbank.com/drugs/DB03882	5-alpha-androstane-3-beta,17beta-diol
DrugBank_DB13933	DB13933	DrugBank	https://go.drugbank.com/drugs/DB13933	Nonacog Beta Pegol
DrugBank_DB02796	DB02796	DrugBank	https://go.drugbank.com/drugs/DB02796	9-deazainosine
DrugBank_DB00704	DB00704	DrugBank	https://go.drugbank.com/drugs/DB00704	Naltrexone
DrugBank_DB14385	DB14385	DrugBank	https://go.drugbank.com/drugs/DB14385	Influenza B Virus B/brisbane/60/2008 Hemagglutinin Antigen (formaldehyde Inactivated)
DrugBank_DB03193	DB03193	DrugBank	https://go.drugbank.com/drugs/DB03193	Stearic Acid
DrugBank_DB05465	DB05465	DrugBank	https://go.drugbank.com/drugs/DB05465	Tandutinib
DrugBank_DB00449	DB00449	DrugBank	https://go.drugbank.com/drugs/DB00449	Dipivefrin
DrugBank_DB13894	DB13894	DrugBank	https://go.drugbank.com/drugs/DB13894	Agkistrodon Piscivorus Antivenin
DrugBank_DB08052	DB08052	DrugBank	https://go.drugbank.com/drugs/DB08052	Pp-121
DrugBank_DB08119	DB08119	DrugBank	https://go.drugbank.com/drugs/DB08119	1,1,1-trifluoro-3-((n-acetyl)-l-leucylamido)-4-phenyl-butan-2-one(n-acetyl-l-leucyl-l-phenylalanyl Trifluoromethyl Ketone)
DrugBank_DB00995	DB00995	DrugBank	https://go.drugbank.com/drugs/DB00995	Auranofin
DrugBank_DB03058	DB03058	DrugBank	https://go.drugbank.com/drugs/DB03058	2-aminobenzyl Alcohol
DrugBank_DB03690	DB03690	DrugBank	https://go.drugbank.com/drugs/DB03690	(z,z)-4-hydroxy-n,n,n-trimethyl-10-oxo-7-[(1-oxo-9-octadecenyl)oxy]-3,5,9-trioxa-4-phosphaheptacos-18-en-1-aminium-4-oxide
DrugBank_DB07079	DB07079	DrugBank	https://go.drugbank.com/drugs/DB07079	3-{[4-(but-2-yn-1-yloxy)phenyl]sulfonyl}propane-1-thiol
DrugBank_DB04109	DB04109	DrugBank	https://go.drugbank.com/drugs/DB04109	[4-(1,3,2-dioxaborolan-2-yloxy)methyl]benzamidine
DrugBank_DB07179	DB07179	DrugBank	https://go.drugbank.com/drugs/DB07179	3-((3-bromo-5-o-tolylpyrazolo[1,5-a]pyrimidin-7-ylamino)methyl)pyridine 1-oxide
DrugBank_DB13017	DB13017	DrugBank	https://go.drugbank.com/drugs/DB13017	Rovalpituzumab Tesirine
DrugBank_DB01662	DB01662	DrugBank	https://go.drugbank.com/drugs/DB01662	Trans-o-hydroxy-alpha-methyl Cinnamate
DrugBank_DB06991	DB06991	DrugBank	https://go.drugbank.com/drugs/DB06991	N-[2-methyl-5-(methylcarbamoyl)phenyl]-2-{[(1r)-1-methylpropyl]amino}-1,3-thiazole-5-carboxamide
DrugBank_DB14499	DB14499	DrugBank	https://go.drugbank.com/drugs/DB14499	Potassium Sulfate
DrugBank_DB00459	DB00459	DrugBank	https://go.drugbank.com/drugs/DB00459	Acitretin
DrugBank_DB08088	DB08088	DrugBank	https://go.drugbank.com/drugs/DB08088	2-chloro-4-{[(1r,3z,7s,7as)-7-hydroxy-1-(trifluoromethyl)tetrahydro-1h-pyrrolo[1,2-c][1,3]oxazol-3-ylidene]amino}-3-methylbenzonitrile
DrugBank_DB09029	DB09029	DrugBank	https://go.drugbank.com/drugs/DB09029	Secukinumab
DrugBank_DB00010	DB00010	DrugBank	https://go.drugbank.com/drugs/DB00010	Sermorelin
DrugBank_DB09526	DB09526	DrugBank	https://go.drugbank.com/drugs/DB09526	Hydroquinone
DrugBank_DB07102	DB07102	DrugBank	https://go.drugbank.com/drugs/DB07102	(2s)-2-amino-5-oxo-5-[(4-phenylmethoxyphenyl)amino]pentanoic Acid
DrugBank_DB08480	DB08480	DrugBank	https://go.drugbank.com/drugs/DB08480	4-hydroxy-n-propargyl-1(r)-aminoindan
DrugBank_DB01611	DB01611	DrugBank	https://go.drugbank.com/drugs/DB01611	Hydroxychloroquine
DrugBank_DB06727	DB06727	DrugBank	https://go.drugbank.com/drugs/DB06727	Sparteine
DrugBank_DB11651	DB11651	DrugBank	https://go.drugbank.com/drugs/DB11651	Dactolisib
DrugBank_DB00039	DB00039	DrugBank	https://go.drugbank.com/drugs/DB00039	Palifermin
DrugBank_DB02029	DB02029	DrugBank	https://go.drugbank.com/drugs/DB02029	N-cyclohexyl-n'-(4-iodophenyl)urea
DrugBank_DB04043	DB04043	DrugBank	https://go.drugbank.com/drugs/DB04043	Carboxymycobactin T
DrugBank_DB13749	DB13749	DrugBank	https://go.drugbank.com/drugs/DB13749	Magnesium Gluconate
DrugBank_DB08645	DB08645	DrugBank	https://go.drugbank.com/drugs/DB08645	6-chloro-3-(dichloromethyl)-3,4-dihydro-2h-1,2,4-benzothiadiazine-7-sulfonamide 1,1-dioxide
DrugBank_DB00546	DB00546	DrugBank	https://go.drugbank.com/drugs/DB00546	Adinazolam
DrugBank_DB08341	DB08341	DrugBank	https://go.drugbank.com/drugs/DB08341	4-{[4-{[(1r,2r)-2-(dimethylamino)cyclopentyl]amino}-5-(trifluoromethyl)pyrimidin-2-yl]amino}-n-methylbenzenesulfonamide
DrugBank_DB13862	DB13862	DrugBank	https://go.drugbank.com/drugs/DB13862	Magnesium Phosphate
DrugBank_DB09238	DB09238	DrugBank	https://go.drugbank.com/drugs/DB09238	Manidipine
DrugBank_DB01541	DB01541	DrugBank	https://go.drugbank.com/drugs/DB01541	Boldenone
DrugBank_DB03292	DB03292	DrugBank	https://go.drugbank.com/drugs/DB03292	3-phosphono-d-alanine
DrugBank_DB15461	DB15461	DrugBank	https://go.drugbank.com/drugs/DB15461	Yersinia Pestis 195/p Antigen (formaldehyde Inactivated)
DrugBank_DB07168	DB07168	DrugBank	https://go.drugbank.com/drugs/DB07168	[4-({4-[(5-cyclopropyl-1h-pyrazol-3-yl)amino]-6-(methylamino)pyrimidin-2-yl}amino)phenyl]acetonitrile
DrugBank_DB05233	DB05233	DrugBank	https://go.drugbank.com/drugs/DB05233	Ap1081
DrugBank_DB01097	DB01097	DrugBank	https://go.drugbank.com/drugs/DB01097	Leflunomide
DrugBank_DB03614	DB03614	DrugBank	https://go.drugbank.com/drugs/DB03614	Mecobalamin
DrugBank_DB07736	DB07736	DrugBank	https://go.drugbank.com/drugs/DB07736	(2s)-4-(4-fluorobenzyl)-n-(2-sulfanylethyl)piperazine-2-carboxamide
DrugBank_DB05119	DB05119	DrugBank	https://go.drugbank.com/drugs/DB05119	Rilapladib
DrugBank_DB01559	DB01559	DrugBank	https://go.drugbank.com/drugs/DB01559	Clotiazepam
DrugBank_DB07760	DB07760	DrugBank	https://go.drugbank.com/drugs/DB07760	3-[(1e,7e)-8-(2,6-dioxo-1,2,3,6-tetrahydropyrimidin-4-yl)-3,6-dioxa-2,7-diazaocta-1,7-dien-1-yl]benzoic Acid
DrugBank_DB02234	DB02234	DrugBank	https://go.drugbank.com/drugs/DB02234	S-ethylisothiourea
DrugBank_DB01876	DB01876	DrugBank	https://go.drugbank.com/drugs/DB01876	Bis(5-amidino-2-benzimidazolyl)methanone
DrugBank_DB03597	DB03597	DrugBank	https://go.drugbank.com/drugs/DB03597	Gamma-glutamyl[s-(2-iodobenzyl)cysteinyl]glycine
DrugBank_DB14501	DB14501	DrugBank	https://go.drugbank.com/drugs/DB14501	Ferrous Glycine Sulfate
DrugBank_DB04956	DB04956	DrugBank	https://go.drugbank.com/drugs/DB04956	Afelimomab
DrugBank_DB06842	DB06842	DrugBank	https://go.drugbank.com/drugs/DB06842	(4r)-4-(3-butoxy-4-methoxybenzyl)imidazolidin-2-one
DrugBank_DB15071	DB15071	DrugBank	https://go.drugbank.com/drugs/DB15071	Omidenepag Isopropyl
DrugBank_DB07645	DB07645	DrugBank	https://go.drugbank.com/drugs/DB07645	Sebacic Acid
DrugBank_DB06022	DB06022	DrugBank	https://go.drugbank.com/drugs/DB06022	Glycopeg-gcsf
DrugBank_DB01179	DB01179	DrugBank	https://go.drugbank.com/drugs/DB01179	Podofilox
DrugBank_DB01510	DB01510	DrugBank	https://go.drugbank.com/drugs/DB01510	Dehydrochloromethyltestosterone
DrugBank_DB02754	DB02754	DrugBank	https://go.drugbank.com/drugs/DB02754	9-butyl-8-(3,4,5-trimethoxybenzyl)-9h-purin-6-amine
DrugBank_DB00951	DB00951	DrugBank	https://go.drugbank.com/drugs/DB00951	Isoniazid
DrugBank_DB09321	DB09321	DrugBank	https://go.drugbank.com/drugs/DB09321	Zinc Oxide
DrugBank_DB05362	DB05362	DrugBank	https://go.drugbank.com/drugs/DB05362	Ssr-126517e
DrugBank_DB02513	DB02513	DrugBank	https://go.drugbank.com/drugs/DB02513	Thymol
DrugBank_DB07216	DB07216	DrugBank	https://go.drugbank.com/drugs/DB07216	(11s)-8-chloro-11-[1-(methylsulfonyl)piperidin-4-yl]-6-piperazin-1-yl-11h-benzo[5,6]cyclohepta[1,2-b]pyridine
DrugBank_DB00727	DB00727	DrugBank	https://go.drugbank.com/drugs/DB00727	Nitroglycerin
DrugBank_DB07279	DB07279	DrugBank	https://go.drugbank.com/drugs/DB07279	N-ethyl-n-isopropyl-3-methyl-5-{[(2s)-2-(pyridin-4-ylamino)propyl]oxy}benzamide
DrugBank_DB07966	DB07966	DrugBank	https://go.drugbank.com/drugs/DB07966	[4-({4-[(5-cyclopropyl-1h-pyrazol-3-yl)amino]quinazolin-2-yl}amino)phenyl]acetonitrile
DrugBank_DB00243	DB00243	DrugBank	https://go.drugbank.com/drugs/DB00243	Ranolazine
DrugBank_DB14672	DB14672	DrugBank	https://go.drugbank.com/drugs/DB14672	Oxazepam Acetate
DrugBank_DB07715	DB07715	DrugBank	https://go.drugbank.com/drugs/DB07715	Emodin
DrugBank_DB09201	DB09201	DrugBank	https://go.drugbank.com/drugs/DB09201	Ciglitazone
DrugBank_DB01333	DB01333	DrugBank	https://go.drugbank.com/drugs/DB01333	Cefradine
DrugBank_DB06525	DB06525	DrugBank	https://go.drugbank.com/drugs/DB06525	Ganstigmine
DrugBank_DB08739	DB08739	DrugBank	https://go.drugbank.com/drugs/DB08739	2-{3-[(2s)-4,4-difluoro-2-(pyrrolidin-1-ylcarbonyl)pyrrolidin-1-yl]-3-oxopropyl}-isoindole-1,3(2h)-dione
DrugBank_DB06803	DB06803	DrugBank	https://go.drugbank.com/drugs/DB06803	Niclosamide
DrugBank_DB11972	DB11972	DrugBank	https://go.drugbank.com/drugs/DB11972	Rilotumumab
DrugBank_DB12692	DB12692	DrugBank	https://go.drugbank.com/drugs/DB12692	Gusperimus
DrugBank_DB04365	DB04365	DrugBank	https://go.drugbank.com/drugs/DB04365	Arecoline
DrugBank_DB06938	DB06938	DrugBank	https://go.drugbank.com/drugs/DB06938	4-[[2-[[4-chloro-3-(trifluoromethyl)phenyl]amino]-3h-benzimidazol-5-yl]oxy]-n-methyl-pyridine-2-carboxamide
DrugBank_DB14967	DB14967	DrugBank	https://go.drugbank.com/drugs/DB14967	Margetuximab
DrugBank_DB03070	DB03070	DrugBank	https://go.drugbank.com/drugs/DB03070	Selenazole-4-carboxyamide-adenine Dinucleotide
DrugBank_DB01481	DB01481	DrugBank	https://go.drugbank.com/drugs/DB01481	1-testosterone
DrugBank_DB04774	DB04774	DrugBank	https://go.drugbank.com/drugs/DB04774	Reidispongiolide A
DrugBank_DB09065	DB09065	DrugBank	https://go.drugbank.com/drugs/DB09065	Cobicistat
DrugBank_DB02720	DB02720	DrugBank	https://go.drugbank.com/drugs/DB02720	Alpha-d-glucopyranosyl-2-carboxylic Acid Amide
DrugBank_DB07031	DB07031	DrugBank	https://go.drugbank.com/drugs/DB07031	3-fluoro-4-{[(2r)-2-hydroxy-2-(5,5,8,8-tetramethyl-5,6,7,8-tetrahydro-2-naphthalenyl)acetyl]amino}benzoic Acid
DrugBank_DB15289	DB15289	DrugBank	https://go.drugbank.com/drugs/DB15289	Perillyl Alcohol
DrugBank_DB09166	DB09166	DrugBank	https://go.drugbank.com/drugs/DB09166	Etizolam
DrugBank_DB02834	DB02834	DrugBank	https://go.drugbank.com/drugs/DB02834	Idd552
DrugBank_DB03996	DB03996	DrugBank	https://go.drugbank.com/drugs/DB03996	3-[(5s)-1-acetyl-3-(2-chlorophenyl)-4,5-dihydro-1h-pyrazol-5-yl]phenol
DrugBank_DB13722	DB13722	DrugBank	https://go.drugbank.com/drugs/DB13722	Pirprofen
DrugBank_DB08322	DB08322	DrugBank	https://go.drugbank.com/drugs/DB08322	2-deoxy-3,4-bis-o-[3-(4-hydroxyphenyl)propanoyl]-l-threo-pentaric Acid
DrugBank_DB09413	DB09413	DrugBank	https://go.drugbank.com/drugs/DB09413	Monopotassium Phosphate
DrugBank_DB07458	DB07458	DrugBank	https://go.drugbank.com/drugs/DB07458	3-(1h-indol-3-yl)-4-{1-[2-(1-methylpyrrolidin-2-yl)ethyl]-1h-indol-3-yl}-1h-pyrrole-2,5-dione
DrugBank_DB13711	DB13711	DrugBank	https://go.drugbank.com/drugs/DB13711	Tritoqualine
DrugBank_DB02235	DB02235	DrugBank	https://go.drugbank.com/drugs/DB02235	L-methionine (r)-s-oxide
DrugBank_DB04020	DB04020	DrugBank	https://go.drugbank.com/drugs/DB04020	4-(2-{[4-{[3-(4-chlorophenyl)propyl]sulfanyl}-6-(1-piperazinyl)-1,3,5-triazin-2-yl]amino}ethyl)phenol
DrugBank_DB00148	DB00148	DrugBank	https://go.drugbank.com/drugs/DB00148	Creatine
DrugBank_DB09202	DB09202	DrugBank	https://go.drugbank.com/drugs/DB09202	Cirazoline
DrugBank_DB00626	DB00626	DrugBank	https://go.drugbank.com/drugs/DB00626	Bacitracin
DrugBank_DB05530	DB05530	DrugBank	https://go.drugbank.com/drugs/DB05530	Cpg 10101
DrugBank_DB13987	DB13987	DrugBank	https://go.drugbank.com/drugs/DB13987	Strontium Chloride
DrugBank_DB08876	DB08876	DrugBank	https://go.drugbank.com/drugs/DB08876	Taliglucerase Alfa
DrugBank_DB07288	DB07288	DrugBank	https://go.drugbank.com/drugs/DB07288	N-(4-chlorophenyl)-2-[(pyridin-4-ylmethyl)amino]benzamide
DrugBank_DB01149	DB01149	DrugBank	https://go.drugbank.com/drugs/DB01149	Nefazodone
DrugBank_DB13314	DB13314	DrugBank	https://go.drugbank.com/drugs/DB13314	Alminoprofen
DrugBank_DB05688	DB05688	DrugBank	https://go.drugbank.com/drugs/DB05688	Crx-119
DrugBank_DB07377	DB07377	DrugBank	https://go.drugbank.com/drugs/DB07377	N'-((2s,3r)-3-amino-2-hydroxy-5-(isopropylsulfanyl)pentanoyl)-n-3-chlorobenzoyl Hydrazide
DrugBank_DB00583	DB00583	DrugBank	https://go.drugbank.com/drugs/DB00583	Levocarnitine
DrugBank_DB06097	DB06097	DrugBank	https://go.drugbank.com/drugs/DB06097	Gsk-923295
DrugBank_DB05190	DB05190	DrugBank	https://go.drugbank.com/drugs/DB05190	Xl281
DrugBank_DB11699	DB11699	DrugBank	https://go.drugbank.com/drugs/DB11699	Tropisetron
DrugBank_DB00713	DB00713	DrugBank	https://go.drugbank.com/drugs/DB00713	Oxacillin
DrugBank_DB00372	DB00372	DrugBank	https://go.drugbank.com/drugs/DB00372	Thiethylperazine
DrugBank_DB03103	DB03103	DrugBank	https://go.drugbank.com/drugs/DB03103	Thymidine-5'- Diphosphate
DrugBank_DB10962	DB10962	DrugBank	https://go.drugbank.com/drugs/DB10962	Agrostis Stolonifera Pollen
DrugBank_DB11979	DB11979	DrugBank	https://go.drugbank.com/drugs/DB11979	Elagolix
DrugBank_DB06346	DB06346	DrugBank	https://go.drugbank.com/drugs/DB06346	Fiboflapon
DrugBank_DB02142	DB02142	DrugBank	https://go.drugbank.com/drugs/DB02142	Pyridoxamine-5'-phosphate
DrugBank_DB08085	DB08085	DrugBank	https://go.drugbank.com/drugs/DB08085	1-(4-hexylphenyl)prop-2-en-1-one
DrugBank_DB03009	DB03009	DrugBank	https://go.drugbank.com/drugs/DB03009	2-{[2-oxo-2-(1-piperidinyl)ethyl]sulfanyl}-6-(trifluoromethyl)-4(1h)-pyrimidinone
DrugBank_DB01959	DB01959	DrugBank	https://go.drugbank.com/drugs/DB01959	3,5-dimethyl-1-(3-nitrophenyl)-1h-pyrazole-4-carboxylic Acid Ethyl Ester
DrugBank_DB00126	DB00126	DrugBank	https://go.drugbank.com/drugs/DB00126	Ascorbic Acid
DrugBank_DB01689	DB01689	DrugBank	https://go.drugbank.com/drugs/DB01689	Inhibitor Idd 384
DrugBank_DB01858	DB01858	DrugBank	https://go.drugbank.com/drugs/DB01858	[1-(4-fluorobenzyl)cyclobutyl]methyl (1s)-1-[oxo(1h-pyrazol-5-ylamino)acetyl]pentylcarbamate
DrugBank_DB00629	DB00629	DrugBank	https://go.drugbank.com/drugs/DB00629	Guanabenz
DrugBank_DB13622	DB13622	DrugBank	https://go.drugbank.com/drugs/DB13622	Selenium (75se) Norcholesterol
DrugBank_DB13247	DB13247	DrugBank	https://go.drugbank.com/drugs/DB13247	Pramiracetam
DrugBank_DB07226	DB07226	DrugBank	https://go.drugbank.com/drugs/DB07226	N-[4-(2-chlorophenyl)-1,3-dioxo-1,2,3,6-tetrahydropyrrolo[3,4-c]carbazol-9-yl]formamide
DrugBank_DB13800	DB13800	DrugBank	https://go.drugbank.com/drugs/DB13800	Calcium Levulinate
DrugBank_DB01071	DB01071	DrugBank	https://go.drugbank.com/drugs/DB01071	Mequitazine
DrugBank_DB08047	DB08047	DrugBank	https://go.drugbank.com/drugs/DB08047	4-[1-allyl-7-(trifluoromethyl)-1h-indazol-3-yl]benzene-1,3-diol
DrugBank_DB01488	DB01488	DrugBank	https://go.drugbank.com/drugs/DB01488	Dimethyltryptamine
DrugBank_DB14146	DB14146	DrugBank	https://go.drugbank.com/drugs/DB14146	Loxicodegol
DrugBank_DB03328	DB03328	DrugBank	https://go.drugbank.com/drugs/DB03328	Dioxo(sulfanyl)molybdenum
DrugBank_DB07353	DB07353	DrugBank	https://go.drugbank.com/drugs/DB07353	4-(2,5-diamino-5-hydroxy-pentyl)-phenol
DrugBank_DB05116	DB05116	DrugBank	https://go.drugbank.com/drugs/DB05116	Thymectacin
DrugBank_DB04575	DB04575	DrugBank	https://go.drugbank.com/drugs/DB04575	Quinestrol
DrugBank_DB06266	DB06266	DrugBank	https://go.drugbank.com/drugs/DB06266	Lonidamine
DrugBank_DB08437	DB08437	DrugBank	https://go.drugbank.com/drugs/DB08437	Puromycin
DrugBank_DB00607	DB00607	DrugBank	https://go.drugbank.com/drugs/DB00607	Nafcillin
DrugBank_DB14776	DB14776	DrugBank	https://go.drugbank.com/drugs/DB14776	Camrelizumab
DrugBank_DB04601	DB04601	DrugBank	https://go.drugbank.com/drugs/DB04601	4-[(4-o-sulfamoylbenzyl)(4-cyanophenyl)amino]-4h-[1,2,4]-triazole
DrugBank_DB12829	DB12829	DrugBank	https://go.drugbank.com/drugs/DB12829	Amithiozone
DrugBank_DB02681	DB02681	DrugBank	https://go.drugbank.com/drugs/DB02681	2,8-bis[oxido(oxo)vanadio]-1,1,1,3,5,5,7,7,9,9,9-undecaoxopentavanadoxane-2,8-diium
DrugBank_DB04256	DB04256	DrugBank	https://go.drugbank.com/drugs/DB04256	(s)-alpha-methyl-4-carboxyphenylglycine
DrugBank_DB09224	DB09224	DrugBank	https://go.drugbank.com/drugs/DB09224	Melperone
DrugBank_DB12001	DB12001	DrugBank	https://go.drugbank.com/drugs/DB12001	Abemaciclib
DrugBank_DB03100	DB03100	DrugBank	https://go.drugbank.com/drugs/DB03100	6-nitroindazole
DrugBank_DB08410	DB08410	DrugBank	https://go.drugbank.com/drugs/DB08410	Para-nitrobenzyl Glutaryl Glycinic Acid
DrugBank_DB02072	DB02072	DrugBank	https://go.drugbank.com/drugs/DB02072	2-(oxalyl-amino)-4,7-dihydro-5h-thieno[2,3-c]thiopyran-3-carboxylic Acid
DrugBank_DB08818	DB08818	DrugBank	https://go.drugbank.com/drugs/DB08818	Hyaluronic Acid
DrugBank_DB03410	DB03410	DrugBank	https://go.drugbank.com/drugs/DB03410	4-hydroxycoumarin
DrugBank_DB05165	DB05165	DrugBank	https://go.drugbank.com/drugs/DB05165	Ly2275796
DrugBank_DB14337	DB14337	DrugBank	https://go.drugbank.com/drugs/DB14337	Salvia Miltiorrhiza Root
DrugBank_DB13640	DB13640	DrugBank	https://go.drugbank.com/drugs/DB13640	Acetoxolone
DrugBank_DB00902	DB00902	DrugBank	https://go.drugbank.com/drugs/DB00902	Methdilazine
DrugBank_DB14730	DB14730	DrugBank	https://go.drugbank.com/drugs/DB14730	Calaspargase Pegol
DrugBank_DB04100	DB04100	DrugBank	https://go.drugbank.com/drugs/DB04100	(1,10 Phenanthroline)-(tri-carbon Monoxide) Rhenium (i)
DrugBank_DB02932	DB02932	DrugBank	https://go.drugbank.com/drugs/DB02932	(r)-bicalutamide
DrugBank_DB04655	DB04655	DrugBank	https://go.drugbank.com/drugs/DB04655	Metoprine
DrugBank_DB04973	DB04973	DrugBank	https://go.drugbank.com/drugs/DB04973	Lerafaon
DrugBank_DB05070	DB05070	DrugBank	https://go.drugbank.com/drugs/DB05070	Adx10059
DrugBank_DB06916	DB06916	DrugBank	https://go.drugbank.com/drugs/DB06916	N-[2-(1,3-benzodioxol-5-yl)ethyl]-1-[2-(1h-imidazol-1-yl)-6-methylpyrimidin-4-yl]-d-prolinamide
DrugBank_DB04001	DB04001	DrugBank	https://go.drugbank.com/drugs/DB04001	6-(oxalyl-amino)-1h-indole-5-carboxylic Acid
DrugBank_DB03455	DB03455	DrugBank	https://go.drugbank.com/drugs/DB03455	(1h-indol-3-yl)-(2-mercapto-ethoxyimino)-acetic Acid
DrugBank_DB03250	DB03250	DrugBank	https://go.drugbank.com/drugs/DB03250	2-(beta-d-glucopyranosyl)-5-methyl-1,3,4-benzothiazole
DrugBank_DB11640	DB11640	DrugBank	https://go.drugbank.com/drugs/DB11640	Amifampridine
DrugBank_DB01695	DB01695	DrugBank	https://go.drugbank.com/drugs/DB01695	N-hydroxy-4-phosphono-butanamide
DrugBank_DB12803	DB12803	DrugBank	https://go.drugbank.com/drugs/DB12803	Dichloroisoproterenol
DrugBank_DB01058	DB01058	DrugBank	https://go.drugbank.com/drugs/DB01058	Praziquantel
DrugBank_DB11580	DB11580	DrugBank	https://go.drugbank.com/drugs/DB11580	Ravulizumab
DrugBank_DB15453	DB15453	DrugBank	https://go.drugbank.com/drugs/DB15453	Naratuximab Emtansine
DrugBank_DB08186	DB08186	DrugBank	https://go.drugbank.com/drugs/DB08186	(3e)-4-(1-methyl-1h-indol-3-yl)but-3-en-2-one
DrugBank_DB09133	DB09133	DrugBank	https://go.drugbank.com/drugs/DB09133	Iothalamic Acid
DrugBank_DB01356	DB01356	DrugBank	https://go.drugbank.com/drugs/DB01356	Lithium Cation
DrugBank_DB04795	DB04795	DrugBank	https://go.drugbank.com/drugs/DB04795	Thenoyltrifluoroacetone
DrugBank_DB02318	DB02318	DrugBank	https://go.drugbank.com/drugs/DB02318	2-deoxy-2-fluoro-alpha-d-mannosyl Fluoride
DrugBank_DB13993	DB13993	DrugBank	https://go.drugbank.com/drugs/DB13993	Mrk-409
DrugBank_DB03978	DB03978	DrugBank	https://go.drugbank.com/drugs/DB03978	Tyrosinal
DrugBank_DB09022	DB09022	DrugBank	https://go.drugbank.com/drugs/DB09022	Benfluorex
DrugBank_DB08157	DB08157	DrugBank	https://go.drugbank.com/drugs/DB08157	Ethyl 3-[4-(aminosulfonyl)phenyl]propanoate
DrugBank_DB13884	DB13884	DrugBank	https://go.drugbank.com/drugs/DB13884	Albutrepenonacog Alfa
DrugBank_DB11689	DB11689	DrugBank	https://go.drugbank.com/drugs/DB11689	Selumetinib
DrugBank_DB12487	DB12487	DrugBank	https://go.drugbank.com/drugs/DB12487	Promestriene
DrugBank_DB13631	DB13631	DrugBank	https://go.drugbank.com/drugs/DB13631	Methoserpidine
DrugBank_DB03102	DB03102	DrugBank	https://go.drugbank.com/drugs/DB03102	2-(oxalyl-amino)-4,7-dihydro-5h-thieno[2,3-c]pyran-3-carboxylic Acid
DrugBank_DB13310	DB13310	DrugBank	https://go.drugbank.com/drugs/DB13310	Ormeloxifene
DrugBank_DB05478	DB05478	DrugBank	https://go.drugbank.com/drugs/DB05478	Pradefovir Mesylate
DrugBank_DB08388	DB08388	DrugBank	https://go.drugbank.com/drugs/DB08388	5-(2-ethoxyethyl)-5-[4-(4-fluorophenoxy)phenoxy]pyrimidine-2,4,6(1h,3h,5h)-trione
DrugBank_DB09249	DB09249	DrugBank	https://go.drugbank.com/drugs/DB09249	Octamoxin
DrugBank_DB02068	DB02068	DrugBank	https://go.drugbank.com/drugs/DB02068	Delta-amino Valeric Acid
DrugBank_DB02510	DB02510	DrugBank	https://go.drugbank.com/drugs/DB02510	5'-o-(l-prolylsulfamoyl)adenosine
DrugBank_DB02753	DB02753	DrugBank	https://go.drugbank.com/drugs/DB02753	Selenoinosine
DrugBank_DB13598	DB13598	DrugBank	https://go.drugbank.com/drugs/DB13598	Diethyl Ether
DrugBank_DB08629	DB08629	DrugBank	https://go.drugbank.com/drugs/DB08629	N1-(2-amino-4-methylpentyl)octahydro-pyrrolo[1,2-a] Pyrimidine
DrugBank_DB11919	DB11919	DrugBank	https://go.drugbank.com/drugs/DB11919	6-o-benzylguanine
DrugBank_DB07211	DB07211	DrugBank	https://go.drugbank.com/drugs/DB07211	(2r)-2-(5-chloro-2-thienyl)-n-{(3s)-1-[(1s)-1-methyl-2-morpholin-4-yl-2-oxoethyl]-2-oxopyrrolidin-3-yl}propene-1-sulfonamide
DrugBank_DB00119	DB00119	DrugBank	https://go.drugbank.com/drugs/DB00119	Pyruvic Acid
DrugBank_DB07157	DB07157	DrugBank	https://go.drugbank.com/drugs/DB07157	(5r,6s,8s)-8-[3-(aminomethyl)phenyl]-6-hydroxy-5-isopropyl-3-oxo-1-phenyl-2,7-dioxa-4-aza-6-phosphanonan-9-oic Acid 6-oxide
DrugBank_DB03059	DB03059	DrugBank	https://go.drugbank.com/drugs/DB03059	Acetoacetyl-coa
DrugBank_DB01280	DB01280	DrugBank	https://go.drugbank.com/drugs/DB01280	Nelarabine
DrugBank_DB06739	DB06739	DrugBank	https://go.drugbank.com/drugs/DB06739	Seratrodast
DrugBank_DB12836	DB12836	DrugBank	https://go.drugbank.com/drugs/DB12836	Grapiprant
DrugBank_DB04933	DB04933	DrugBank	https://go.drugbank.com/drugs/DB04933	Eritoran
DrugBank_DB03401	DB03401	DrugBank	https://go.drugbank.com/drugs/DB03401	1d-myo-inositol 1,4,5-trisphosphate
DrugBank_DB03714	DB03714	DrugBank	https://go.drugbank.com/drugs/DB03714	4-carbamoyl-4-{[6-(difluoro-phosphono-methyl)-naphthalene-2-carbonyl]-amino}-butyric Acid
DrugBank_DB08604	DB08604	DrugBank	https://go.drugbank.com/drugs/DB08604	Triclosan
DrugBank_DB02610	DB02610	DrugBank	https://go.drugbank.com/drugs/DB02610	N-(2,3,4,5,6-pentaflouro-benzyl)-4-sulfamoyl-benzamide
DrugBank_DB13027	DB13027	DrugBank	https://go.drugbank.com/drugs/DB13027	Tucaresol
DrugBank_DB00357	DB00357	DrugBank	https://go.drugbank.com/drugs/DB00357	Aminoglutethimide
DrugBank_DB13690	DB13690	DrugBank	https://go.drugbank.com/drugs/DB13690	Vinyl Ether
DrugBank_DB06475	DB06475	DrugBank	https://go.drugbank.com/drugs/DB06475	Ruplizumab
DrugBank_DB14007	DB14007	DrugBank	https://go.drugbank.com/drugs/DB14007	Pentetic Acid
DrugBank_DB06077	DB06077	DrugBank	https://go.drugbank.com/drugs/DB06077	Lumateperone
DrugBank_DB08775	DB08775	DrugBank	https://go.drugbank.com/drugs/DB08775	Benzoyl-tyrosine-alanine-fluoro-methyl Ketone
DrugBank_DB06623	DB06623	DrugBank	https://go.drugbank.com/drugs/DB06623	Flupirtine
DrugBank_DB02096	DB02096	DrugBank	https://go.drugbank.com/drugs/DB02096	Fr221647
DrugBank_DB01009	DB01009	DrugBank	https://go.drugbank.com/drugs/DB01009	Ketoprofen
DrugBank_DB12610	DB12610	DrugBank	https://go.drugbank.com/drugs/DB12610	Ebselen
DrugBank_DB13752	DB13752	DrugBank	https://go.drugbank.com/drugs/DB13752	Tetramethrin
DrugBank_DB01238	DB01238	DrugBank	https://go.drugbank.com/drugs/DB01238	Aripiprazole
DrugBank_DB01265	DB01265	DrugBank	https://go.drugbank.com/drugs/DB01265	Telbivudine
DrugBank_DB00469	DB00469	DrugBank	https://go.drugbank.com/drugs/DB00469	Tenoxicam
DrugBank_DB06219	DB06219	DrugBank	https://go.drugbank.com/drugs/DB06219	Dalbavancin
DrugBank_DB04769	DB04769	DrugBank	https://go.drugbank.com/drugs/DB04769	5-quinoxalin-6-ylmethylene-thiazolidine-2,4-dione
DrugBank_DB06606	DB06606	DrugBank	https://go.drugbank.com/drugs/DB06606	Teplizumab
DrugBank_DB00443	DB00443	DrugBank	https://go.drugbank.com/drugs/DB00443	Betamethasone
DrugBank_DB09063	DB09063	DrugBank	https://go.drugbank.com/drugs/DB09063	Ceritinib
DrugBank_DB00418	DB00418	DrugBank	https://go.drugbank.com/drugs/DB00418	Secobarbital
DrugBank_DB02712	DB02712	DrugBank	https://go.drugbank.com/drugs/DB02712	Sorbinil
DrugBank_DB07021	DB07021	DrugBank	https://go.drugbank.com/drugs/DB07021	(7r,8r)-8-(2,4,5-trifluorophenyl)-6,7,8,9-tetrahydroimidazo[1,2-a:4,5-c']dipyridin-7-amine
DrugBank_DB08756	DB08756	DrugBank	https://go.drugbank.com/drugs/DB08756	Y-27632
DrugBank_DB01114	DB01114	DrugBank	https://go.drugbank.com/drugs/DB01114	Chlorpheniramine
DrugBank_DB08155	DB08155	DrugBank	https://go.drugbank.com/drugs/DB08155	N-{2-[4-(aminosulfonyl)phenyl]ethyl}acetamide
DrugBank_DB02345	DB02345	DrugBank	https://go.drugbank.com/drugs/DB02345	Selenocysteine
DrugBank_DB15494	DB15494	DrugBank	https://go.drugbank.com/drugs/DB15494	Edotreotide Gallium Ga-68
DrugBank_DB00158	DB00158	DrugBank	https://go.drugbank.com/drugs/DB00158	Folic Acid
DrugBank_DB04322	DB04322	DrugBank	https://go.drugbank.com/drugs/DB04322	Ly249543
DrugBank_DB06218	DB06218	DrugBank	https://go.drugbank.com/drugs/DB06218	Lacosamide
DrugBank_DB07310	DB07310	DrugBank	https://go.drugbank.com/drugs/DB07310	(5s)-2-{[(1s)-1-(2-fluorophenyl)ethyl]amino}-5-methyl-5-(trifluoromethyl)-1,3-thiazol-4(5h)-one
DrugBank_DB04759	DB04759	DrugBank	https://go.drugbank.com/drugs/DB04759	Pyrimidine-4,6-dicarboxylic Acid Bis-(3-methyl-benzylamide)
DrugBank_DB07340	DB07340	DrugBank	https://go.drugbank.com/drugs/DB07340	Reversine
DrugBank_DB04830	DB04830	DrugBank	https://go.drugbank.com/drugs/DB04830	Buformin
DrugBank_DB05200	DB05200	DrugBank	https://go.drugbank.com/drugs/DB05200	At2220
DrugBank_DB06698	DB06698	DrugBank	https://go.drugbank.com/drugs/DB06698	Betahistine
DrugBank_DB12334	DB12334	DrugBank	https://go.drugbank.com/drugs/DB12334	Milataxel
DrugBank_DB08141	DB08141	DrugBank	https://go.drugbank.com/drugs/DB08141	4-{[(2,6-difluorophenyl)carbonyl]amino}-n-[(3s)-piperidin-3-yl]-1h-pyrazole-3-carboxamide
DrugBank_DB13300	DB13300	DrugBank	https://go.drugbank.com/drugs/DB13300	Epicillin
DrugBank_DB07053	DB07053	DrugBank	https://go.drugbank.com/drugs/DB07053	2-{5-[3-(7-propyl-3-trifluoromethylbenzo[d]isoxazol-6-yloxy)propoxy]indol-1-yl}ethanoic Acid
DrugBank_DB12319	DB12319	DrugBank	https://go.drugbank.com/drugs/DB12319	Benzbromarone
DrugBank_DB06984	DB06984	DrugBank	https://go.drugbank.com/drugs/DB06984	(1r,2r,3r,4s,5r)-4-(benzylamino)-5-(methylthio)cyclopentane-1,2,3-triol
DrugBank_DB08557	DB08557	DrugBank	https://go.drugbank.com/drugs/DB08557	2-[(2-methoxyethyl)amino]-4-(4-oxo-1,2,3,4-tetrahydro-9h-carbazol-9-yl)benzamide
DrugBank_DB02303	DB02303	DrugBank	https://go.drugbank.com/drugs/DB02303	(5s)-5-iododihydro-2,4(1h,3h)-pyrimidinedione
DrugBank_DB11094	DB11094	DrugBank	https://go.drugbank.com/drugs/DB11094	Vitamin D
DrugBank_DB15045	DB15045	DrugBank	https://go.drugbank.com/drugs/DB15045	Ipafricept
DrugBank_DB02105	DB02105	DrugBank	https://go.drugbank.com/drugs/DB02105	3,5-dinitrocatechol
DrugBank_DB06400	DB06400	DrugBank	https://go.drugbank.com/drugs/DB06400	Vitespen
DrugBank_DB11519	DB11519	DrugBank	https://go.drugbank.com/drugs/DB11519	Fluprostenol
DrugBank_DB05317	DB05317	DrugBank	https://go.drugbank.com/drugs/DB05317	Tak-475
DrugBank_DB06849	DB06849	DrugBank	https://go.drugbank.com/drugs/DB06849	1-[1'-(3-phenylacryloyl)spiro[1-benzofuran-3,4'-piperidin]-5-yl]methanamine
DrugBank_DB00434	DB00434	DrugBank	https://go.drugbank.com/drugs/DB00434	Cyproheptadine
DrugBank_DB06543	DB06543	DrugBank	https://go.drugbank.com/drugs/DB06543	Astaxanthin
DrugBank_DB00754	DB00754	DrugBank	https://go.drugbank.com/drugs/DB00754	Ethotoin
DrugBank_DB06957	DB06957	DrugBank	https://go.drugbank.com/drugs/DB06957	4-chloro-6-(4-{4-[4-(methylsulfonyl)benzyl]piperazin-1-yl}-1h-pyrazol-5-yl)benzene-1,3-diol
DrugBank_DB07491	DB07491	DrugBank	https://go.drugbank.com/drugs/DB07491	5-amino-2,4,6-tribromobenzene-1,3-dicarboxylic Acid
DrugBank_DB00724	DB00724	DrugBank	https://go.drugbank.com/drugs/DB00724	Imiquimod
DrugBank_DB07151	DB07151	DrugBank	https://go.drugbank.com/drugs/DB07151	4-(4-hydroxy-3-methylphenyl)-6-phenylpyrimidin-2(5h)-one
DrugBank_DB03043	DB03043	DrugBank	https://go.drugbank.com/drugs/DB03043	(s)-2-amino-3-(6h-selenolo[2,3-b]-pyrrol-4-yl)-propionic Acid
DrugBank_DB14783	DB14783	DrugBank	https://go.drugbank.com/drugs/DB14783	Diroximel Fumarate
DrugBank_DB00105	DB00105	DrugBank	https://go.drugbank.com/drugs/DB00105	Interferon Alfa-2b
DrugBank_DB03904	DB03904	DrugBank	https://go.drugbank.com/drugs/DB03904	Urea
DrugBank_DB00068	DB00068	DrugBank	https://go.drugbank.com/drugs/DB00068	Interferon Beta-1b
DrugBank_DB14062	DB14062	DrugBank	https://go.drugbank.com/drugs/DB14062	Concanamycin A
DrugBank_DB08240	DB08240	DrugBank	https://go.drugbank.com/drugs/DB08240	N-(4-chlorophenyl)-3-(phosphonooxy)naphthalene-2-carboxamide
DrugBank_DB06979	DB06979	DrugBank	https://go.drugbank.com/drugs/DB06979	5-(dodecylthio)-1h-1,2,3-triazole-4-carboxylic Acid
DrugBank_DB12766	DB12766	DrugBank	https://go.drugbank.com/drugs/DB12766	Cicletanine
DrugBank_DB06409	DB06409	DrugBank	https://go.drugbank.com/drugs/DB06409	Morphine Glucuronide
DrugBank_DB07550	DB07550	DrugBank	https://go.drugbank.com/drugs/DB07550	2-(6-chloro-3-{[2,2-difluoro-2-(1-oxido-2-pyridinyl)ethyl]amino}-2-oxo-1(2h)-pyrazinyl)-n-[(2-fluorophenyl)methyl]acetamide
DrugBank_DB13478	DB13478	DrugBank	https://go.drugbank.com/drugs/DB13478	Meptazinol
DrugBank_DB11041	DB11041	DrugBank	https://go.drugbank.com/drugs/DB11041	Influenza A Virus A/california/7/2009 X-181 (h1n1) Hemagglutinin Antigen (propiolactone Inactivated)
DrugBank_DB05352	DB05352	DrugBank	https://go.drugbank.com/drugs/DB05352	Fx-1006a
DrugBank_DB13703	DB13703	DrugBank	https://go.drugbank.com/drugs/DB13703	Gepefrine
DrugBank_DB09296	DB09296	DrugBank	https://go.drugbank.com/drugs/DB09296	Ombitasvir
DrugBank_DB07164	DB07164	DrugBank	https://go.drugbank.com/drugs/DB07164	N-cyclopropyl-4-pyrazolo[1,5-b]pyridazin-3-ylpyrimidin-2-amine
DrugBank_DB08484	DB08484	DrugBank	https://go.drugbank.com/drugs/DB08484	4-amino-n-[(2-sulfanylethyl)carbamoyl]benzenesulfonamide
DrugBank_DB01388	DB01388	DrugBank	https://go.drugbank.com/drugs/DB01388	Mibefradil
DrugBank_DB11792	DB11792	DrugBank	https://go.drugbank.com/drugs/DB11792	Mirodenafil
DrugBank_DB07141	DB07141	DrugBank	https://go.drugbank.com/drugs/DB07141	5-[(3r)-3-(5-methoxy-4'-methylbiphenyl-3-yl)but-1-yn-1-yl]-6-methylpyrimidine-2,4-diamine
DrugBank_DB14575	DB14575	DrugBank	https://go.drugbank.com/drugs/DB14575	Eslicarbazepine
DrugBank_DB07577	DB07577	DrugBank	https://go.drugbank.com/drugs/DB07577	2,4-diamino-5-phenyl-6-ethylpyrimidine
DrugBank_DB01344	DB01344	DrugBank	https://go.drugbank.com/drugs/DB01344	Tolevamer
DrugBank_DB08465	DB08465	DrugBank	https://go.drugbank.com/drugs/DB08465	2-(3-amino-2,5,6-trimethoxyphenyl)ethyl 5-chloro-2,4-dihydroxybenzoate
DrugBank_DB04983	DB04983	DrugBank	https://go.drugbank.com/drugs/DB04983	Denufosol
DrugBank_DB13177	DB13177	DrugBank	https://go.drugbank.com/drugs/DB13177	4-methylumbelliferyl Beta-d-glucoside
DrugBank_DB06635	DB06635	DrugBank	https://go.drugbank.com/drugs/DB06635	Otamixaban
DrugBank_DB06376	DB06376	DrugBank	https://go.drugbank.com/drugs/DB06376	Chgn111
DrugBank_DB01277	DB01277	DrugBank	https://go.drugbank.com/drugs/DB01277	Mecasermin
DrugBank_DB08280	DB08280	DrugBank	https://go.drugbank.com/drugs/DB08280	(1s,3r,4s,5s,7s)-4-{[2-(4-methoxyphenoxy)-2-methylpropanoyl]amino}adamantane-1-carboxamide
DrugBank_DB14580	DB14580	DrugBank	https://go.drugbank.com/drugs/DB14580	Lecanemab
DrugBank_DB07696	DB07696	DrugBank	https://go.drugbank.com/drugs/DB07696	Methyl (3s)-3-[(tert-butoxycarbonyl)amino]-4-oxopentanoate
DrugBank_DB07793	DB07793	DrugBank	https://go.drugbank.com/drugs/DB07793	(2s)-n-[(3s)-1-(2-amino-2-oxoethyl)-2-oxo-1,2,3,4-tetrahydroquinolin-3-yl]-2-chloro-2h-thieno[2,3-b]pyrrole-5-carboxamide
DrugBank_DB03393	DB03393	DrugBank	https://go.drugbank.com/drugs/DB03393	Sanglifehrin A
DrugBank_DB04727	DB04727	DrugBank	https://go.drugbank.com/drugs/DB04727	1-{4-[4-amino-6-(4-methoxyphenyl)furo[2,3-d]pyrimidin-5-yl]phenyl}-3-[2-fluoro-5-(trifluoromethyl)phenyl]urea
DrugBank_DB07839	DB07839	DrugBank	https://go.drugbank.com/drugs/DB07839	N~2~-1,3-benzoxazol-2-yl-3-cyclohexyl-n-{2-[(4-methoxyphenyl)amino]ethyl}-l-alaninamide
DrugBank_DB09106	DB09106	DrugBank	https://go.drugbank.com/drugs/DB09106	Hydroxyethyl Starch
DrugBank_DB11680	DB11680	DrugBank	https://go.drugbank.com/drugs/DB11680	Ficlatuzumab
DrugBank_DB05386	DB05386	DrugBank	https://go.drugbank.com/drugs/DB05386	Regramostim
DrugBank_DB01028	DB01028	DrugBank	https://go.drugbank.com/drugs/DB01028	Methoxyflurane
DrugBank_DB00049	DB00049	DrugBank	https://go.drugbank.com/drugs/DB00049	Rasburicase
DrugBank_DB05505	DB05505	DrugBank	https://go.drugbank.com/drugs/DB05505	Nm-702
DrugBank_DB05451	DB05451	DrugBank	https://go.drugbank.com/drugs/DB05451	P54
DrugBank_DB06810	DB06810	DrugBank	https://go.drugbank.com/drugs/DB06810	Plicamycin
DrugBank_DB09369	DB09369	DrugBank	https://go.drugbank.com/drugs/DB09369	Polyestradiol Phosphate
DrugBank_DB14840	DB14840	DrugBank	https://go.drugbank.com/drugs/DB14840	Ripretinib
DrugBank_DB14211	DB14211	DrugBank	https://go.drugbank.com/drugs/DB14211	Fanolesomab
DrugBank_DB04819	DB04819	DrugBank	https://go.drugbank.com/drugs/DB04819	Methapyrilene
DrugBank_DB00662	DB00662	DrugBank	https://go.drugbank.com/drugs/DB00662	Trimethobenzamide
DrugBank_DB07259	DB07259	DrugBank	https://go.drugbank.com/drugs/DB07259	1-(4-thiophen-2-ylphenyl)methanamine
DrugBank_DB09279	DB09279	DrugBank	https://go.drugbank.com/drugs/DB09279	Fimasartan
DrugBank_DB11432	DB11432	DrugBank	https://go.drugbank.com/drugs/DB11432	Narasin
DrugBank_DB01970	DB01970	DrugBank	https://go.drugbank.com/drugs/DB01970	Hg9a-9, Nonanoyl-n-hydroxyethylglucamide
DrugBank_DB09027	DB09027	DrugBank	https://go.drugbank.com/drugs/DB09027	Ledipasvir
DrugBank_DB02638	DB02638	DrugBank	https://go.drugbank.com/drugs/DB02638	Terlipressin
DrugBank_DB08999	DB08999	DrugBank	https://go.drugbank.com/drugs/DB08999	Cyclopentamine
DrugBank_DB09281	DB09281	DrugBank	https://go.drugbank.com/drugs/DB09281	Magnesium Trisilicate
DrugBank_DB02354	DB02354	DrugBank	https://go.drugbank.com/drugs/DB02354	4-{[1-methyl-5-(2-methyl-benzoimidazol-1-ylmethyl)-1h-benzoimidazol-2-ylmethyl]-amino}-benzamidine
DrugBank_DB12124	DB12124	DrugBank	https://go.drugbank.com/drugs/DB12124	Namitecan
DrugBank_DB13168	DB13168	DrugBank	https://go.drugbank.com/drugs/DB13168	Omega-6 Fatty Acids
DrugBank_DB08738	DB08738	DrugBank	https://go.drugbank.com/drugs/DB08738	1-{3-oxo-3-[(2s)-2-(pyrrolidin-1-ylcarbonyl)pyrrolidin-1-yl]propyl}-3-phenylquinoxalin-2(1h)-one
DrugBank_DB05396	DB05396	DrugBank	https://go.drugbank.com/drugs/DB05396	Albinterferon Alfa-2b
DrugBank_DB06936	DB06936	DrugBank	https://go.drugbank.com/drugs/DB06936	N-(4-carbamimidoylbenzyl)-1-(4-methylpentanoyl)-l-prolinamide
DrugBank_DB01248	DB01248	DrugBank	https://go.drugbank.com/drugs/DB01248	Docetaxel
DrugBank_DB12169	DB12169	DrugBank	https://go.drugbank.com/drugs/DB12169	Tralokinumab
DrugBank_DB14057	DB14057	DrugBank	https://go.drugbank.com/drugs/DB14057	Valinomycin
DrugBank_DB12947	DB12947	DrugBank	https://go.drugbank.com/drugs/DB12947	Doxifluridine
DrugBank_DB15593	DB15593	DrugBank	https://go.drugbank.com/drugs/DB15593	Golodirsen
DrugBank_DB07676	DB07676	DrugBank	https://go.drugbank.com/drugs/DB07676	3-({[(3s)-3,4-dihydroxybutyl]oxy}amino)-1h,2'h-2,3'-biindol-2'-one
DrugBank_DB09395	DB09395	DrugBank	https://go.drugbank.com/drugs/DB09395	Sodium Acetate
DrugBank_DB07268	DB07268	DrugBank	https://go.drugbank.com/drugs/DB07268	2-({2-[(3-hydroxyphenyl)amino]pyrimidin-4-yl}amino)benzamide
DrugBank_DB01407	DB01407	DrugBank	https://go.drugbank.com/drugs/DB01407	Clenbuterol
DrugBank_DB07298	DB07298	DrugBank	https://go.drugbank.com/drugs/DB07298	3-(carboxymethoxy)thieno[2,3-b]pyridine-2-carboxylic Acid
DrugBank_DB00991	DB00991	DrugBank	https://go.drugbank.com/drugs/DB00991	Oxaprozin
DrugBank_DB00570	DB00570	DrugBank	https://go.drugbank.com/drugs/DB00570	Vinblastine
DrugBank_DB04817	DB04817	DrugBank	https://go.drugbank.com/drugs/DB04817	Metamizole
DrugBank_DB12531	DB12531	DrugBank	https://go.drugbank.com/drugs/DB12531	Lobucavir
DrugBank_DB12095	DB12095	DrugBank	https://go.drugbank.com/drugs/DB12095	Telotristat Ethyl
DrugBank_DB00787	DB00787	DrugBank	https://go.drugbank.com/drugs/DB00787	Acyclovir
DrugBank_DB07154	DB07154	DrugBank	https://go.drugbank.com/drugs/DB07154	(3r)-4-[(3r)-3-amino-4-(2,4,5-trifluorophenyl)butanoyl]-3-methyl-1,4-diazepan-2-one
DrugBank_DB13581	DB13581	DrugBank	https://go.drugbank.com/drugs/DB13581	Rociverine
DrugBank_DB00277	DB00277	DrugBank	https://go.drugbank.com/drugs/DB00277	Theophylline
DrugBank_DB04591	DB04591	DrugBank	https://go.drugbank.com/drugs/DB04591	N-{2,2-difluoro-2-[(2r)-piperidin-2-yl]ethyl}-2-[2-(1h-1,2,4-triazol-1-yl)benzyl][1,3]oxazolo[4,5-c]pyridin-4-amine
DrugBank_DB00497	DB00497	DrugBank	https://go.drugbank.com/drugs/DB00497	Oxycodone
DrugBank_DB02918	DB02918	DrugBank	https://go.drugbank.com/drugs/DB02918	Zardaverine
DrugBank_DB13125	DB13125	DrugBank	https://go.drugbank.com/drugs/DB13125	Lusutrombopag
DrugBank_DB06956	DB06956	DrugBank	https://go.drugbank.com/drugs/DB06956	N-(4-acetylphenyl)-5-(5-chloro-2,4-dihydroxyphenyl)-1h-pyrazole-4-carboxamide
DrugBank_DB01393	DB01393	DrugBank	https://go.drugbank.com/drugs/DB01393	Bezafibrate
DrugBank_DB03666	DB03666	DrugBank	https://go.drugbank.com/drugs/DB03666	Zidovudine Monophosphate
DrugBank_DB09330	DB09330	DrugBank	https://go.drugbank.com/drugs/DB09330	Osimertinib
DrugBank_DB03016	DB03016	DrugBank	https://go.drugbank.com/drugs/DB03016	Cra_1801
DrugBank_DB07167	DB07167	DrugBank	https://go.drugbank.com/drugs/DB07167	5-cyano-furan-2-carboxylic Acid [5-hydroxymethyl-2-(4-methyl-piperidin-1-yl)-phenyl]-amide
DrugBank_DB01537	DB01537	DrugBank	https://go.drugbank.com/drugs/DB01537	4-bromo-2,5-dimethoxyphenethylamine
DrugBank_DB01631	DB01631	DrugBank	https://go.drugbank.com/drugs/DB01631	Methyl Nonanoate
DrugBank_DB00284	DB00284	DrugBank	https://go.drugbank.com/drugs/DB00284	Acarbose
DrugBank_DB00234	DB00234	DrugBank	https://go.drugbank.com/drugs/DB00234	Reboxetine
DrugBank_DB08805	DB08805	DrugBank	https://go.drugbank.com/drugs/DB08805	Metiamide
DrugBank_DB15131	DB15131	DrugBank	https://go.drugbank.com/drugs/DB15131	Interferon Alfa-2c
DrugBank_DB07017	DB07017	DrugBank	https://go.drugbank.com/drugs/DB07017	(5s)-2-{[(1s)-1-(4-fluorophenyl)ethyl]amino}-5-(2-hydroxy-2-propanyl)-5-methyl-1,3-thiazol-4(5h)-one
DrugBank_DB07207	DB07207	DrugBank	https://go.drugbank.com/drugs/DB07207	2-(4-hydroxy-5-phenyl-1h-pyrazol-3-yl)-1h-benzoimidazole-5-carboxamidine
DrugBank_DB08794	DB08794	DrugBank	https://go.drugbank.com/drugs/DB08794	Ethyl Biscoumacetate
DrugBank_DB14409	DB14409	DrugBank	https://go.drugbank.com/drugs/DB14409	Human Adenovirus E Serotype 4 Strain Cl-68578 Antigen
DrugBank_DB00851	DB00851	DrugBank	https://go.drugbank.com/drugs/DB00851	Dacarbazine
DrugBank_DB00904	DB00904	DrugBank	https://go.drugbank.com/drugs/DB00904	Ondansetron
DrugBank_DB07213	DB07213	DrugBank	https://go.drugbank.com/drugs/DB07213	(5-{3-[5-(piperidin-1-ylmethyl)-1h-indol-2-yl]-1h-indazol-6-yl}-2h-1,2,3-triazol-4-yl)methanol
DrugBank_DB13726	DB13726	DrugBank	https://go.drugbank.com/drugs/DB13726	Sulfaguanidine
DrugBank_DB04343	DB04343	DrugBank	https://go.drugbank.com/drugs/DB04343	Glyoxylic Acid
DrugBank_DB04861	DB04861	DrugBank	https://go.drugbank.com/drugs/DB04861	Nebivolol
DrugBank_DB08346	DB08346	DrugBank	https://go.drugbank.com/drugs/DB08346	(5z)-13-chloro-14,16-dihydroxy-3,4,7,8,9,10-hexahydro-1h-2-benzoxacyclotetradecine-1,11(12h)-dione
DrugBank_DB04787	DB04787	DrugBank	https://go.drugbank.com/drugs/DB04787	Tanaproget
DrugBank_DB14004	DB14004	DrugBank	https://go.drugbank.com/drugs/DB14004	Tildrakizumab
DrugBank_DB06134	DB06134	DrugBank	https://go.drugbank.com/drugs/DB06134	Sns-314
DrugBank_DB06898	DB06898	DrugBank	https://go.drugbank.com/drugs/DB06898	4-(2-amino-1-methyl-1h-imidazo[4,5-b]pyridin-6-yl)phenol
DrugBank_DB12301	DB12301	DrugBank	https://go.drugbank.com/drugs/DB12301	Doravirine
DrugBank_DB15305	DB15305	DrugBank	https://go.drugbank.com/drugs/DB15305	Risdiplam
DrugBank_DB11324	DB11324	DrugBank	https://go.drugbank.com/drugs/DB11324	Nonivamide
DrugBank_DB08422	DB08422	DrugBank	https://go.drugbank.com/drugs/DB08422	[phenylalaninyl-prolinyl]-[2-(pyridin-4-ylamino)-ethyl]-amine
DrugBank_DB14641	DB14641	DrugBank	https://go.drugbank.com/drugs/DB14641	Estriol Tripropionate
DrugBank_DB15493	DB15493	DrugBank	https://go.drugbank.com/drugs/DB15493	Cambinol
DrugBank_DB12279	DB12279	DrugBank	https://go.drugbank.com/drugs/DB12279	Obp-801
DrugBank_DB03233	DB03233	DrugBank	https://go.drugbank.com/drugs/DB03233	3'-deoxy-3'-aminothymidine Monophosphate
DrugBank_DB14582	DB14582	DrugBank	https://go.drugbank.com/drugs/DB14582	Patisiran
DrugBank_DB07246	DB07246	DrugBank	https://go.drugbank.com/drugs/DB07246	(2r)-2-amino-3,3,3-trifluoro-n-hydroxy-2-{[(4-phenoxyphenyl)sulfonyl]methyl}propanamide
DrugBank_DB01089	DB01089	DrugBank	https://go.drugbank.com/drugs/DB01089	Deserpidine
DrugBank_DB10949	DB10949	DrugBank	https://go.drugbank.com/drugs/DB10949	Koeleria Macrantha Pollen
DrugBank_DB00627	DB00627	DrugBank	https://go.drugbank.com/drugs/DB00627	Niacin
DrugBank_DB13729	DB13729	DrugBank	https://go.drugbank.com/drugs/DB13729	Camostat
DrugBank_DB02963	DB02963	DrugBank	https://go.drugbank.com/drugs/DB02963	(5-chloropyrazolo[1,5-a]pyrimidin-7-yl)-(4-methanesulfonylphenyl)amine
DrugBank_DB00098	DB00098	DrugBank	https://go.drugbank.com/drugs/DB00098	Antithymocyte Immunoglobulin (rabbit)
DrugBank_DB02067	DB02067	DrugBank	https://go.drugbank.com/drugs/DB02067	Triglu-5-formyl-tetrahydrofolate
DrugBank_DB13451	DB13451	DrugBank	https://go.drugbank.com/drugs/DB13451	Tioclomarol
DrugBank_DB07215	DB07215	DrugBank	https://go.drugbank.com/drugs/DB07215	Gw-590735
DrugBank_DB00768	DB00768	DrugBank	https://go.drugbank.com/drugs/DB00768	Olopatadine
DrugBank_DB02326	DB02326	DrugBank	https://go.drugbank.com/drugs/DB02326	1-hydroxyamine-2-isobutylmalonic Acid
DrugBank_DB08737	DB08737	DrugBank	https://go.drugbank.com/drugs/DB08737	(3as,4r,9br)-4-(4-hydroxyphenyl)-1,2,3,3a,4,9b-hexahydrocyclopenta[c]chromen-9-ol
DrugBank_DB01983	DB01983	DrugBank	https://go.drugbank.com/drugs/DB01983	2(s)-amino-6-boronohexanoic Acid
DrugBank_DB09148	DB09148	DrugBank	https://go.drugbank.com/drugs/DB09148	Florbetaben (18f)
DrugBank_DB11552	DB11552	DrugBank	https://go.drugbank.com/drugs/DB11552	Tricaine
DrugBank_DB01527	DB01527	DrugBank	https://go.drugbank.com/drugs/DB01527	Clortermine
DrugBank_DB11496	DB11496	DrugBank	https://go.drugbank.com/drugs/DB11496	2-mercaptobenzothiazole
DrugBank_DB09246	DB09246	DrugBank	https://go.drugbank.com/drugs/DB09246	Benmoxin
DrugBank_DB01135	DB01135	DrugBank	https://go.drugbank.com/drugs/DB01135	Doxacurium
DrugBank_DB12872	DB12872	DrugBank	https://go.drugbank.com/drugs/DB12872	Vonicog Alfa
DrugBank_DB04076	DB04076	DrugBank	https://go.drugbank.com/drugs/DB04076	Hypoxanthine
DrugBank_DB09116	DB09116	DrugBank	https://go.drugbank.com/drugs/DB09116	Calcium Carbimide
DrugBank_DB01594	DB01594	DrugBank	https://go.drugbank.com/drugs/DB01594	Cinolazepam
DrugBank_DB00542	DB00542	DrugBank	https://go.drugbank.com/drugs/DB00542	Benazepril
DrugBank_DB11490	DB11490	DrugBank	https://go.drugbank.com/drugs/DB11490	Nalorphine
DrugBank_DB03876	DB03876	DrugBank	https://go.drugbank.com/drugs/DB03876	Thieno[2,3-b]pyridine-2-carboxamidine
DrugBank_DB09154	DB09154	DrugBank	https://go.drugbank.com/drugs/DB09154	Sodium Citrate
DrugBank_DB02779	DB02779	DrugBank	https://go.drugbank.com/drugs/DB02779	Dodecyltrimethylammonium
DrugBank_DB04207	DB04207	DrugBank	https://go.drugbank.com/drugs/DB04207	L-saccharopine
DrugBank_DB02833	DB02833	DrugBank	https://go.drugbank.com/drugs/DB02833	[4-(2-amino-4-methyl-thiazol-5-yl)-pyrimidin-2-yl]-(3-nitro-phenyl)-amine
DrugBank_DB07794	DB07794	DrugBank	https://go.drugbank.com/drugs/DB07794	5-(2-phenylpyrazolo[1,5-a]pyridin-3-yl)-1h-pyrazolo[3,4-c]pyridazin-3-amine
DrugBank_DB14093	DB14093	DrugBank	https://go.drugbank.com/drugs/DB14093	(1,2,6,7-3h)testosterone
DrugBank_DB15332	DB15332	DrugBank	https://go.drugbank.com/drugs/DB15332	Radavirsen
DrugBank_DB04470	DB04470	DrugBank	https://go.drugbank.com/drugs/DB04470	Cra_10656
DrugBank_DB06080	DB06080	DrugBank	https://go.drugbank.com/drugs/DB06080	Abt-869
DrugBank_DB06930	DB06930	DrugBank	https://go.drugbank.com/drugs/DB06930	N-[amino(imino)methyl]-2-(2,5-diphenyl-1h-pyrrol-1-yl)acetamide
DrugBank_DB00005	DB00005	DrugBank	https://go.drugbank.com/drugs/DB00005	Etanercept
DrugBank_DB12668	DB12668	DrugBank	https://go.drugbank.com/drugs/DB12668	Metenkefalin
DrugBank_DB00824	DB00824	DrugBank	https://go.drugbank.com/drugs/DB00824	Enprofylline
DrugBank_DB00789	DB00789	DrugBank	https://go.drugbank.com/drugs/DB00789	Gadopentetic Acid
DrugBank_DB01375	DB01375	DrugBank	https://go.drugbank.com/drugs/DB01375	Aluminium Monostearate
DrugBank_DB10583	DB10583	DrugBank	https://go.drugbank.com/drugs/DB10583	Clostridium Tetani Toxoid Antigen (formaldehyde Inactivated)
DrugBank_DB07303	DB07303	DrugBank	https://go.drugbank.com/drugs/DB07303	N~3~-[3-(5-methoxypyridin-3-yl)benzyl]pyridine-2,3-diamine
DrugBank_DB00977	DB00977	DrugBank	https://go.drugbank.com/drugs/DB00977	Ethinylestradiol
DrugBank_DB07387	DB07387	DrugBank	https://go.drugbank.com/drugs/DB07387	3-(butylsulphonyl)-propanoic Acid
DrugBank_DB00825	DB00825	DrugBank	https://go.drugbank.com/drugs/DB00825	Levomenthol
DrugBank_DB00255	DB00255	DrugBank	https://go.drugbank.com/drugs/DB00255	Diethylstilbestrol
DrugBank_DB00178	DB00178	DrugBank	https://go.drugbank.com/drugs/DB00178	Ramipril
DrugBank_DB04616	DB04616	DrugBank	https://go.drugbank.com/drugs/DB04616	Tacrine(8)-4-aminoquinoline
DrugBank_DB03553	DB03553	DrugBank	https://go.drugbank.com/drugs/DB03553	Glutaric Acid
DrugBank_DB06958	DB06958	DrugBank	https://go.drugbank.com/drugs/DB06958	5-(5-chloro-2,4-dihydroxyphenyl)-n-ethyl-4-piperazin-1-yl-1h-pyrazole-3-carboxamide
DrugBank_DB06770	DB06770	DrugBank	https://go.drugbank.com/drugs/DB06770	Benzyl Alcohol
DrugBank_DB05934	DB05934	DrugBank	https://go.drugbank.com/drugs/DB05934	Ctce-0214
DrugBank_DB02784	DB02784	DrugBank	https://go.drugbank.com/drugs/DB02784	N-(bromoacetyl)-beta-alanyl-n-(2-{4-[(carboxycarbonyl)amino]phenyl}ethyl)-l-serinamide
DrugBank_DB02418	DB02418	DrugBank	https://go.drugbank.com/drugs/DB02418	(r,r)-2,3-butanediol
DrugBank_DB13851	DB13851	DrugBank	https://go.drugbank.com/drugs/DB13851	Artemotil
DrugBank_DB08066	DB08066	DrugBank	https://go.drugbank.com/drugs/DB08066	N-[3-(1h-benzimidazol-2-yl)-1h-pyrazol-4-yl]benzamide
DrugBank_DB11588	DB11588	DrugBank	https://go.drugbank.com/drugs/DB11588	Carbon Monoxide
DrugBank_DB03132	DB03132	DrugBank	https://go.drugbank.com/drugs/DB03132	3-(2-benzothiazolylthio)-1-propanesulfonic Acid
DrugBank_DB13354	DB13354	DrugBank	https://go.drugbank.com/drugs/DB13354	Phenprobamate
DrugBank_DB08896	DB08896	DrugBank	https://go.drugbank.com/drugs/DB08896	Regorafenib
DrugBank_DB04869	DB04869	DrugBank	https://go.drugbank.com/drugs/DB04869	Olcegepant
DrugBank_DB04661	DB04661	DrugBank	https://go.drugbank.com/drugs/DB04661	Cis-tetracosenoyl Sulfatide
DrugBank_DB01113	DB01113	DrugBank	https://go.drugbank.com/drugs/DB01113	Papaverine
DrugBank_DB07449	DB07449	DrugBank	https://go.drugbank.com/drugs/DB07449	N-[(1s)-1-(aminocarbonyl)-4-(ethanimidoylamino)butyl]benzamide
DrugBank_DB08781	DB08781	DrugBank	https://go.drugbank.com/drugs/DB08781	1-[(2s)-4-(5-bromo-1h-pyrazolo[3,4-b]pyridin-4-yl)morpholin-2-yl]methanamine
DrugBank_DB14907	DB14907	DrugBank	https://go.drugbank.com/drugs/DB14907	Bevacizumab Zirconium Zr-89
DrugBank_DB05078	DB05078	DrugBank	https://go.drugbank.com/drugs/DB05078	Aer001
DrugBank_DB13225	DB13225	DrugBank	https://go.drugbank.com/drugs/DB13225	Dibenzepin
DrugBank_DB13287	DB13287	DrugBank	https://go.drugbank.com/drugs/DB13287	Miocamycin
DrugBank_DB08491	DB08491	DrugBank	https://go.drugbank.com/drugs/DB08491	N-hydroxy-2-[4-(4-phenoxy-benzenesulfonyl)-tetrahydro-pyran-4-yl]-acetamide
DrugBank_DB03865	DB03865	DrugBank	https://go.drugbank.com/drugs/DB03865	6-chloro-2-(2-hydroxy-biphenyl-3-yl)-1h-indole-5-carboxamidine
DrugBank_DB04195	DB04195	DrugBank	https://go.drugbank.com/drugs/DB04195	Heptulose-2-phosphate
DrugBank_DB10803	DB10803	DrugBank	https://go.drugbank.com/drugs/DB10803	Typhoid Vi Polysaccharide Vaccine
DrugBank_DB13312	DB13312	DrugBank	https://go.drugbank.com/drugs/DB13312	Delapril
DrugBank_DB09118	DB09118	DrugBank	https://go.drugbank.com/drugs/DB09118	Stiripentol
DrugBank_DB01291	DB01291	DrugBank	https://go.drugbank.com/drugs/DB01291	Pirbuterol
DrugBank_DB04660	DB04660	DrugBank	https://go.drugbank.com/drugs/DB04660	Choline Alfoscerate
DrugBank_DB00093	DB00093	DrugBank	https://go.drugbank.com/drugs/DB00093	Felypressin
DrugBank_DB05004	DB05004	DrugBank	https://go.drugbank.com/drugs/DB05004	Peptide Yy (3-36)
DrugBank_DB07943	DB07943	DrugBank	https://go.drugbank.com/drugs/DB07943	Sd-0006
DrugBank_DB09126	DB09126	DrugBank	https://go.drugbank.com/drugs/DB09126	Chorionic Gonadotropin (human)
DrugBank_DB06314	DB06314	DrugBank	https://go.drugbank.com/drugs/DB06314	Sgx-523
DrugBank_DB13984	DB13984	DrugBank	https://go.drugbank.com/drugs/DB13984	Cyclopropane
DrugBank_DB11587	DB11587	DrugBank	https://go.drugbank.com/drugs/DB11587	Etafedrine
DrugBank_DB03704	DB03704	DrugBank	https://go.drugbank.com/drugs/DB03704	12-hydroxydodecanoic Acid
DrugBank_DB06771	DB06771	DrugBank	https://go.drugbank.com/drugs/DB06771	Besifloxacin
DrugBank_DB03964	DB03964	DrugBank	https://go.drugbank.com/drugs/DB03964	4-hydroxy-aconitate Ion
DrugBank_DB15534	DB15534	DrugBank	https://go.drugbank.com/drugs/DB15534	Colchiceine
DrugBank_DB03926	DB03926	DrugBank	https://go.drugbank.com/drugs/DB03926	5alpha-androstane-3beta,17alpha-diol
DrugBank_DB05524	DB05524	DrugBank	https://go.drugbank.com/drugs/DB05524	Pelitinib
DrugBank_DB03307	DB03307	DrugBank	https://go.drugbank.com/drugs/DB03307	4-[(6-amino-4-pyrimidinyl)amino]benzenesulfonamide
DrugBank_DB05110	DB05110	DrugBank	https://go.drugbank.com/drugs/DB05110	Vir201
DrugBank_DB07094	DB07094	DrugBank	https://go.drugbank.com/drugs/DB07094	1-(2,2'-bithiophen-5-yl)methanamine
DrugBank_DB07860	DB07860	DrugBank	https://go.drugbank.com/drugs/DB07860	(2r)-2-(4-chlorophenyl)-2-phenylethanamine
DrugBank_DB13418	DB13418	DrugBank	https://go.drugbank.com/drugs/DB13418	Moxestrol
DrugBank_DB00359	DB00359	DrugBank	https://go.drugbank.com/drugs/DB00359	Sulfadiazine
DrugBank_DB02429	DB02429	DrugBank	https://go.drugbank.com/drugs/DB02429	4-(aminosulfonyl)-n-[(4-fluorophenyl)methyl]-benzamide
DrugBank_DB08273	DB08273	DrugBank	https://go.drugbank.com/drugs/DB08273	4-hydroxy-5-iodo-3-nitrophenylacetyl-epsilon-aminocaproic Acid Anion
DrugBank_DB15290	DB15290	DrugBank	https://go.drugbank.com/drugs/DB15290	Pegteograstim
DrugBank_DB04094	DB04094	DrugBank	https://go.drugbank.com/drugs/DB04094	4-hydroxybutan-2-one
DrugBank_DB02310	DB02310	DrugBank	https://go.drugbank.com/drugs/DB02310	3,5,6,8-tetramethyl-n-methyl Phenanthrolinium
DrugBank_DB13454	DB13454	DrugBank	https://go.drugbank.com/drugs/DB13454	Nicomorphine
DrugBank_DB13232	DB13232	DrugBank	https://go.drugbank.com/drugs/DB13232	Suxibuzone
DrugBank_DB01005	DB01005	DrugBank	https://go.drugbank.com/drugs/DB01005	Hydroxyurea
DrugBank_DB04842	DB04842	DrugBank	https://go.drugbank.com/drugs/DB04842	Fluspirilene
DrugBank_DB05259	DB05259	DrugBank	https://go.drugbank.com/drugs/DB05259	Glatiramer
DrugBank_DB01070	DB01070	DrugBank	https://go.drugbank.com/drugs/DB01070	Dihydrotachysterol
DrugBank_DB01044	DB01044	DrugBank	https://go.drugbank.com/drugs/DB01044	Gatifloxacin
DrugBank_DB05819	DB05819	DrugBank	https://go.drugbank.com/drugs/DB05819	Nbi-6024
DrugBank_DB12335	DB12335	DrugBank	https://go.drugbank.com/drugs/DB12335	Tanezumab
DrugBank_DB07840	DB07840	DrugBank	https://go.drugbank.com/drugs/DB07840	(e)-[4-(3,5-difluorophenyl)-3h-pyrrolo[2,3-b]pyridin-3-ylidene](3-methoxyphenyl)methanol
DrugBank_DB00464	DB00464	DrugBank	https://go.drugbank.com/drugs/DB00464	Sodium Tetradecyl Sulfate
DrugBank_DB03359	DB03359	DrugBank	https://go.drugbank.com/drugs/DB03359	M-(n,n,n-trimethylammonio)-2,2,2-trifluoro-1,1-dihydroxyethylbenzene
DrugBank_DB07316	DB07316	DrugBank	https://go.drugbank.com/drugs/DB07316	N-{1-[(1-carbamoylcyclopropyl)methyl]piperidin-4-yl}-n-cyclopropyl-4-[(1s)-2,2,2-trifluoro-1-hydroxy-1-methylethyl]benzamide
DrugBank_DB07684	DB07684	DrugBank	https://go.drugbank.com/drugs/DB07684	5-(dimethylamino)-2-naphthalenesulfonic Acid
DrugBank_DB06757	DB06757	DrugBank	https://go.drugbank.com/drugs/DB06757	Manganese
DrugBank_DB09317	DB09317	DrugBank	https://go.drugbank.com/drugs/DB09317	Synthetic Conjugated Estrogens, A
DrugBank_DB01496	DB01496	DrugBank	https://go.drugbank.com/drugs/DB01496	Dihydro-2-thioxo-5-((5-(2-(trifluoromethyl)phenyl)-2-furanyl)methyl)-4,6(1h,5h)-pyrimidinedione
DrugBank_DB12352	DB12352	DrugBank	https://go.drugbank.com/drugs/DB12352	Bizelesin
DrugBank_DB00845	DB00845	DrugBank	https://go.drugbank.com/drugs/DB00845	Clofazimine
DrugBank_DB07687	DB07687	DrugBank	https://go.drugbank.com/drugs/DB07687	4-({5-[(4-aminocyclohexyl)amino][1,2,4]triazolo[1,5-a]pyrimidin-7-yl}amino)benzenesulfonamide
DrugBank_DB11367	DB11367	DrugBank	https://go.drugbank.com/drugs/DB11367	Cefroxadine
DrugBank_DB03441	DB03441	DrugBank	https://go.drugbank.com/drugs/DB03441	2-benzyl-3-iodopropanoic Acid
DrugBank_DB14058	DB14058	DrugBank	https://go.drugbank.com/drugs/DB14058	Basifungin
DrugBank_DB08409	DB08409	DrugBank	https://go.drugbank.com/drugs/DB08409	4-nitro-benzylphosphonobutanoyl-glycine
DrugBank_DB04377	DB04377	DrugBank	https://go.drugbank.com/drugs/DB04377	Meglutol
DrugBank_DB01672	DB01672	DrugBank	https://go.drugbank.com/drugs/DB01672	2,3-dihydroxy-benzoic Acid
DrugBank_DB07334	DB07334	DrugBank	https://go.drugbank.com/drugs/DB07334	N-[5-(ethylsulfonyl)-2-methoxyphenyl]-5-[3-(2-pyridinyl)phenyl]-1,3-oxazol-2-amine
DrugBank_DB01205	DB01205	DrugBank	https://go.drugbank.com/drugs/DB01205	Flumazenil
DrugBank_DB13500	DB13500	DrugBank	https://go.drugbank.com/drugs/DB13500	Otilonium
DrugBank_DB15489	DB15489	DrugBank	https://go.drugbank.com/drugs/DB15489	Mexazolam
DrugBank_DB03773	DB03773	DrugBank	https://go.drugbank.com/drugs/DB03773	Alpha-d-quinovopyranose
DrugBank_DB01956	DB01956	DrugBank	https://go.drugbank.com/drugs/DB01956	Taurine
DrugBank_DB09087	DB09087	DrugBank	https://go.drugbank.com/drugs/DB09087	Potassium Alum
DrugBank_DB00957	DB00957	DrugBank	https://go.drugbank.com/drugs/DB00957	Norgestimate
DrugBank_DB00498	DB00498	DrugBank	https://go.drugbank.com/drugs/DB00498	Phenindione
DrugBank_DB01288	DB01288	DrugBank	https://go.drugbank.com/drugs/DB01288	Fenoterol
DrugBank_DB13948	DB13948	DrugBank	https://go.drugbank.com/drugs/DB13948	N-(2-hydroxybenzyl)-2,5-dimethoxy-4-cyanophenylethylamine
DrugBank_DB02400	DB02400	DrugBank	https://go.drugbank.com/drugs/DB02400	Es-936
DrugBank_DB07846	DB07846	DrugBank	https://go.drugbank.com/drugs/DB07846	(3,4,8b-trimethyl-3-oxido-2,3a-dihydro-1h-pyrrolo[2,3-b]indol-3-ium-7-yl) N-(2-ethylphenyl)carbamate
DrugBank_DB07121	DB07121	DrugBank	https://go.drugbank.com/drugs/DB07121	4-({4-[(4-aminobut-2-ynyl)oxy]phenyl}sulfonyl)-n-hydroxy-2,2-dimethylthiomorpholine-3-carboxamide
DrugBank_DB08174	DB08174	DrugBank	https://go.drugbank.com/drugs/DB08174	5-chloro-n-((1r,2s)-2-(4-(2-oxopyridin-1(2h)-yl)benzamido) Cyclopentyl)thiophene-2-carboxamide
DrugBank_DB07410	DB07410	DrugBank	https://go.drugbank.com/drugs/DB07410	[2-(3-dibenzofuran-4-yl-phenyl)-1-hydroxy-1-phosphono-ethyl]-phosphonic Acid
DrugBank_DB02462	DB02462	DrugBank	https://go.drugbank.com/drugs/DB02462	Thiocoumarin
DrugBank_DB00772	DB00772	DrugBank	https://go.drugbank.com/drugs/DB00772	Malathion
DrugBank_DB00263	DB00263	DrugBank	https://go.drugbank.com/drugs/DB00263	Sulfisoxazole
DrugBank_DB00358	DB00358	DrugBank	https://go.drugbank.com/drugs/DB00358	Mefloquine
DrugBank_DB11371	DB11371	DrugBank	https://go.drugbank.com/drugs/DB11371	Alfaxalone
DrugBank_DB09097	DB09097	DrugBank	https://go.drugbank.com/drugs/DB09097	Quinagolide
DrugBank_DB04962	DB04962	DrugBank	https://go.drugbank.com/drugs/DB04962	Bectumomab
DrugBank_DB02831	DB02831	DrugBank	https://go.drugbank.com/drugs/DB02831	Dihydrogenphosphate
DrugBank_DB02118	DB02118	DrugBank	https://go.drugbank.com/drugs/DB02118	Cp-271485
DrugBank_DB15498	DB15498	DrugBank	https://go.drugbank.com/drugs/DB15498	Bos172722
DrugBank_DB13557	DB13557	DrugBank	https://go.drugbank.com/drugs/DB13557	Thiopropazate
DrugBank_DB13950	DB13950	DrugBank	https://go.drugbank.com/drugs/DB13950	Win 55212-2
DrugBank_DB11779	DB11779	DrugBank	https://go.drugbank.com/drugs/DB11779	Danoprevir
DrugBank_DB01123	DB01123	DrugBank	https://go.drugbank.com/drugs/DB01123	Proflavine
DrugBank_DB02259	DB02259	DrugBank	https://go.drugbank.com/drugs/DB02259	3-(3,5-dibromo-4-hydroxy-benzoyl)-2-ethyl-benzofuran-6-sulfonic Acid (4-sulfamoyl-phenyl)-amide
DrugBank_DB00874	DB00874	DrugBank	https://go.drugbank.com/drugs/DB00874	Guaifenesin
DrugBank_DB06116	DB06116	DrugBank	https://go.drugbank.com/drugs/DB06116	Eldelumab
DrugBank_DB03065	DB03065	DrugBank	https://go.drugbank.com/drugs/DB03065	7-nitroindazole-2-carboxamidine
DrugBank_DB00283	DB00283	DrugBank	https://go.drugbank.com/drugs/DB00283	Clemastine
DrugBank_DB11857	DB11857	DrugBank	https://go.drugbank.com/drugs/DB11857	Seribantumab
DrugBank_DB09034	DB09034	DrugBank	https://go.drugbank.com/drugs/DB09034	Suvorexant
DrugBank_DB02597	DB02597	DrugBank	https://go.drugbank.com/drugs/DB02597	[2(r,s)-2-sulfanylheptanoyl]-phe-ala
DrugBank_DB04925	DB04925	DrugBank	https://go.drugbank.com/drugs/DB04925	Desmoteplase
DrugBank_DB05203	DB05203	DrugBank	https://go.drugbank.com/drugs/DB05203	Spp1148
DrugBank_DB05464	DB05464	DrugBank	https://go.drugbank.com/drugs/DB05464	Nox-700
DrugBank_DB08749	DB08749	DrugBank	https://go.drugbank.com/drugs/DB08749	3-(2-amino-6-benzoylquinazolin-3(4h)-yl)-n-cyclohexyl-n-methylpropanamide
DrugBank_DB03072	DB03072	DrugBank	https://go.drugbank.com/drugs/DB03072	2-{3-[4-(4-fluorophenyl)-3,6-dihydro-1(2h)-pyridinyl]propyl}-8-methyl-4(3h)-quinazolinone
DrugBank_DB00011	DB00011	DrugBank	https://go.drugbank.com/drugs/DB00011	Interferon Alfa-n1
DrugBank_DB00929	DB00929	DrugBank	https://go.drugbank.com/drugs/DB00929	Misoprostol
DrugBank_DB11590	DB11590	DrugBank	https://go.drugbank.com/drugs/DB11590	Thimerosal
DrugBank_DB01158	DB01158	DrugBank	https://go.drugbank.com/drugs/DB01158	Bretylium
DrugBank_DB00545	DB00545	DrugBank	https://go.drugbank.com/drugs/DB00545	Pyridostigmine
DrugBank_DB12308	DB12308	DrugBank	https://go.drugbank.com/drugs/DB12308	Eltanolone
DrugBank_DB12598	DB12598	DrugBank	https://go.drugbank.com/drugs/DB12598	Nafamostat
DrugBank_DB03314	DB03314	DrugBank	https://go.drugbank.com/drugs/DB03314	5-fluorotryptophan
DrugBank_DB04878	DB04878	DrugBank	https://go.drugbank.com/drugs/DB04878	Voglibose
DrugBank_DB01750	DB01750	DrugBank	https://go.drugbank.com/drugs/DB01750	1-naphthaleneacetic Acid
DrugBank_DB04952	DB04952	DrugBank	https://go.drugbank.com/drugs/DB04952	Ramoplanin
DrugBank_DB03861	DB03861	DrugBank	https://go.drugbank.com/drugs/DB03861	(2r,3r,4s,5r)-2-acetamido-3,4-dihydroxy-5-hydroxymethyl-piperidine
DrugBank_DB09414	DB09414	DrugBank	https://go.drugbank.com/drugs/DB09414	Dipotassium Phosphate
DrugBank_DB11952	DB11952	DrugBank	https://go.drugbank.com/drugs/DB11952	Duvelisib
DrugBank_DB00446	DB00446	DrugBank	https://go.drugbank.com/drugs/DB00446	Chloramphenicol
DrugBank_DB09052	DB09052	DrugBank	https://go.drugbank.com/drugs/DB09052	Blinatumomab
DrugBank_DB00863	DB00863	DrugBank	https://go.drugbank.com/drugs/DB00863	Ranitidine
DrugBank_DB01338	DB01338	DrugBank	https://go.drugbank.com/drugs/DB01338	Pipecuronium
DrugBank_DB03081	DB03081	DrugBank	https://go.drugbank.com/drugs/DB03081	[n-[n-(4-methoxy-2,3,6-trimethylphenylsulfonyl)-l-aspartyl]-d-(4-amidino-phenylalanyl)]-piperidine
DrugBank_DB13753	DB13753	DrugBank	https://go.drugbank.com/drugs/DB13753	Cetiedil
DrugBank_DB04860	DB04860	DrugBank	https://go.drugbank.com/drugs/DB04860	Isatoribine
DrugBank_DB00785	DB00785	DrugBank	https://go.drugbank.com/drugs/DB00785	Cryptenamine
DrugBank_DB15428	DB15428	DrugBank	https://go.drugbank.com/drugs/DB15428	Vesencumab
DrugBank_DB03221	DB03221	DrugBank	https://go.drugbank.com/drugs/DB03221	Al7099a
DrugBank_DB04876	DB04876	DrugBank	https://go.drugbank.com/drugs/DB04876	Vildagliptin
DrugBank_DB07014	DB07014	DrugBank	https://go.drugbank.com/drugs/DB07014	2-(1,3-benzodioxol-5-yl)-5-[(3-fluoro-4-methoxybenzyl)sulfanyl]-1,3,4-oxadiazole
DrugBank_DB03216	DB03216	DrugBank	https://go.drugbank.com/drugs/DB03216	(1'r,2's)-9-(2-hydroxy-3'-keto-cyclopenten-1-yl)adenine
DrugBank_DB04833	DB04833	DrugBank	https://go.drugbank.com/drugs/DB04833	Methaqualone
DrugBank_DB11817	DB11817	DrugBank	https://go.drugbank.com/drugs/DB11817	Baricitinib
DrugBank_DB04454	DB04454	DrugBank	https://go.drugbank.com/drugs/DB04454	Alpha-aminobutyric Acid
DrugBank_DB08766	DB08766	DrugBank	https://go.drugbank.com/drugs/DB08766	Zofenoprilat
DrugBank_DB12865	DB12865	DrugBank	https://go.drugbank.com/drugs/DB12865	Etelcalcetide
DrugBank_DB00822	DB00822	DrugBank	https://go.drugbank.com/drugs/DB00822	Disulfiram
DrugBank_DB00051	DB00051	DrugBank	https://go.drugbank.com/drugs/DB00051	Adalimumab
DrugBank_DB00327	DB00327	DrugBank	https://go.drugbank.com/drugs/DB00327	Hydromorphone
DrugBank_DB07528	DB07528	DrugBank	https://go.drugbank.com/drugs/DB07528	3-(2-aminoquinazolin-6-yl)-4-methyl-1-[3-(trifluoromethyl)phenyl]pyridin-2(1h)-one
DrugBank_DB05514	DB05514	DrugBank	https://go.drugbank.com/drugs/DB05514	Cobiprostone
DrugBank_DB05133	DB05133	DrugBank	https://go.drugbank.com/drugs/DB05133	Vp025
DrugBank_DB00738	DB00738	DrugBank	https://go.drugbank.com/drugs/DB00738	Pentamidine
DrugBank_DB08640	DB08640	DrugBank	https://go.drugbank.com/drugs/DB08640	(2s,3s)-3-formyl-2-({[(4-methylphenyl)sulfonyl]amino}methyl)pentanoic Acid
DrugBank_DB08736	DB08736	DrugBank	https://go.drugbank.com/drugs/DB08736	S,r-warfarin Alcohol
DrugBank_DB09268	DB09268	DrugBank	https://go.drugbank.com/drugs/DB09268	Picosulfuric Acid
DrugBank_DB01382	DB01382	DrugBank	https://go.drugbank.com/drugs/DB01382	Glymidine
DrugBank_DB01890	DB01890	DrugBank	https://go.drugbank.com/drugs/DB01890	N,n-bis(3-(d-gluconamido)propyl)deoxycholamide
DrugBank_DB05993	DB05993	DrugBank	https://go.drugbank.com/drugs/DB05993	Prx-07034
DrugBank_DB01996	DB01996	DrugBank	https://go.drugbank.com/drugs/DB01996	3-methylpyridine
DrugBank_DB15203	DB15203	DrugBank	https://go.drugbank.com/drugs/DB15203	Jnj-26489112
DrugBank_DB03066	DB03066	DrugBank	https://go.drugbank.com/drugs/DB03066	D-lactic Acid
DrugBank_DB09230	DB09230	DrugBank	https://go.drugbank.com/drugs/DB09230	Azelnidipine
DrugBank_DB08986	DB08986	DrugBank	https://go.drugbank.com/drugs/DB08986	Etifoxine
DrugBank_DB11186	DB11186	DrugBank	https://go.drugbank.com/drugs/DB11186	Pentoxyverine
DrugBank_DB12891	DB12891	DrugBank	https://go.drugbank.com/drugs/DB12891	Ozanezumab
DrugBank_DB08114	DB08114	DrugBank	https://go.drugbank.com/drugs/DB08114	5-benzyl-1,3-thiazol-2-amine
DrugBank_DB00805	DB00805	DrugBank	https://go.drugbank.com/drugs/DB00805	Minaprine
DrugBank_DB13556	DB13556	DrugBank	https://go.drugbank.com/drugs/DB13556	Sulfamazone
DrugBank_DB06345	DB06345	DrugBank	https://go.drugbank.com/drugs/DB06345	Ar-9281
DrugBank_DB02158	DB02158	DrugBank	https://go.drugbank.com/drugs/DB02158	(2s,3s,4r,5s)-2-(4-amino-4,5-dihydro-1h-pyrrolo[3,2-d]pyrimidin-7-yl)-5-[(methylsulfanyl)methyl]-3,4-pyrrolidinediol
DrugBank_DB07022	DB07022	DrugBank	https://go.drugbank.com/drugs/DB07022	3-hydroxypropyl 3-[(7-carbamimidoyl-1-naphthyl)carbamoyl]benzenesulfonate
DrugBank_DB13572	DB13572	DrugBank	https://go.drugbank.com/drugs/DB13572	Emylcamate
DrugBank_DB13679	DB13679	DrugBank	https://go.drugbank.com/drugs/DB13679	Dexchlorpheniramine
DrugBank_DB07944	DB07944	DrugBank	https://go.drugbank.com/drugs/DB07944	N-{3-methyl-5-[2-(pyridin-4-ylamino)-ethoxy]-phenyl}-benzenesulfonamide
DrugBank_DB01989	DB01989	DrugBank	https://go.drugbank.com/drugs/DB01989	Methyl N-{[(1r)-1-({1-[(benzyloxy)carbonyl]-l-prolyl-6-ammonio-l-norleucyl}amino)-2-phenylethyl](hydroxy)phosphoryl}-l-alanyl-l-prolinate
DrugBank_DB11688	DB11688	DrugBank	https://go.drugbank.com/drugs/DB11688	2-chloroethyl-3-sarcosinamide-1-nitrosourea
DrugBank_DB13371	DB13371	DrugBank	https://go.drugbank.com/drugs/DB13371	Difenpiramide
DrugBank_DB05311	DB05311	DrugBank	https://go.drugbank.com/drugs/DB05311	Ecallantide
DrugBank_DB13809	DB13809	DrugBank	https://go.drugbank.com/drugs/DB13809	Paclitaxel Poliglumex
DrugBank_DB11984	DB11984	DrugBank	https://go.drugbank.com/drugs/DB11984	Letaxaban
DrugBank_DB00562	DB00562	DrugBank	https://go.drugbank.com/drugs/DB00562	Benzthiazide
DrugBank_DB08936	DB08936	DrugBank	https://go.drugbank.com/drugs/DB08936	Chlorcyclizine
DrugBank_DB12163	DB12163	DrugBank	https://go.drugbank.com/drugs/DB12163	Sarpogrelate
DrugBank_DB01306	DB01306	DrugBank	https://go.drugbank.com/drugs/DB01306	Insulin Aspart
DrugBank_DB13144	DB13144	DrugBank	https://go.drugbank.com/drugs/DB13144	Lenograstim
DrugBank_DB00571	DB00571	DrugBank	https://go.drugbank.com/drugs/DB00571	Propranolol
DrugBank_DB08149	DB08149	DrugBank	https://go.drugbank.com/drugs/DB08149	1-[4-(4-chlorobenzyl)-1-(7h-pyrrolo[2,3-d]pyrimidin-4-yl)piperidin-4-yl]methanamine
DrugBank_DB11635	DB11635	DrugBank	https://go.drugbank.com/drugs/DB11635	Tocofersolan
DrugBank_DB00978	DB00978	DrugBank	https://go.drugbank.com/drugs/DB00978	Lomefloxacin
DrugBank_DB07224	DB07224	DrugBank	https://go.drugbank.com/drugs/DB07224	N-{[(2s,3s)-3-(ethoxycarbonyl)oxiran-2-yl]carbonyl}-l-isoleucyl-l-alanine
DrugBank_DB04664	DB04664	DrugBank	https://go.drugbank.com/drugs/DB04664	Cyclohexyl-pentyl-maltoside
DrugBank_DB04630	DB04630	DrugBank	https://go.drugbank.com/drugs/DB04630	Aldosterone
DrugBank_DB14240	DB14240	DrugBank	https://go.drugbank.com/drugs/DB14240	Echinacea
DrugBank_DB14009	DB14009	DrugBank	https://go.drugbank.com/drugs/DB14009	Medical Cannabis
DrugBank_DB00181	DB00181	DrugBank	https://go.drugbank.com/drugs/DB00181	Baclofen
DrugBank_DB03405	DB03405	DrugBank	https://go.drugbank.com/drugs/DB03405	N2-[(benzyloxy)carbonyl]-n-[(3r)-1-{n-[(benzyloxy)carbonyl]-l-leucyl}-4-oxo-3-pyrrolidinyl]-l-leucinamide
DrugBank_DB12229	DB12229	DrugBank	https://go.drugbank.com/drugs/DB12229	Cerlapirdine
DrugBank_DB01699	DB01699	DrugBank	https://go.drugbank.com/drugs/DB01699	(4e)-4-aminohex-4-enoic Acid
DrugBank_DB04010	DB04010	DrugBank	https://go.drugbank.com/drugs/DB04010	2-(3'-methoxyphenyl) Benzimidazole-4-carboxamide
DrugBank_DB08386	DB08386	DrugBank	https://go.drugbank.com/drugs/DB08386	2-{[4-(4-pyridin-4-yl-1h-pyrazol-3-yl)phenoxy]methyl}quinoline
DrugBank_DB02464	DB02464	DrugBank	https://go.drugbank.com/drugs/DB02464	Benzylamine
DrugBank_DB03286	DB03286	DrugBank	https://go.drugbank.com/drugs/DB03286	C-(1-azido-alpha-d-glucopyranosyl) Formamide
DrugBank_DB04918	DB04918	DrugBank	https://go.drugbank.com/drugs/DB04918	Ceftobiprole
DrugBank_DB00222	DB00222	DrugBank	https://go.drugbank.com/drugs/DB00222	Glimepiride
DrugBank_DB03974	DB03974	DrugBank	https://go.drugbank.com/drugs/DB03974	L-homoarginine
DrugBank_DB11669	DB11669	DrugBank	https://go.drugbank.com/drugs/DB11669	Ortataxel
DrugBank_DB04513	DB04513	DrugBank	https://go.drugbank.com/drugs/DB04513	N-(6-aminohexyl)-5-chloro-1-naphthalenesulfonamide
DrugBank_DB13801	DB13801	DrugBank	https://go.drugbank.com/drugs/DB13801	Muzolimine
DrugBank_DB08564	DB08564	DrugBank	https://go.drugbank.com/drugs/DB08564	(2e)-n-{4-[(3-bromophenyl)amino]quinazolin-6-yl}-4-(dimethylamino)but-2-enamide
DrugBank_DB05687	DB05687	DrugBank	https://go.drugbank.com/drugs/DB05687	Bl-1020
DrugBank_DB13835	DB13835	DrugBank	https://go.drugbank.com/drugs/DB13835	Caroverine
DrugBank_DB02551	DB02551	DrugBank	https://go.drugbank.com/drugs/DB02551	6-[n-(4-ethyl-1,2,3,4-tetrahydro-6-isoquinolinyl)carbamyl]-2-naphthalenecarboxamidine
DrugBank_DB04905	DB04905	DrugBank	https://go.drugbank.com/drugs/DB04905	Tesmilifene
DrugBank_DB06469	DB06469	DrugBank	https://go.drugbank.com/drugs/DB06469	Lestaurtinib
DrugBank_DB04953	DB04953	DrugBank	https://go.drugbank.com/drugs/DB04953	Ezogabine
DrugBank_DB02081	DB02081	DrugBank	https://go.drugbank.com/drugs/DB02081	Bis-benzamidine
DrugBank_DB06042	DB06042	DrugBank	https://go.drugbank.com/drugs/DB06042	Zen-012
DrugBank_DB06674	DB06674	DrugBank	https://go.drugbank.com/drugs/DB06674	Golimumab
DrugBank_DB07068	DB07068	DrugBank	https://go.drugbank.com/drugs/DB07068	(4-{4-[(tert-butoxycarbonyl)amino]-2,2-bis(ethoxycarbonyl)butyl}phenyl)sulfamic Acid
DrugBank_DB07698	DB07698	DrugBank	https://go.drugbank.com/drugs/DB07698	3-(3-aminophenyl)-n-(3-chlorophenyl)pyrazolo[1,5-a]pyrimidin-5-amine
DrugBank_DB09146	DB09146	DrugBank	https://go.drugbank.com/drugs/DB09146	Iron Sucrose
DrugBank_DB04121	DB04121	DrugBank	https://go.drugbank.com/drugs/DB04121	Guanosine-3'-monophosphate-5'-diphosphate
DrugBank_DB00798	DB00798	DrugBank	https://go.drugbank.com/drugs/DB00798	Gentamicin
DrugBank_DB11860	DB11860	DrugBank	https://go.drugbank.com/drugs/DB11860	Aramchol
DrugBank_DB00758	DB00758	DrugBank	https://go.drugbank.com/drugs/DB00758	Clopidogrel
DrugBank_DB01646	DB01646	DrugBank	https://go.drugbank.com/drugs/DB01646	N-acetylmethionine
DrugBank_DB06945	DB06945	DrugBank	https://go.drugbank.com/drugs/DB06945	N-hydroxy-4-({4-[4-(trifluoromethyl)phenoxy]phenyl}sulfonyl)tetrahydro-2h-pyran-4-carboxamide
DrugBank_DB07137	DB07137	DrugBank	https://go.drugbank.com/drugs/DB07137	(2s)-n-[(3e)-5-cyclopropyl-3h-pyrazol-3-ylidene]-2-[4-(2-oxo-1-imidazolidinyl)phenyl]propanamide
DrugBank_DB03010	DB03010	DrugBank	https://go.drugbank.com/drugs/DB03010	Patupilone
DrugBank_DB01678	DB01678	DrugBank	https://go.drugbank.com/drugs/DB01678	Ru84687
DrugBank_DB03722	DB03722	DrugBank	https://go.drugbank.com/drugs/DB03722	3,4-dihydro-5-methyl-isoquinolinone
DrugBank_DB02659	DB02659	DrugBank	https://go.drugbank.com/drugs/DB02659	Cholic Acid
DrugBank_DB01656	DB01656	DrugBank	https://go.drugbank.com/drugs/DB01656	Roflumilast
DrugBank_DB12773	DB12773	DrugBank	https://go.drugbank.com/drugs/DB12773	Sifalimumab
DrugBank_DB07750	DB07750	DrugBank	https://go.drugbank.com/drugs/DB07750	(2r)-1-[4-({4-[(2,5-dichlorophenyl)amino]-2-pyrimidinyl}amino)phenoxy]-3-(dimethylamino)-2-propanol
DrugBank_DB02670	DB02670	DrugBank	https://go.drugbank.com/drugs/DB02670	4-deoxy-alpha-d-glucose
DrugBank_DB07139	DB07139	DrugBank	https://go.drugbank.com/drugs/DB07139	3-[5-(3-nitrophenyl)thiophen-2-yl]propanoic Acid
DrugBank_DB02898	DB02898	DrugBank	https://go.drugbank.com/drugs/DB02898	(5r)-5-{[(2-amino-3h-purin-6-yl)oxy]methyl}-2-pyrrolidinone
DrugBank_DB00590	DB00590	DrugBank	https://go.drugbank.com/drugs/DB00590	Doxazosin
DrugBank_DB01931	DB01931	DrugBank	https://go.drugbank.com/drugs/DB01931	5,7-dichlorokynurenic Acid
DrugBank_DB11796	DB11796	DrugBank	https://go.drugbank.com/drugs/DB11796	Fostemsavir
DrugBank_DB11118	DB11118	DrugBank	https://go.drugbank.com/drugs/DB11118	Ammonia
DrugBank_DB01078	DB01078	DrugBank	https://go.drugbank.com/drugs/DB01078	Deslanoside
DrugBank_DB08651	DB08651	DrugBank	https://go.drugbank.com/drugs/DB08651	3'-thio-thymidine-5'-phosphate
DrugBank_DB02039	DB02039	DrugBank	https://go.drugbank.com/drugs/DB02039	S-acetyl-cysteine
DrugBank_DB06185	DB06185	DrugBank	https://go.drugbank.com/drugs/DB06185	Forodesine
DrugBank_DB05806	DB05806	DrugBank	https://go.drugbank.com/drugs/DB05806	Cositecan
DrugBank_DB09112	DB09112	DrugBank	https://go.drugbank.com/drugs/DB09112	Nitrous Acid
DrugBank_DB09079	DB09079	DrugBank	https://go.drugbank.com/drugs/DB09079	Nintedanib
DrugBank_DB13435	DB13435	DrugBank	https://go.drugbank.com/drugs/DB13435	Endralazine
DrugBank_DB13704	DB13704	DrugBank	https://go.drugbank.com/drugs/DB13704	Pristinamycin
DrugBank_DB09144	DB09144	DrugBank	https://go.drugbank.com/drugs/DB09144	Uridine Triacetate
DrugBank_DB01354	DB01354	DrugBank	https://go.drugbank.com/drugs/DB01354	Heptabarbital
DrugBank_DB08395	DB08395	DrugBank	https://go.drugbank.com/drugs/DB08395	2-(ethoxymethyl)-4-(4-fluorophenyl)-3-[2-(2-hydroxyphenoxy)pyrimidin-4-yl]isoxazol-5(2h)-one
DrugBank_DB00953	DB00953	DrugBank	https://go.drugbank.com/drugs/DB00953	Rizatriptan
DrugBank_DB13963	DB13963	DrugBank	https://go.drugbank.com/drugs/DB13963	1,2-dichlorobenzene
DrugBank_DB04429	DB04429	DrugBank	https://go.drugbank.com/drugs/DB04429	4'-hydroxyflavanone
DrugBank_DB08198	DB08198	DrugBank	https://go.drugbank.com/drugs/DB08198	[(4r)-4-(3-hydroxyphenyl)-1,6-dimethyl-2-thioxo-1,2,3,4-tetrahydropyrimidin-5-yl](phenyl)methanone
DrugBank_DB08860	DB08860	DrugBank	https://go.drugbank.com/drugs/DB08860	Pitavastatin
DrugBank_DB15303	DB15303	DrugBank	https://go.drugbank.com/drugs/DB15303	Faricimab
DrugBank_DB03086	DB03086	DrugBank	https://go.drugbank.com/drugs/DB03086	N'-(2s,3r)-3-amino-4-cyclohexyl-2-hydroxy-butano-n-(4-methylphenyl)hydrazide
DrugBank_DB09232	DB09232	DrugBank	https://go.drugbank.com/drugs/DB09232	Cilnidipine
DrugBank_DB13228	DB13228	DrugBank	https://go.drugbank.com/drugs/DB13228	Flosequinan
DrugBank_DB01531	DB01531	DrugBank	https://go.drugbank.com/drugs/DB01531	Desomorphine
DrugBank_DB05714	DB05714	DrugBank	https://go.drugbank.com/drugs/DB05714	Flovagatran
DrugBank_DB04263	DB04263	DrugBank	https://go.drugbank.com/drugs/DB04263	Geneticin
DrugBank_DB11155	DB11155	DrugBank	https://go.drugbank.com/drugs/DB11155	Triclocarban
DrugBank_DB02759	DB02759	DrugBank	https://go.drugbank.com/drugs/DB02759	4-methyl-umbelliferyl-n-acetyl-chitobiose
DrugBank_DB04180	DB04180	DrugBank	https://go.drugbank.com/drugs/DB04180	4-(aminosulfonyl)-n-[(2,4-difluorophenyl)methyl]-benzamide
DrugBank_DB01608	DB01608	DrugBank	https://go.drugbank.com/drugs/DB01608	Periciazine
DrugBank_DB01415	DB01415	DrugBank	https://go.drugbank.com/drugs/DB01415	Ceftibuten
DrugBank_DB08549	DB08549	DrugBank	https://go.drugbank.com/drugs/DB08549	(3r)-methylcarbamoyl-7-sulfoamino-3,4-dihydro-1h-isoquinoline-2-carboxylic Acid Benzyl Ester
DrugBank_DB06595	DB06595	DrugBank	https://go.drugbank.com/drugs/DB06595	Midostaurin
DrugBank_DB03040	DB03040	DrugBank	https://go.drugbank.com/drugs/DB03040	Nitrilotriacetic Acid
DrugBank_DB01392	DB01392	DrugBank	https://go.drugbank.com/drugs/DB01392	Yohimbine
DrugBank_DB07115	DB07115	DrugBank	https://go.drugbank.com/drugs/DB07115	N-(4-chlorobenzyl)-n-methylbenzene-1,4-disulfonamide
DrugBank_DB08203	DB08203	DrugBank	https://go.drugbank.com/drugs/DB08203	7-[2-methoxy-1-(methoxymethyl)ethyl]-7h-pyrrolo[3,2-f] Quinazoline-1,3-diamine
DrugBank_DB13772	DB13772	DrugBank	https://go.drugbank.com/drugs/DB13772	Rufloxacin
DrugBank_DB13377	DB13377	DrugBank	https://go.drugbank.com/drugs/DB13377	Vinbarbital
DrugBank_DB09062	DB09062	DrugBank	https://go.drugbank.com/drugs/DB09062	Cefminox
DrugBank_DB07691	DB07691	DrugBank	https://go.drugbank.com/drugs/DB07691	2-({[3-(3,4-dihydroisoquinolin-2(1h)-ylsulfonyl)phenyl]carbonyl}amino)benzoic Acid
DrugBank_DB04912	DB04912	DrugBank	https://go.drugbank.com/drugs/DB04912	Stannsoporfin
DrugBank_DB01017	DB01017	DrugBank	https://go.drugbank.com/drugs/DB01017	Minocycline
DrugBank_DB09263	DB09263	DrugBank	https://go.drugbank.com/drugs/DB09263	Patiromer
DrugBank_DB04324	DB04324	DrugBank	https://go.drugbank.com/drugs/DB04324	Ovalicin
DrugBank_DB01274	DB01274	DrugBank	https://go.drugbank.com/drugs/DB01274	Arformoterol
DrugBank_DB01147	DB01147	DrugBank	https://go.drugbank.com/drugs/DB01147	Cloxacillin
DrugBank_DB11366	DB11366	DrugBank	https://go.drugbank.com/drugs/DB11366	Roquinimex
DrugBank_DB04839	DB04839	DrugBank	https://go.drugbank.com/drugs/DB04839	Cyproterone Acetate
DrugBank_DB11372	DB11372	DrugBank	https://go.drugbank.com/drugs/DB11372	Altrenogest
DrugBank_DB05205	DB05205	DrugBank	https://go.drugbank.com/drugs/DB05205	Cx157
DrugBank_DB00483	DB00483	DrugBank	https://go.drugbank.com/drugs/DB00483	Gallamine Triethiodide
DrugBank_DB10713	DB10713	DrugBank	https://go.drugbank.com/drugs/DB10713	Poa Compressa Pollen
DrugBank_DB00864	DB00864	DrugBank	https://go.drugbank.com/drugs/DB00864	Tacrolimus
DrugBank_DB02417	DB02417	DrugBank	https://go.drugbank.com/drugs/DB02417	2,4,6-tribromophenol
DrugBank_DB03087	DB03087	DrugBank	https://go.drugbank.com/drugs/DB03087	2-(sec-butyl)thiazole
DrugBank_DB07351	DB07351	DrugBank	https://go.drugbank.com/drugs/DB07351	O-(((1r)-((n-(phenyl-methoxy-carbonyl)-alanyl)-amino)methyl)hydroxyphosphinyl)3-l-phenyllactate
DrugBank_DB07460	DB07460	DrugBank	https://go.drugbank.com/drugs/DB07460	2-({5-chloro-2-[(2-methoxy-4-morpholin-4-ylphenyl)amino]pyrimidin-4-yl}amino)-n-methylbenzamide
DrugBank_DB13955	DB13955	DrugBank	https://go.drugbank.com/drugs/DB13955	Estradiol Dienanthate
DrugBank_DB12364	DB12364	DrugBank	https://go.drugbank.com/drugs/DB12364	Betrixaban
DrugBank_DB11912	DB11912	DrugBank	https://go.drugbank.com/drugs/DB11912	Lanopepden
DrugBank_DB04678	DB04678	DrugBank	https://go.drugbank.com/drugs/DB04678	H Type Ii Trisaccharide
DrugBank_DB13662	DB13662	DrugBank	https://go.drugbank.com/drugs/DB13662	Hexapropymate
DrugBank_DB06852	DB06852	DrugBank	https://go.drugbank.com/drugs/DB06852	Chir-124
DrugBank_DB00210	DB00210	DrugBank	https://go.drugbank.com/drugs/DB00210	Adapalene
DrugBank_DB03425	DB03425	DrugBank	https://go.drugbank.com/drugs/DB03425	2s,4r-4-methylglutamate
DrugBank_DB07111	DB07111	DrugBank	https://go.drugbank.com/drugs/DB07111	(4s,5e,7z,10z,13z,16z,19z)-4-hydroxydocosa-5,7,10,13,16,19-hexaenoic Acid
DrugBank_DB04152	DB04152	DrugBank	https://go.drugbank.com/drugs/DB04152	2-amino-3-(3-hydroxy-7,8-dihydro-6h-cyclohepta[d]-4-isoxazolyl)propionic Acid
DrugBank_DB12240	DB12240	DrugBank	https://go.drugbank.com/drugs/DB12240	Polatuzumab Vedotin
DrugBank_DB07363	DB07363	DrugBank	https://go.drugbank.com/drugs/DB07363	Thiophene-2,5-disulfonic Acid 2-amide-5-(4-methyl-benzylamide)
DrugBank_DB02701	DB02701	DrugBank	https://go.drugbank.com/drugs/DB02701	Nicotinamide
DrugBank_DB07506	DB07506	DrugBank	https://go.drugbank.com/drugs/DB07506	L-benzylsuccinic Acid
DrugBank_DB14700	DB14700	DrugBank	https://go.drugbank.com/drugs/DB14700	Damoctocog Alfa Pegol
DrugBank_DB03331	DB03331	DrugBank	https://go.drugbank.com/drugs/DB03331	N-naphthalen-1-ylmethyl-2'-[3,5-dimethoxybenzamido]-2'-deoxy-adenosine
DrugBank_DB08059	DB08059	DrugBank	https://go.drugbank.com/drugs/DB08059	Wortmannin
DrugBank_DB05017	DB05017	DrugBank	https://go.drugbank.com/drugs/DB05017	Ysil6
DrugBank_DB00355	DB00355	DrugBank	https://go.drugbank.com/drugs/DB00355	Aztreonam
DrugBank_DB08955	DB08955	DrugBank	https://go.drugbank.com/drugs/DB08955	Ibuproxam
DrugBank_DB13795	DB13795	DrugBank	https://go.drugbank.com/drugs/DB13795	Brodimoprim
DrugBank_DB02104	DB02104	DrugBank	https://go.drugbank.com/drugs/DB02104	2,4-diamino-5-methyl-6-[(3,4,5-trimethoxy-n-methylanilino)methyl]pyrido[2,3-d]pyrimidine
DrugBank_DB04562	DB04562	DrugBank	https://go.drugbank.com/drugs/DB04562	Tricarballylic Acid
DrugBank_DB06844	DB06844	DrugBank	https://go.drugbank.com/drugs/DB06844	4-[(7-oxo-7h-thiazolo[5,4-e]indol-8-ylmethyl)-amino]-n-pyridin-2-yl-benzenesulfonamide
DrugBank_DB02152	DB02152	DrugBank	https://go.drugbank.com/drugs/DB02152	K-252a
DrugBank_DB12278	DB12278	DrugBank	https://go.drugbank.com/drugs/DB12278	Propiverine
DrugBank_DB05064	DB05064	DrugBank	https://go.drugbank.com/drugs/DB05064	Incb13739
DrugBank_DB02705	DB02705	DrugBank	https://go.drugbank.com/drugs/DB02705	6-[n-(1-isopropyl-1,2,3,4-tetrahydro-7-isoquinolinyl)carbamyl]-2-naphthalenecarboxamidine
DrugBank_DB12214	DB12214	DrugBank	https://go.drugbank.com/drugs/DB12214	Luseogliflozin
DrugBank_DB08064	DB08064	DrugBank	https://go.drugbank.com/drugs/DB08064	N-(3-tert-butyl-1h-pyrazol-5-yl)-n'-{4-chloro-3-[(pyridin-3-yloxy)methyl]phenyl}urea
DrugBank_DB02196	DB02196	DrugBank	https://go.drugbank.com/drugs/DB02196	Uridine-diphosphate-n-acetylgalactosamine
DrugBank_DB14507	DB14507	DrugBank	https://go.drugbank.com/drugs/DB14507	Lithium Citrate
DrugBank_DB02850	DB02850	DrugBank	https://go.drugbank.com/drugs/DB02850	Das869
DrugBank_DB01566	DB01566	DrugBank	https://go.drugbank.com/drugs/DB01566	Methylenedioxyethamphetamine
DrugBank_DB15432	DB15432	DrugBank	https://go.drugbank.com/drugs/DB15432	Pinatuzumab Vedotin
DrugBank_DB01369	DB01369	DrugBank	https://go.drugbank.com/drugs/DB01369	Quinupristin
DrugBank_DB13692	DB13692	DrugBank	https://go.drugbank.com/drugs/DB13692	Tretoquinol
DrugBank_DB02281	DB02281	DrugBank	https://go.drugbank.com/drugs/DB02281	Formycin
DrugBank_DB13521	DB13521	DrugBank	https://go.drugbank.com/drugs/DB13521	Alipogene Tiparvovec
DrugBank_DB04892	DB04892	DrugBank	https://go.drugbank.com/drugs/DB04892	Phenserine
DrugBank_DB05685	DB05685	DrugBank	https://go.drugbank.com/drugs/DB05685	Fx06
DrugBank_DB03174	DB03174	DrugBank	https://go.drugbank.com/drugs/DB03174	Phosphonoacetaldehyde
DrugBank_DB09275	DB09275	DrugBank	https://go.drugbank.com/drugs/DB09275	Bismuth Subcitrate Potassium
DrugBank_DB08813	DB08813	DrugBank	https://go.drugbank.com/drugs/DB08813	Nadroparin
DrugBank_DB00926	DB00926	DrugBank	https://go.drugbank.com/drugs/DB00926	Etretinate
DrugBank_DB11431	DB11431	DrugBank	https://go.drugbank.com/drugs/DB11431	Moxidectin
DrugBank_DB14071	DB14071	DrugBank	https://go.drugbank.com/drugs/DB14071	Desmethylsertraline
DrugBank_DB11191	DB11191	DrugBank	https://go.drugbank.com/drugs/DB11191	Cobamamide
DrugBank_DB12637	DB12637	DrugBank	https://go.drugbank.com/drugs/DB12637	Onapristone
DrugBank_DB15035	DB15035	DrugBank	https://go.drugbank.com/drugs/DB15035	Zanubrutinib
DrugBank_DB00111	DB00111	DrugBank	https://go.drugbank.com/drugs/DB00111	Daclizumab
DrugBank_DB06704	DB06704	DrugBank	https://go.drugbank.com/drugs/DB06704	Iobenguane
DrugBank_DB07485	DB07485	DrugBank	https://go.drugbank.com/drugs/DB07485	Bisphenol Z
DrugBank_DB01842	DB01842	DrugBank	https://go.drugbank.com/drugs/DB01842	3'-phosphate-adenosine-5'-diphosphate
DrugBank_DB15066	DB15066	DrugBank	https://go.drugbank.com/drugs/DB15066	Givosiran
DrugBank_DB09516	DB09516	DrugBank	https://go.drugbank.com/drugs/DB09516	Mequinol
DrugBank_DB00952	DB00952	DrugBank	https://go.drugbank.com/drugs/DB00952	Naratriptan
DrugBank_DB04080	DB04080	DrugBank	https://go.drugbank.com/drugs/DB04080	Ru78191
DrugBank_DB00338	DB00338	DrugBank	https://go.drugbank.com/drugs/DB00338	Omeprazole
DrugBank_DB05115	DB05115	DrugBank	https://go.drugbank.com/drugs/DB05115	Nn344
DrugBank_DB11526	DB11526	DrugBank	https://go.drugbank.com/drugs/DB11526	Masitinib
DrugBank_DB00747	DB00747	DrugBank	https://go.drugbank.com/drugs/DB00747	Scopolamine
DrugBank_DB03899	DB03899	DrugBank	https://go.drugbank.com/drugs/DB03899	9-butyl-8-(4-methoxybenzyl)-9h-purin-6-amine
DrugBank_DB00016	DB00016	DrugBank	https://go.drugbank.com/drugs/DB00016	Erythropoietin
DrugBank_DB00950	DB00950	DrugBank	https://go.drugbank.com/drugs/DB00950	Fexofenadine
DrugBank_DB08660	DB08660	DrugBank	https://go.drugbank.com/drugs/DB08660	Quinalizarin
DrugBank_DB09409	DB09409	DrugBank	https://go.drugbank.com/drugs/DB09409	Magnesium Acetate Tetrahydrate
DrugBank_DB05931	DB05931	DrugBank	https://go.drugbank.com/drugs/DB05931	Pegdinetanib
DrugBank_DB13999	DB13999	DrugBank	https://go.drugbank.com/drugs/DB13999	Moroctocog Alfa
DrugBank_DB02900	DB02900	DrugBank	https://go.drugbank.com/drugs/DB02900	Alpha-d-mannose 6-phosphate
DrugBank_DB00875	DB00875	DrugBank	https://go.drugbank.com/drugs/DB00875	Flupentixol
DrugBank_DB04620	DB04620	DrugBank	https://go.drugbank.com/drugs/DB04620	Cycloleucine
DrugBank_DB04356	DB04356	DrugBank	https://go.drugbank.com/drugs/DB04356	9-deazaguanine
DrugBank_DB13495	DB13495	DrugBank	https://go.drugbank.com/drugs/DB13495	Paraoxon
DrugBank_DB06535	DB06535	DrugBank	https://go.drugbank.com/drugs/DB06535	Etilevodopa
DrugBank_DB00559	DB00559	DrugBank	https://go.drugbank.com/drugs/DB00559	Bosentan
DrugBank_DB12273	DB12273	DrugBank	https://go.drugbank.com/drugs/DB12273	Ecopipam
DrugBank_DB08148	DB08148	DrugBank	https://go.drugbank.com/drugs/DB08148	1-[4-(4-chlorophenyl)-1-(7h-pyrrolo[2,3-d]pyrimidin-4-yl)piperidin-4-yl]methanamine
DrugBank_DB01452	DB01452	DrugBank	https://go.drugbank.com/drugs/DB01452	Diamorphine
DrugBank_DB04014	DB04014	DrugBank	https://go.drugbank.com/drugs/DB04014	Alsterpaullone
DrugBank_DB01665	DB01665	DrugBank	https://go.drugbank.com/drugs/DB01665	2h-benzimidazol-2-amine
DrugBank_DB03726	DB03726	DrugBank	https://go.drugbank.com/drugs/DB03726	Purine Riboside-5'-monophosphate
DrugBank_DB04951	DB04951	DrugBank	https://go.drugbank.com/drugs/DB04951	Pirfenidone
DrugBank_DB00151	DB00151	DrugBank	https://go.drugbank.com/drugs/DB00151	Cysteine
DrugBank_DB03226	DB03226	DrugBank	https://go.drugbank.com/drugs/DB03226	Trifluoroethanol
DrugBank_DB02506	DB02506	DrugBank	https://go.drugbank.com/drugs/DB02506	2,6,8-trimethyl-3-amino-9-benzyl-9-methoxynonanoic Acid
DrugBank_DB05467	DB05467	DrugBank	https://go.drugbank.com/drugs/DB05467	R667
DrugBank_DB01069	DB01069	DrugBank	https://go.drugbank.com/drugs/DB01069	Promethazine
DrugBank_DB00655	DB00655	DrugBank	https://go.drugbank.com/drugs/DB00655	Estrone
DrugBank_DB00988	DB00988	DrugBank	https://go.drugbank.com/drugs/DB00988	Dopamine
DrugBank_DB03471	DB03471	DrugBank	https://go.drugbank.com/drugs/DB03471	6-phenyl-4(r)-(7-phenyl-heptanoylamino)-hexanoic Acid
DrugBank_DB05939	DB05939	DrugBank	https://go.drugbank.com/drugs/DB05939	Mk-0354
DrugBank_DB02840	DB02840	DrugBank	https://go.drugbank.com/drugs/DB02840	4-(1,3-benzodioxol-5-yl)-5-(5-ethyl-2,4-dihydroxyphenyl)-2h-pyrazole-3-carboxylic Acid
DrugBank_DB04812	DB04812	DrugBank	https://go.drugbank.com/drugs/DB04812	Benoxaprofen
DrugBank_DB04753	DB04753	DrugBank	https://go.drugbank.com/drugs/DB04753	9-deazainosine-2',3'-o-ethylidenephosphonate
DrugBank_DB02136	DB02136	DrugBank	https://go.drugbank.com/drugs/DB02136	Cephalosporin Analog
DrugBank_DB03222	DB03222	DrugBank	https://go.drugbank.com/drugs/DB03222	Datp
DrugBank_DB05290	DB05290	DrugBank	https://go.drugbank.com/drugs/DB05290	Spp 301
DrugBank_DB12461	DB12461	DrugBank	https://go.drugbank.com/drugs/DB12461	Glpg-0492
DrugBank_DB08991	DB08991	DrugBank	https://go.drugbank.com/drugs/DB08991	Epirizole
DrugBank_DB12941	DB12941	DrugBank	https://go.drugbank.com/drugs/DB12941	Darolutamide
DrugBank_DB02726	DB02726	DrugBank	https://go.drugbank.com/drugs/DB02726	2-phosphoglycolic Acid
DrugBank_DB00078	DB00078	DrugBank	https://go.drugbank.com/drugs/DB00078	Ibritumomab Tiuxetan
DrugBank_DB05798	DB05798	DrugBank	https://go.drugbank.com/drugs/DB05798	Gem-231
DrugBank_DB05154	DB05154	DrugBank	https://go.drugbank.com/drugs/DB05154	Pretomanid
DrugBank_DB11611	DB11611	DrugBank	https://go.drugbank.com/drugs/DB11611	Lifitegrast
DrugBank_DB01939	DB01939	DrugBank	https://go.drugbank.com/drugs/DB01939	5-amidino-benzimidazole
DrugBank_DB05234	DB05234	DrugBank	https://go.drugbank.com/drugs/DB05234	Lgd2941
DrugBank_DB07561	DB07561	DrugBank	https://go.drugbank.com/drugs/DB07561	(2z)-2-cyano-n-(3'-ethoxybiphenyl-4-yl)-3-hydroxybut-2-enamide
DrugBank_DB13256	DB13256	DrugBank	https://go.drugbank.com/drugs/DB13256	Clothiapine
DrugBank_DB09184	DB09184	DrugBank	https://go.drugbank.com/drugs/DB09184	Edivoxetine
DrugBank_DB08065	DB08065	DrugBank	https://go.drugbank.com/drugs/DB08065	2-(1h-pyrazol-3-yl)-1h-benzimidazole
DrugBank_DB08773	DB08773	DrugBank	https://go.drugbank.com/drugs/DB08773	2-(4-hydroxyphenyl)benzo[b]thiophen-6-ol
DrugBank_DB14548	DB14548	DrugBank	https://go.drugbank.com/drugs/DB14548	Zinc Sulfate, Unspecified Form
DrugBank_DB01705	DB01705	DrugBank	https://go.drugbank.com/drugs/DB01705	Bis(5-amidino-benzimidazolyl)methane
DrugBank_DB02230	DB02230	DrugBank	https://go.drugbank.com/drugs/DB02230	Immucillin-g
DrugBank_DB08815	DB08815	DrugBank	https://go.drugbank.com/drugs/DB08815	Lurasidone
DrugBank_DB08224	DB08224	DrugBank	https://go.drugbank.com/drugs/DB08224	(1s,7s,8s,8ar)-1,2,3,7,8,8a-hexahydro-7-methyl-8-[2-[(2r,4r)-tetrahydro-4-hy Droxy-6-oxo-2h-pyran-2-yl]ethyl]-1-naphthalenol
DrugBank_DB03366	DB03366	DrugBank	https://go.drugbank.com/drugs/DB03366	Imidazole
DrugBank_DB11425	DB11425	DrugBank	https://go.drugbank.com/drugs/DB11425	Luprostiol
DrugBank_DB08172	DB08172	DrugBank	https://go.drugbank.com/drugs/DB08172	(2z)-n-(3-chloro-2'-methoxybiphenyl-4-yl)-2-cyano-3-hydroxybut-2-enamide
DrugBank_DB08846	DB08846	DrugBank	https://go.drugbank.com/drugs/DB08846	Ellagic Acid
DrugBank_DB12156	DB12156	DrugBank	https://go.drugbank.com/drugs/DB12156	Cordycepin
DrugBank_DB07942	DB07942	DrugBank	https://go.drugbank.com/drugs/DB07942	2-fluoro-4-[4-(4-fluorophenyl)-1h-pyrazol-3-yl]pyridine
DrugBank_DB13452	DB13452	DrugBank	https://go.drugbank.com/drugs/DB13452	Cadralazine
DrugBank_DB02373	DB02373	DrugBank	https://go.drugbank.com/drugs/DB02373	Adenosine Monotungstate
DrugBank_DB04639	DB04639	DrugBank	https://go.drugbank.com/drugs/DB04639	Biphenylalanine
DrugBank_DB07909	DB07909	DrugBank	https://go.drugbank.com/drugs/DB07909	(1s,2s,5s)2-(4-glutaridylbenzyl)-5-phenyl-1-cyclohexanol
DrugBank_DB06681	DB06681	DrugBank	https://go.drugbank.com/drugs/DB06681	Belatacept
DrugBank_DB02205	DB02205	DrugBank	https://go.drugbank.com/drugs/DB02205	(+)-rutamarin Alcohol
DrugBank_DB04891	DB04891	DrugBank	https://go.drugbank.com/drugs/DB04891	Becocalcidiol
DrugBank_DB12193	DB12193	DrugBank	https://go.drugbank.com/drugs/DB12193	Ajulemic Acid
DrugBank_DB04879	DB04879	DrugBank	https://go.drugbank.com/drugs/DB04879	Vatalanib
DrugBank_DB02697	DB02697	DrugBank	https://go.drugbank.com/drugs/DB02697	Hydroxyaminovaline
DrugBank_DB04523	DB04523	DrugBank	https://go.drugbank.com/drugs/DB04523	Tert-butyl(1s)-1-cyclohexyl-2-oxoethylcarbamate
DrugBank_DB08904	DB08904	DrugBank	https://go.drugbank.com/drugs/DB08904	Certolizumab Pegol
DrugBank_DB13368	DB13368	DrugBank	https://go.drugbank.com/drugs/DB13368	Motretinide
DrugBank_DB09287	DB09287	DrugBank	https://go.drugbank.com/drugs/DB09287	Polyethylene Glycol
DrugBank_DB15559	DB15559	DrugBank	https://go.drugbank.com/drugs/DB15559	Zenocutuzumab
DrugBank_DB00444	DB00444	DrugBank	https://go.drugbank.com/drugs/DB00444	Teniposide
DrugBank_DB04397	DB04397	DrugBank	https://go.drugbank.com/drugs/DB04397	Alpha-d-glucose-1-phosphate-6-vanadate
DrugBank_DB04761	DB04761	DrugBank	https://go.drugbank.com/drugs/DB04761	Pyrimidine-4,6-dicarboxylic Acid Bis-[(pyridin-3-ylmethyl)-amide]
DrugBank_DB15665	DB15665	DrugBank	https://go.drugbank.com/drugs/DB15665	Sep-363856
DrugBank_DB05252	DB05252	DrugBank	https://go.drugbank.com/drugs/DB05252	Fenoxaprop-ethyl
DrugBank_DB00690	DB00690	DrugBank	https://go.drugbank.com/drugs/DB00690	Flurazepam
DrugBank_DB08124	DB08124	DrugBank	https://go.drugbank.com/drugs/DB08124	3-{[(2,2-dioxido-1,3-dihydro-2-benzothien-5-yl)amino]methylene}-5-(1,3-oxazol-5-yl)-1,3-dihydro-2h-indol-2-one
DrugBank_DB09163	DB09163	DrugBank	https://go.drugbank.com/drugs/DB09163	Technetium Tc-99m Exametazime
DrugBank_DB00619	DB00619	DrugBank	https://go.drugbank.com/drugs/DB00619	Imatinib
DrugBank_DB05127	DB05127	DrugBank	https://go.drugbank.com/drugs/DB05127	Ana971
DrugBank_DB01062	DB01062	DrugBank	https://go.drugbank.com/drugs/DB01062	Oxybutynin
DrugBank_DB11342	DB11342	DrugBank	https://go.drugbank.com/drugs/DB11342	Aluminum Oxide
DrugBank_DB12975	DB12975	DrugBank	https://go.drugbank.com/drugs/DB12975	Pyronaridine
DrugBank_DB12081	DB12081	DrugBank	https://go.drugbank.com/drugs/DB12081	Anecortave
DrugBank_DB13457	DB13457	DrugBank	https://go.drugbank.com/drugs/DB13457	Oxaflozane
DrugBank_DB00860	DB00860	DrugBank	https://go.drugbank.com/drugs/DB00860	Prednisolone
DrugBank_DB03589	DB03589	DrugBank	https://go.drugbank.com/drugs/DB03589	Mesoxalic Acid
DrugBank_DB09110	DB09110	DrugBank	https://go.drugbank.com/drugs/DB09110	Coenzyme M
DrugBank_DB06791	DB06791	DrugBank	https://go.drugbank.com/drugs/DB06791	Lanreotide
DrugBank_DB07497	DB07497	DrugBank	https://go.drugbank.com/drugs/DB07497	5-(hexahydro-2-oxo-1h-thieno[3,4-d]imidazol-6-yl)pentanal
DrugBank_DB08953	DB08953	DrugBank	https://go.drugbank.com/drugs/DB08953	Indalpine
DrugBank_DB01008	DB01008	DrugBank	https://go.drugbank.com/drugs/DB01008	Busulfan
DrugBank_DB13349	DB13349	DrugBank	https://go.drugbank.com/drugs/DB13349	Talastine
DrugBank_DB01837	DB01837	DrugBank	https://go.drugbank.com/drugs/DB01837	O-acetyl-l-serine
DrugBank_DB12381	DB12381	DrugBank	https://go.drugbank.com/drugs/DB12381	Merestinib
DrugBank_DB02449	DB02449	DrugBank	https://go.drugbank.com/drugs/DB02449	3-(1h-indol-3-yl)-2-[4-(4-phenyl-piperidin-1-yl)-benzenesulfonylamino]-propionic Acid
DrugBank_DB07652	DB07652	DrugBank	https://go.drugbank.com/drugs/DB07652	1-[2-deoxyribofuranosyl]-2,4-difluoro-5-methyl-benzene-5'monophosphate
DrugBank_DB09071	DB09071	DrugBank	https://go.drugbank.com/drugs/DB09071	Tasimelteon
DrugBank_DB11731	DB11731	DrugBank	https://go.drugbank.com/drugs/DB11731	Depatuxizumab Mafodotin
DrugBank_DB06575	DB06575	DrugBank	https://go.drugbank.com/drugs/DB06575	Valomaciclovir
DrugBank_DB05297	DB05297	DrugBank	https://go.drugbank.com/drugs/DB05297	Paclitaxel Docosahexaenoic Acid
DrugBank_DB06748	DB06748	DrugBank	https://go.drugbank.com/drugs/DB06748	Ginsenoside C
DrugBank_DB12881	DB12881	DrugBank	https://go.drugbank.com/drugs/DB12881	Indole-3-carbinol
DrugBank_DB13666	DB13666	DrugBank	https://go.drugbank.com/drugs/DB13666	Tiemonium Iodide
DrugBank_DB07330	DB07330	DrugBank	https://go.drugbank.com/drugs/DB07330	A-620223
DrugBank_DB00150	DB00150	DrugBank	https://go.drugbank.com/drugs/DB00150	Tryptophan
DrugBank_DB03849	DB03849	DrugBank	https://go.drugbank.com/drugs/DB03849	Cilomilast
DrugBank_DB11061	DB11061	DrugBank	https://go.drugbank.com/drugs/DB11061	Povidone
DrugBank_DB00040	DB00040	DrugBank	https://go.drugbank.com/drugs/DB00040	Glucagon
DrugBank_DB07827	DB07827	DrugBank	https://go.drugbank.com/drugs/DB07827	4-{[1-methyl-2,4-dioxo-6-(3-phenylprop-1-yn-1-yl)-1,4-dihydroquinazolin-3(2h)-yl]methyl}benzoic Acid
DrugBank_DB06518	DB06518	DrugBank	https://go.drugbank.com/drugs/DB06518	R-1487
DrugBank_DB12410	DB12410	DrugBank	https://go.drugbank.com/drugs/DB12410	Sabarubicin
DrugBank_DB12730	DB12730	DrugBank	https://go.drugbank.com/drugs/DB12730	Dolastatin 10
DrugBank_DB00868	DB00868	DrugBank	https://go.drugbank.com/drugs/DB00868	Benzonatate
DrugBank_DB01061	DB01061	DrugBank	https://go.drugbank.com/drugs/DB01061	Azlocillin
DrugBank_DB13668	DB13668	DrugBank	https://go.drugbank.com/drugs/DB13668	Ipidacrine
DrugBank_DB00921	DB00921	DrugBank	https://go.drugbank.com/drugs/DB00921	Buprenorphine
DrugBank_DB01208	DB01208	DrugBank	https://go.drugbank.com/drugs/DB01208	Sparfloxacin
DrugBank_DB08750	DB08750	DrugBank	https://go.drugbank.com/drugs/DB08750	1-[4-(aminomethyl)benzoyl]-5'-fluoro-1'h-spiro[piperidine-4,2'-quinazolin]-4'-amine
DrugBank_DB08330	DB08330	DrugBank	https://go.drugbank.com/drugs/DB08330	Methyl (2z)-3-methoxy-2-{2-[(e)-2-phenylvinyl]phenyl}acrylate
DrugBank_DB08784	DB08784	DrugBank	https://go.drugbank.com/drugs/DB08784	2-(4-chloro-phenylamino)-nicotinic Acid
DrugBank_DB01325	DB01325	DrugBank	https://go.drugbank.com/drugs/DB01325	Quinethazone
DrugBank_DB11701	DB11701	DrugBank	https://go.drugbank.com/drugs/DB11701	Amenamevir
DrugBank_DB01892	DB01892	DrugBank	https://go.drugbank.com/drugs/DB01892	Hyperforin
DrugBank_DB02348	DB02348	DrugBank	https://go.drugbank.com/drugs/DB02348	Monofluorophosphate Ion
DrugBank_DB03824	DB03824	DrugBank	https://go.drugbank.com/drugs/DB03824	7-iodo-1,2,3,4-tetrahydro-isoquinoline
DrugBank_DB01363	DB01363	DrugBank	https://go.drugbank.com/drugs/DB01363	Ephedra Sinica Root
DrugBank_DB12733	DB12733	DrugBank	https://go.drugbank.com/drugs/DB12733	Dipraglurant
DrugBank_DB03683	DB03683	DrugBank	https://go.drugbank.com/drugs/DB03683	2-{[formyl(hydroxy)amino]methyl}-4-methylpentanoic Acid
DrugBank_DB02624	DB02624	DrugBank	https://go.drugbank.com/drugs/DB02624	Homoserine Lactone
DrugBank_DB10879	DB10879	DrugBank	https://go.drugbank.com/drugs/DB10879	Arrhenatherum Elatius Pollen
DrugBank_DB08067	DB08067	DrugBank	https://go.drugbank.com/drugs/DB08067	4-[(2-{4-[(cyclopropylcarbamoyl)amino]-1h-pyrazol-3-yl}-1h-benzimidazol-6-yl)methyl]morpholin-4-ium
DrugBank_DB13873	DB13873	DrugBank	https://go.drugbank.com/drugs/DB13873	Fenofibric Acid
DrugBank_DB00114	DB00114	DrugBank	https://go.drugbank.com/drugs/DB00114	Pyridoxal Phosphate
DrugBank_DB02640	DB02640	DrugBank	https://go.drugbank.com/drugs/DB02640	Fumagillin
DrugBank_DB07205	DB07205	DrugBank	https://go.drugbank.com/drugs/DB07205	N6-isopentenyl-adenosine-5'-monophosphate
DrugBank_DB01160	DB01160	DrugBank	https://go.drugbank.com/drugs/DB01160	Dinoprost Tromethamine
DrugBank_DB04850	DB04850	DrugBank	https://go.drugbank.com/drugs/DB04850	Posizolid
DrugBank_DB13295	DB13295	DrugBank	https://go.drugbank.com/drugs/DB13295	Atracurium
DrugBank_DB04599	DB04599	DrugBank	https://go.drugbank.com/drugs/DB04599	Aniracetam
DrugBank_DB00799	DB00799	DrugBank	https://go.drugbank.com/drugs/DB00799	Tazarotene
DrugBank_DB00598	DB00598	DrugBank	https://go.drugbank.com/drugs/DB00598	Labetalol
DrugBank_DB02116	DB02116	DrugBank	https://go.drugbank.com/drugs/DB02116	Olomoucine
DrugBank_DB07718	DB07718	DrugBank	https://go.drugbank.com/drugs/DB07718	4-hydroxyphenylpyruvic Acid
DrugBank_DB00533	DB00533	DrugBank	https://go.drugbank.com/drugs/DB00533	Rofecoxib
DrugBank_DB14751	DB14751	DrugBank	https://go.drugbank.com/drugs/DB14751	Mecasermin Rinfabate
DrugBank_DB13715	DB13715	DrugBank	https://go.drugbank.com/drugs/DB13715	Dilazep
DrugBank_DB01483	DB01483	DrugBank	https://go.drugbank.com/drugs/DB01483	Barbital
DrugBank_DB05463	DB05463	DrugBank	https://go.drugbank.com/drugs/DB05463	Iss-1018
DrugBank_DB04736	DB04736	DrugBank	https://go.drugbank.com/drugs/DB04736	2-acetamido-2-deoxy-beta-d-glucopyranose(beta1-4)-2-acetamido-1,6-anhydro-3-o-[(r)-1-carboxyethyl]-2-deoxy-beta-d-glucopyranose-l-alanyl-gamma-d-glutamyl-meso-diaminopimelyl-d-alanine
DrugBank_DB03019	DB03019	DrugBank	https://go.drugbank.com/drugs/DB03019	4-(2,5-dichloro-thiophen-3-yl)-pyrimidin-2-ylamine
DrugBank_DB05812	DB05812	DrugBank	https://go.drugbank.com/drugs/DB05812	Abiraterone
DrugBank_DB03573	DB03573	DrugBank	https://go.drugbank.com/drugs/DB03573	Wrr-99
DrugBank_DB06995	DB06995	DrugBank	https://go.drugbank.com/drugs/DB06995	N-({4-[(2-aminopyridin-4-yl)oxy]-3-fluorophenyl}carbamoyl)-2-(4-fluorophenyl)acetamide
DrugBank_DB12815	DB12815	DrugBank	https://go.drugbank.com/drugs/DB12815	Crotedumab
DrugBank_DB06981	DB06981	DrugBank	https://go.drugbank.com/drugs/DB06981	(2s)-2-(1h-indol-3-yl)pentanoic Acid
DrugBank_DB07965	DB07965	DrugBank	https://go.drugbank.com/drugs/DB07965	6-(cyclohexylamino)-9-[2-(4-methylpiperazin-1-yl)-ethyl]-9h-purine-2-carbonitrile
DrugBank_DB01102	DB01102	DrugBank	https://go.drugbank.com/drugs/DB01102	Arbutamine
DrugBank_DB04151	DB04151	DrugBank	https://go.drugbank.com/drugs/DB04151	1-methylhistidine
DrugBank_DB09208	DB09208	DrugBank	https://go.drugbank.com/drugs/DB09208	Pegloticase
DrugBank_DB09217	DB09217	DrugBank	https://go.drugbank.com/drugs/DB09217	Firocoxib
DrugBank_DB03347	DB03347	DrugBank	https://go.drugbank.com/drugs/DB03347	Triethyl Phosphate
DrugBank_DB12725	DB12725	DrugBank	https://go.drugbank.com/drugs/DB12725	Td-8954
DrugBank_DB15095	DB15095	DrugBank	https://go.drugbank.com/drugs/DB15095	Leridistim
DrugBank_DB07371	DB07371	DrugBank	https://go.drugbank.com/drugs/DB07371	3-(10-methyl-9-anthryl)propanoic Acid
DrugBank_DB01411	DB01411	DrugBank	https://go.drugbank.com/drugs/DB01411	Pranlukast
DrugBank_DB04089	DB04089	DrugBank	https://go.drugbank.com/drugs/DB04089	Al5300
DrugBank_DB06737	DB06737	DrugBank	https://go.drugbank.com/drugs/DB06737	Zaltoprofen
DrugBank_DB15102	DB15102	DrugBank	https://go.drugbank.com/drugs/DB15102	Pemigatinib
DrugBank_DB00261	DB00261	DrugBank	https://go.drugbank.com/drugs/DB00261	Anagrelide
DrugBank_DB09293	DB09293	DrugBank	https://go.drugbank.com/drugs/DB09293	Iodide I-131
DrugBank_DB09236	DB09236	DrugBank	https://go.drugbank.com/drugs/DB09236	Lacidipine
DrugBank_DB07261	DB07261	DrugBank	https://go.drugbank.com/drugs/DB07261	Thieno[3,2-b]pyridine-2-sulfonic Acid [1-(1-amino-isoquinolin-7-ylmethyl)-2-oxo-pyrroldin-3-yl]-amide
DrugBank_DB00490	DB00490	DrugBank	https://go.drugbank.com/drugs/DB00490	Buspirone
DrugBank_DB13219	DB13219	DrugBank	https://go.drugbank.com/drugs/DB13219	Medifoxamine
DrugBank_DB07659	DB07659	DrugBank	https://go.drugbank.com/drugs/DB07659	Ac-(d)phe-pro-borohomolys-oh
DrugBank_DB12202	DB12202	DrugBank	https://go.drugbank.com/drugs/DB12202	Zalutumumab
DrugBank_DB03749	DB03749	DrugBank	https://go.drugbank.com/drugs/DB03749	4-(1h-imidazol-4-yl)-3-(5-ethyl-2,4-dihydroxy-phenyl)-1h-pyrazole
DrugBank_DB13961	DB13961	DrugBank	https://go.drugbank.com/drugs/DB13961	Fish Oil
DrugBank_DB11918	DB11918	DrugBank	https://go.drugbank.com/drugs/DB11918	Guadecitabine
DrugBank_DB07807	DB07807	DrugBank	https://go.drugbank.com/drugs/DB07807	(3r,4r,5r)-5-(hydroxymethyl)-1-(3-phenylpropyl)piperidine-3,4-diol
DrugBank_DB06168	DB06168	DrugBank	https://go.drugbank.com/drugs/DB06168	Canakinumab
DrugBank_DB00743	DB00743	DrugBank	https://go.drugbank.com/drugs/DB00743	Gadobenic Acid
DrugBank_DB06756	DB06756	DrugBank	https://go.drugbank.com/drugs/DB06756	Glycine Betaine
DrugBank_DB14014	DB14014	DrugBank	https://go.drugbank.com/drugs/DB14014	Sr-9011
DrugBank_DB05202	DB05202	DrugBank	https://go.drugbank.com/drugs/DB05202	Egaptivon Pegol
DrugBank_DB07670	DB07670	DrugBank	https://go.drugbank.com/drugs/DB07670	N,4-dimethyl-n-(1-phenyl-1h-pyrazol-5-yl)benzenesulfonamide
DrugBank_DB11003	DB11003	DrugBank	https://go.drugbank.com/drugs/DB11003	Anthrax Vaccine
DrugBank_DB02465	DB02465	DrugBank	https://go.drugbank.com/drugs/DB02465	Methoxy Arachidonyl Fluorophosphonate
DrugBank_DB09318	DB09318	DrugBank	https://go.drugbank.com/drugs/DB09318	Synthetic Conjugated Estrogens, B
DrugBank_DB06643	DB06643	DrugBank	https://go.drugbank.com/drugs/DB06643	Denosumab
DrugBank_DB00047	DB00047	DrugBank	https://go.drugbank.com/drugs/DB00047	Insulin Glargine
DrugBank_DB02651	DB02651	DrugBank	https://go.drugbank.com/drugs/DB02651	{[2-(1h-1,2,3-benzotriazol-1-yl)-2-(3,4-difluorophenyl)propane-1,3-diyl]bis[4,1-phenylene(difluoromethylene)]}bis(phosphonic Acid)
DrugBank_DB08361	DB08361	DrugBank	https://go.drugbank.com/drugs/DB08361	2-{[(1r,2s)-2-aminocyclohexyl]amino}-4-[(3-methylphenyl)amino]pyrimidine-5-carboxamide
DrugBank_DB06119	DB06119	DrugBank	https://go.drugbank.com/drugs/DB06119	Cenobamate
DrugBank_DB07457	DB07457	DrugBank	https://go.drugbank.com/drugs/DB07457	3-[1-(3-aminopropyl)-1h-indol-3-yl]-4-(1h-indol-3-yl)-1h-pyrrole-2,5-dione
DrugBank_DB13446	DB13446	DrugBank	https://go.drugbank.com/drugs/DB13446	Guar Gum
DrugBank_DB00986	DB00986	DrugBank	https://go.drugbank.com/drugs/DB00986	Glycopyrronium
DrugBank_DB02479	DB02479	DrugBank	https://go.drugbank.com/drugs/DB02479	(r)-n-(3-indol-1-yl-2-methyl-propyl)-4-sulfamoyl-benzamide
DrugBank_DB08235	DB08235	DrugBank	https://go.drugbank.com/drugs/DB08235	N-[2-(2-methyl-1h-indol-3-yl)ethyl]thiophene-2-carboxamide
DrugBank_DB09125	DB09125	DrugBank	https://go.drugbank.com/drugs/DB09125	Potassium Citrate
DrugBank_DB13705	DB13705	DrugBank	https://go.drugbank.com/drugs/DB13705	Decamethoxine
DrugBank_DB09008	DB09008	DrugBank	https://go.drugbank.com/drugs/DB09008	Cefaloridine
DrugBank_DB01116	DB01116	DrugBank	https://go.drugbank.com/drugs/DB01116	Trimethaphan
DrugBank_DB12222	DB12222	DrugBank	https://go.drugbank.com/drugs/DB12222	Lurtotecan
DrugBank_DB08888	DB08888	DrugBank	https://go.drugbank.com/drugs/DB08888	Ocriplasmin
DrugBank_DB09200	DB09200	DrugBank	https://go.drugbank.com/drugs/DB09200	Rivoglitazone
DrugBank_DB01065	DB01065	DrugBank	https://go.drugbank.com/drugs/DB01065	Melatonin
DrugBank_DB00551	DB00551	DrugBank	https://go.drugbank.com/drugs/DB00551	Acetohydroxamic Acid
DrugBank_DB01331	DB01331	DrugBank	https://go.drugbank.com/drugs/DB01331	Cefoxitin
DrugBank_DB12051	DB12051	DrugBank	https://go.drugbank.com/drugs/DB12051	Setrobuvir
DrugBank_DB01592	DB01592	DrugBank	https://go.drugbank.com/drugs/DB01592	Iron
DrugBank_DB11471	DB11471	DrugBank	https://go.drugbank.com/drugs/DB11471	Tilmicosin
DrugBank_DB04915	DB04915	DrugBank	https://go.drugbank.com/drugs/DB04915	Idronoxil
DrugBank_DB05407	DB05407	DrugBank	https://go.drugbank.com/drugs/DB05407	Tbc-3711
DrugBank_DB13099	DB13099	DrugBank	https://go.drugbank.com/drugs/DB13099	Valnoctamide
DrugBank_DB11464	DB11464	DrugBank	https://go.drugbank.com/drugs/DB11464	Sulfaquinoxaline
DrugBank_DB06240	DB06240	DrugBank	https://go.drugbank.com/drugs/DB06240	Tariquidar
DrugBank_DB05552	DB05552	DrugBank	https://go.drugbank.com/drugs/DB05552	Tg100-115
DrugBank_DB09026	DB09026	DrugBank	https://go.drugbank.com/drugs/DB09026	Aliskiren
DrugBank_DB08699	DB08699	DrugBank	https://go.drugbank.com/drugs/DB08699	1-tert-butyl-3-(3-methylbenzyl)-1h-pyrazolo[3,4-d]pyrimidin-4-amine
DrugBank_DB15627	DB15627	DrugBank	https://go.drugbank.com/drugs/DB15627	Dostarlimab
DrugBank_DB08222	DB08222	DrugBank	https://go.drugbank.com/drugs/DB08222	Methoxyundecylphosphinic Acid
DrugBank_DB02813	DB02813	DrugBank	https://go.drugbank.com/drugs/DB02813	2-acetamido-2-deoxy-d-glucono-1,5-lactone
DrugBank_DB07764	DB07764	DrugBank	https://go.drugbank.com/drugs/DB07764	Fluorescin
DrugBank_DB01598	DB01598	DrugBank	https://go.drugbank.com/drugs/DB01598	Imipenem
DrugBank_DB08916	DB08916	DrugBank	https://go.drugbank.com/drugs/DB08916	Afatinib
DrugBank_DB11632	DB11632	DrugBank	https://go.drugbank.com/drugs/DB11632	Opicapone
DrugBank_DB00959	DB00959	DrugBank	https://go.drugbank.com/drugs/DB00959	Methylprednisolone
DrugBank_DB00407	DB00407	DrugBank	https://go.drugbank.com/drugs/DB00407	Ardeparin
DrugBank_DB02731	DB02731	DrugBank	https://go.drugbank.com/drugs/DB02731	Ethylmercurithiosalicylic Acid
DrugBank_DB02989	DB02989	DrugBank	https://go.drugbank.com/drugs/DB02989	Cra_10972
DrugBank_DB11386	DB11386	DrugBank	https://go.drugbank.com/drugs/DB11386	Chlorobutanol
DrugBank_DB06370	DB06370	DrugBank	https://go.drugbank.com/drugs/DB06370	Indisulam
DrugBank_DB01863	DB01863	DrugBank	https://go.drugbank.com/drugs/DB01863	Inositol 1,3,4,5-tetrakisphosphate
DrugBank_DB02148	DB02148	DrugBank	https://go.drugbank.com/drugs/DB02148	3-amino-4-oxybenzyl-2-butanone
DrugBank_DB09532	DB09532	DrugBank	https://go.drugbank.com/drugs/DB09532	Secretin Human
DrugBank_DB13610	DB13610	DrugBank	https://go.drugbank.com/drugs/DB13610	Flumedroxone
DrugBank_DB12395	DB12395	DrugBank	https://go.drugbank.com/drugs/DB12395	Esreboxetine
DrugBank_DB11622	DB11622	DrugBank	https://go.drugbank.com/drugs/DB11622	Dehydrocholic Acid
DrugBank_DB11789	DB11789	DrugBank	https://go.drugbank.com/drugs/DB11789	Hyodeoxycholic Acid
DrugBank_DB08055	DB08055	DrugBank	https://go.drugbank.com/drugs/DB08055	N-(2-chlorophenyl)-5-phenylimidazo[1,5-a]pyrazin-8-amine
DrugBank_DB06549	DB06549	DrugBank	https://go.drugbank.com/drugs/DB06549	Labradimil
DrugBank_DB02763	DB02763	DrugBank	https://go.drugbank.com/drugs/DB02763	5-mercapto-2-nitro-benzoic Acid
DrugBank_DB09042	DB09042	DrugBank	https://go.drugbank.com/drugs/DB09042	Tedizolid Phosphate
DrugBank_DB08771	DB08771	DrugBank	https://go.drugbank.com/drugs/DB08771	(5r)-2-[(2-fluorophenyl)amino]-5-isopropyl-1,3-thiazol-4(5h)-one
DrugBank_DB03792	DB03792	DrugBank	https://go.drugbank.com/drugs/DB03792	5-aminouracil
DrugBank_DB07619	DB07619	DrugBank	https://go.drugbank.com/drugs/DB07619	N-cyclopropyl-n-(trans-4-pyridin-3-ylcyclohexyl)-4-[(1s)-2,2,2-trifluoro-1-hydroxy-1-methylethyl]benzamide
DrugBank_DB00085	DB00085	DrugBank	https://go.drugbank.com/drugs/DB00085	Pancrelipase
DrugBank_DB04469	DB04469	DrugBank	https://go.drugbank.com/drugs/DB04469	1-(4-methoxyphenyl)-3,5-dimethyl-1h-pyrazole-4-carboxylic Acid Ethyl Ester
DrugBank_DB01359	DB01359	DrugBank	https://go.drugbank.com/drugs/DB01359	Penbutolol
DrugBank_DB07119	DB07119	DrugBank	https://go.drugbank.com/drugs/DB07119	1-chloro-6-(4-hydroxyphenyl)-2-naphthol
DrugBank_DB09017	DB09017	DrugBank	https://go.drugbank.com/drugs/DB09017	Brotizolam
DrugBank_DB08997	DB08997	DrugBank	https://go.drugbank.com/drugs/DB08997	Dexetimide
DrugBank_DB05050	DB05050	DrugBank	https://go.drugbank.com/drugs/DB05050	Adl5859
DrugBank_DB00403	DB00403	DrugBank	https://go.drugbank.com/drugs/DB00403	Ceruletide
DrugBank_DB01595	DB01595	DrugBank	https://go.drugbank.com/drugs/DB01595	Nitrazepam
DrugBank_DB11791	DB11791	DrugBank	https://go.drugbank.com/drugs/DB11791	Capmatinib
DrugBank_DB01409	DB01409	DrugBank	https://go.drugbank.com/drugs/DB01409	Tiotropium
DrugBank_DB04583	DB04583	DrugBank	https://go.drugbank.com/drugs/DB04583	5-carbamoyl-1,1':4',1''-terphenyl-3-carboxylic Acid
DrugBank_DB05475	DB05475	DrugBank	https://go.drugbank.com/drugs/DB05475	Golotimod
DrugBank_DB14778	DB14778	DrugBank	https://go.drugbank.com/drugs/DB14778	Setrusumab
DrugBank_DB00928	DB00928	DrugBank	https://go.drugbank.com/drugs/DB00928	Azacitidine
DrugBank_DB14951	DB14951	DrugBank	https://go.drugbank.com/drugs/DB14951	Etirinotecan Pegol
DrugBank_DB00706	DB00706	DrugBank	https://go.drugbank.com/drugs/DB00706	Tamsulosin
DrugBank_DB00367	DB00367	DrugBank	https://go.drugbank.com/drugs/DB00367	Levonorgestrel
DrugBank_DB01275	DB01275	DrugBank	https://go.drugbank.com/drugs/DB01275	Hydralazine
DrugBank_DB03478	DB03478	DrugBank	https://go.drugbank.com/drugs/DB03478	2'-o-acetyl Adenosine-5-diphosphoribose
DrugBank_DB03106	DB03106	DrugBank	https://go.drugbank.com/drugs/DB03106	Scyllo-inositol
DrugBank_DB00176	DB00176	DrugBank	https://go.drugbank.com/drugs/DB00176	Fluvoxamine
DrugBank_DB01050	DB01050	DrugBank	https://go.drugbank.com/drugs/DB01050	Ibuprofen
DrugBank_DB12413	DB12413	DrugBank	https://go.drugbank.com/drugs/DB12413	Indusatumab Vedotin
DrugBank_DB12459	DB12459	DrugBank	https://go.drugbank.com/drugs/DB12459	Belotecan
DrugBank_DB04789	DB04789	DrugBank	https://go.drugbank.com/drugs/DB04789	5-methyltetrahydrofolic Acid
DrugBank_DB04790	DB04790	DrugBank	https://go.drugbank.com/drugs/DB04790	2,5-bis-o-{3-[amino(imino)methyl]phenyl}-1,4:3,6-dianhydro-d-glucitol
DrugBank_DB02967	DB02967	DrugBank	https://go.drugbank.com/drugs/DB02967	N-ethylmaleimide
DrugBank_DB03938	DB03938	DrugBank	https://go.drugbank.com/drugs/DB03938	Deacetoxycephalosporin C
DrugBank_DB04653	DB04653	DrugBank	https://go.drugbank.com/drugs/DB04653	N-[(benzyloxy)carbonyl]-l-leucyl-n-[(1s)-3-fluoro-1-(4-hydroxybenzyl)-2-oxopropyl]-l-leucinamide
DrugBank_DB08985	DB08985	DrugBank	https://go.drugbank.com/drugs/DB08985	Etilefrine
DrugBank_DB14217	DB14217	DrugBank	https://go.drugbank.com/drugs/DB14217	Quinaprilat
DrugBank_DB03664	DB03664	DrugBank	https://go.drugbank.com/drugs/DB03664	P1-(adenosine-5'-p5-(uridine-5')pentaphosphate
DrugBank_DB07830	DB07830	DrugBank	https://go.drugbank.com/drugs/DB07830	(4r,5r)-5-amino-1-[2-(1,3-benzodioxol-5-yl)ethyl]-4-(2,4,5-trifluorophenyl)piperidin-2-one
DrugBank_DB14027	DB14027	DrugBank	https://go.drugbank.com/drugs/DB14027	Taspoglutide
DrugBank_DB13430	DB13430	DrugBank	https://go.drugbank.com/drugs/DB13430	Mebutizide
DrugBank_DB02750	DB02750	DrugBank	https://go.drugbank.com/drugs/DB02750	S-(methylmercury)-l-cysteine
DrugBank_DB00760	DB00760	DrugBank	https://go.drugbank.com/drugs/DB00760	Meropenem
DrugBank_DB09262	DB09262	DrugBank	https://go.drugbank.com/drugs/DB09262	Imidafenacin
DrugBank_DB02180	DB02180	DrugBank	https://go.drugbank.com/drugs/DB02180	Myristoyl-coa
DrugBank_DB06451	DB06451	DrugBank	https://go.drugbank.com/drugs/DB06451	Aprinocarsen
DrugBank_DB07389	DB07389	DrugBank	https://go.drugbank.com/drugs/DB07389	N-[2-(6-amino-4-methylpyridin-2-yl)ethyl]-4-cyanobenzamide
DrugBank_DB03413	DB03413	DrugBank	https://go.drugbank.com/drugs/DB03413	Deoxyuridine-5'-diphosphate
DrugBank_DB12718	DB12718	DrugBank	https://go.drugbank.com/drugs/DB12718	Carlumab
DrugBank_DB05938	DB05938	DrugBank	https://go.drugbank.com/drugs/DB05938	Edonerpic
DrugBank_DB03348	DB03348	DrugBank	https://go.drugbank.com/drugs/DB03348	Huperzine B
DrugBank_DB13528	DB13528	DrugBank	https://go.drugbank.com/drugs/DB13528	Chlormadinone
DrugBank_DB04764	DB04764	DrugBank	https://go.drugbank.com/drugs/DB04764	[4-(3-aminomethyl-phenyl)-piperidin-1-yl]-(5-phenethyl- Pyridin-3-yl)-methanone
DrugBank_DB11121	DB11121	DrugBank	https://go.drugbank.com/drugs/DB11121	Chloroxylenol
DrugBank_DB04372	DB04372	DrugBank	https://go.drugbank.com/drugs/DB04372	L-dilinoleoyllecithin
DrugBank_DB05492	DB05492	DrugBank	https://go.drugbank.com/drugs/DB05492	Epicept Np-1
DrugBank_DB03701	DB03701	DrugBank	https://go.drugbank.com/drugs/DB03701	Vanoxerine
DrugBank_DB03220	DB03220	DrugBank	https://go.drugbank.com/drugs/DB03220	Fr-234938
DrugBank_DB00318	DB00318	DrugBank	https://go.drugbank.com/drugs/DB00318	Codeine
DrugBank_DB13434	DB13434	DrugBank	https://go.drugbank.com/drugs/DB13434	Fenticonazole
DrugBank_DB01159	DB01159	DrugBank	https://go.drugbank.com/drugs/DB01159	Halothane
DrugBank_DB01366	DB01366	DrugBank	https://go.drugbank.com/drugs/DB01366	Procaterol
DrugBank_DB07643	DB07643	DrugBank	https://go.drugbank.com/drugs/DB07643	5-{[1-(2,3-dichlorobenzyl)piperidin-4-yl]methoxy}quinazoline-2,4-diamine
DrugBank_DB14482	DB14482	DrugBank	https://go.drugbank.com/drugs/DB14482	Sodium Ascorbate
DrugBank_DB11255	DB11255	DrugBank	https://go.drugbank.com/drugs/DB11255	Chromium Picolinate
DrugBank_DB09084	DB09084	DrugBank	https://go.drugbank.com/drugs/DB09084	Benzydamine
DrugBank_DB01583	DB01583	DrugBank	https://go.drugbank.com/drugs/DB01583	Liotrix
DrugBank_DB07302	DB07302	DrugBank	https://go.drugbank.com/drugs/DB07302	9(s)-hode
DrugBank_DB03981	DB03981	DrugBank	https://go.drugbank.com/drugs/DB03981	1,4-dideoxy-5-dehydro-o2-sulfo-glucuronic Acid
DrugBank_DB03133	DB03133	DrugBank	https://go.drugbank.com/drugs/DB03133	2-(beta-d-glucopyranosyl)-5-methyl-1,2,3-benzimidazole
DrugBank_DB08949	DB08949	DrugBank	https://go.drugbank.com/drugs/DB08949	Inositol Nicotinate
DrugBank_DB01400	DB01400	DrugBank	https://go.drugbank.com/drugs/DB01400	Neostigmine
DrugBank_DB12579	DB12579	DrugBank	https://go.drugbank.com/drugs/DB12579	Jnj-37822681
DrugBank_DB06013	DB06013	DrugBank	https://go.drugbank.com/drugs/DB06013	Aldoxorubicin
DrugBank_DB12159	DB12159	DrugBank	https://go.drugbank.com/drugs/DB12159	Dupilumab
DrugBank_DB05096	DB05096	DrugBank	https://go.drugbank.com/drugs/DB05096	Ly2140023
DrugBank_DB11107	DB11107	DrugBank	https://go.drugbank.com/drugs/DB11107	Potassium Bitartrate
DrugBank_DB01431	DB01431	DrugBank	https://go.drugbank.com/drugs/DB01431	Allylestrenol
DrugBank_DB08325	DB08325	DrugBank	https://go.drugbank.com/drugs/DB08325	2-({6-[(3-chlorophenyl)amino]-9-isopropyl-9h-purin-2-yl}amino)ethanol
DrugBank_DB03223	DB03223	DrugBank	https://go.drugbank.com/drugs/DB03223	Diphthamide
DrugBank_DB03491	DB03491	DrugBank	https://go.drugbank.com/drugs/DB03491	2'-deoxyguanosine-5'-diphosphate
DrugBank_DB02047	DB02047	DrugBank	https://go.drugbank.com/drugs/DB02047	(+)-2-(4-biphenyl)propionic Acid
DrugBank_DB07311	DB07311	DrugBank	https://go.drugbank.com/drugs/DB07311	18-chloro-11,12,13,14-tetrahydro-1h,10h-8,4-(azeno)-9,15,1,3,6-benzodioxatriazacycloheptadecin-2-one
DrugBank_DB06354	DB06354	DrugBank	https://go.drugbank.com/drugs/DB06354	Tezampanel
DrugBank_DB03531	DB03531	DrugBank	https://go.drugbank.com/drugs/DB03531	Flavin-adenine Dinucleotide-n5-isobutyl Ketone
DrugBank_DB12769	DB12769	DrugBank	https://go.drugbank.com/drugs/DB12769	Lometrexol
DrugBank_DB07221	DB07221	DrugBank	https://go.drugbank.com/drugs/DB07221	(2,2-diphosphonoethyl)(dodecyl)dimethylphosphonium
DrugBank_DB00795	DB00795	DrugBank	https://go.drugbank.com/drugs/DB00795	Sulfasalazine
DrugBank_DB06477	DB06477	DrugBank	https://go.drugbank.com/drugs/DB06477	Sumanirole
DrugBank_DB12523	DB12523	DrugBank	https://go.drugbank.com/drugs/DB12523	Mizolastine
DrugBank_DB02628	DB02628	DrugBank	https://go.drugbank.com/drugs/DB02628	1-[3,3-dimethyl-2-(2-methylamino-propionylamino)-butyryl]-pyrrolidine-2-carboxylic Acid(1,2,3,4-tetrahydro-naphthalen-1-yl)-amide
DrugBank_DB00479	DB00479	DrugBank	https://go.drugbank.com/drugs/DB00479	Amikacin
DrugBank_DB06215	DB06215	DrugBank	https://go.drugbank.com/drugs/DB06215	Ferumoxytol
DrugBank_DB13213	DB13213	DrugBank	https://go.drugbank.com/drugs/DB13213	Butaperazine
DrugBank_DB02197	DB02197	DrugBank	https://go.drugbank.com/drugs/DB02197	4-[(4-imidazo[1,2-a]pyridin-3-ylpyrimidin-2-yl)amino]benzenesulfonamide
DrugBank_DB09035	DB09035	DrugBank	https://go.drugbank.com/drugs/DB09035	Nivolumab
DrugBank_DB08037	DB08037	DrugBank	https://go.drugbank.com/drugs/DB08037	Mk-0731
DrugBank_DB01973	DB01973	DrugBank	https://go.drugbank.com/drugs/DB01973	O-benzylsulfonyl-serine
DrugBank_DB03645	DB03645	DrugBank	https://go.drugbank.com/drugs/DB03645	Phosphonoacetohydroxamic Acid
DrugBank_DB06907	DB06907	DrugBank	https://go.drugbank.com/drugs/DB06907	2-(2,6-dichlorophenyl)-1,3-benzoxazole-6-carboxylic Acid
DrugBank_DB06210	DB06210	DrugBank	https://go.drugbank.com/drugs/DB06210	Eltrombopag
DrugBank_DB08707	DB08707	DrugBank	https://go.drugbank.com/drugs/DB08707	4-[3-(4-chlorophenyl)-2,1-benzisoxazol-5-yl]pyrimidin-2-amine
DrugBank_DB00919	DB00919	DrugBank	https://go.drugbank.com/drugs/DB00919	Spectinomycin
DrugBank_DB01119	DB01119	DrugBank	https://go.drugbank.com/drugs/DB01119	Diazoxide
DrugBank_DB01112	DB01112	DrugBank	https://go.drugbank.com/drugs/DB01112	Cefuroxime
DrugBank_DB09340	DB09340	DrugBank	https://go.drugbank.com/drugs/DB09340	Tyropanoic Acid
DrugBank_DB09156	DB09156	DrugBank	https://go.drugbank.com/drugs/DB09156	Iopromide
DrugBank_DB13958	DB13958	DrugBank	https://go.drugbank.com/drugs/DB13958	Trestolone Acetate
DrugBank_DB13347	DB13347	DrugBank	https://go.drugbank.com/drugs/DB13347	Diphenadione
DrugBank_DB09286	DB09286	DrugBank	https://go.drugbank.com/drugs/DB09286	Pipamperone
DrugBank_DB06659	DB06659	DrugBank	https://go.drugbank.com/drugs/DB06659	Rostaporfin
DrugBank_DB03781	DB03781	DrugBank	https://go.drugbank.com/drugs/DB03781	2-[4-(2,4-dichlorophenoxy)phenoxy]propanoic Acid
DrugBank_DB02527	DB02527	DrugBank	https://go.drugbank.com/drugs/DB02527	Cyclic Adenosine Monophosphate
DrugBank_DB07050	DB07050	DrugBank	https://go.drugbank.com/drugs/DB07050	5-[(phenylsulfonyl)amino]-1,3,4-thiadiazole-2-sulfonamide
DrugBank_DB01212	DB01212	DrugBank	https://go.drugbank.com/drugs/DB01212	Ceftriaxone
DrugBank_DB01169	DB01169	DrugBank	https://go.drugbank.com/drugs/DB01169	Arsenic Trioxide
DrugBank_DB00617	DB00617	DrugBank	https://go.drugbank.com/drugs/DB00617	Paramethadione
DrugBank_DB08872	DB08872	DrugBank	https://go.drugbank.com/drugs/DB08872	Gabapentin Enacarbil
DrugBank_DB01167	DB01167	DrugBank	https://go.drugbank.com/drugs/DB01167	Itraconazole
DrugBank_DB03650	DB03650	DrugBank	https://go.drugbank.com/drugs/DB03650	(3e)-3-[(4-hydroxyphenyl)imino]-1h-indol-2(3h)-one
DrugBank_DB02427	DB02427	DrugBank	https://go.drugbank.com/drugs/DB02427	2,4-diamino-6-[n-(2',5'-dimethoxybenzyl)-n-methylamino]quinazoline
DrugBank_DB04556	DB04556	DrugBank	https://go.drugbank.com/drugs/DB04556	Nap-226-90
DrugBank_DB02362	DB02362	DrugBank	https://go.drugbank.com/drugs/DB02362	Aminobenzoic Acid
DrugBank_DB04825	DB04825	DrugBank	https://go.drugbank.com/drugs/DB04825	Prenylamine
DrugBank_DB13874	DB13874	DrugBank	https://go.drugbank.com/drugs/DB13874	Enasidenib
DrugBank_DB00452	DB00452	DrugBank	https://go.drugbank.com/drugs/DB00452	Framycetin
DrugBank_DB07448	DB07448	DrugBank	https://go.drugbank.com/drugs/DB07448	(2s)-3-[(r)-[(1s)-1-amino-3-phenylpropyl](hydroxy)phosphoryl]-2-benzylpropanoic Acid
DrugBank_DB06885	DB06885	DrugBank	https://go.drugbank.com/drugs/DB06885	3-[({(1e)-[2-(trifluoromethyl)phenyl]methylidene}amino)oxy]propanoic Acid
DrugBank_DB06753	DB06753	DrugBank	https://go.drugbank.com/drugs/DB06753	Triclofos
DrugBank_DB00579	DB00579	DrugBank	https://go.drugbank.com/drugs/DB00579	Mazindol
DrugBank_DB08411	DB08411	DrugBank	https://go.drugbank.com/drugs/DB08411	N-[4-(4-nitrophenylphospho)butanoyl]-l-alanine
DrugBank_DB01836	DB01836	DrugBank	https://go.drugbank.com/drugs/DB01836	[4-(6-chloro-naphthalene-2-sulfonyl)-piperazin-1-yl]-(3,4,5,6-tetrahydro-2h-[1,4']bipyridinyl-4-yl)-methanone
DrugBank_DB08057	DB08057	DrugBank	https://go.drugbank.com/drugs/DB08057	N-(2-chloro-6-methylphenyl)-8-[(3s)-3-methylpiperazin-1-yl]imidazo[1,5-a]quinoxalin-4-amine
DrugBank_DB03028	DB03028	DrugBank	https://go.drugbank.com/drugs/DB03028	1h-benoximidazole-2-carboxylic Acid
DrugBank_DB06989	DB06989	DrugBank	https://go.drugbank.com/drugs/DB06989	{4-[2-benzyl-3-methoxy-2-(methoxycarbonyl)-3-oxopropyl]phenyl}sulfamic Acid
DrugBank_DB12939	DB12939	DrugBank	https://go.drugbank.com/drugs/DB12939	Nikkomycin Z
DrugBank_DB04281	DB04281	DrugBank	https://go.drugbank.com/drugs/DB04281	2-[4-(4-chlorophenyl)cyclohexylidene]-3,4-dihydroxy-1(2h)-naphthalenone
DrugBank_DB12194	DB12194	DrugBank	https://go.drugbank.com/drugs/DB12194	Atamestane
DrugBank_DB01761	DB01761	DrugBank	https://go.drugbank.com/drugs/DB01761	4-[5-[2-(1-phenyl-ethylamino)-pyrimidin-4-yl]-1-methyl-4-(3-trifluoromethylphenyl)-1h-imidazol-2-yl]-piperidine
DrugBank_DB11275	DB11275	DrugBank	https://go.drugbank.com/drugs/DB11275	Epicriptine
DrugBank_DB15277	DB15277	DrugBank	https://go.drugbank.com/drugs/DB15277	Gedivumab
DrugBank_DB06652	DB06652	DrugBank	https://go.drugbank.com/drugs/DB06652	Vicriviroc
DrugBank_DB01225	DB01225	DrugBank	https://go.drugbank.com/drugs/DB01225	Enoxaparin
DrugBank_DB05258	DB05258	DrugBank	https://go.drugbank.com/drugs/DB05258	Interferon Alfa
DrugBank_DB01664	DB01664	DrugBank	https://go.drugbank.com/drugs/DB01664	(s)-des-me-ampa
DrugBank_DB01643	DB01643	DrugBank	https://go.drugbank.com/drugs/DB01643	Thymidine Monophosphate
DrugBank_DB04070	DB04070	DrugBank	https://go.drugbank.com/drugs/DB04070	6-deoxyerythronolide B
DrugBank_DB02884	DB02884	DrugBank	https://go.drugbank.com/drugs/DB02884	3-cyclohexyl-l-alanine
DrugBank_DB08387	DB08387	DrugBank	https://go.drugbank.com/drugs/DB08387	Mardepodect
DrugBank_DB09310	DB09310	DrugBank	https://go.drugbank.com/drugs/DB09310	Catridecacog
DrugBank_DB07039	DB07039	DrugBank	https://go.drugbank.com/drugs/DB07039	(2s)-n-(4-cyano-3-iodophenyl)-3-(4-cyanophenoxy)-2-hydroxy-2-methylpropanamide
DrugBank_DB06953	DB06953	DrugBank	https://go.drugbank.com/drugs/DB06953	2-chloro-5-(3-chloro-phenyl)-6-[(4-cyano-phenyl)-(3-methyl-3h-imidazol-4-yl)- Methoxymethyl]-nicotinonitrile
DrugBank_DB09060	DB09060	DrugBank	https://go.drugbank.com/drugs/DB09060	Avibactam
DrugBank_DB11571	DB11571	DrugBank	https://go.drugbank.com/drugs/DB11571	Human Thrombin
DrugBank_DB05136	DB05136	DrugBank	https://go.drugbank.com/drugs/DB05136	Bavituximab
DrugBank_DB09271	DB09271	DrugBank	https://go.drugbank.com/drugs/DB09271	Cimetropium
DrugBank_DB07173	DB07173	DrugBank	https://go.drugbank.com/drugs/DB07173	7-(5-deoxy-beta-d-ribofuranosyl)-5-iodo-7h-pyrrolo[2,3-d]pyrimidin-4-amine
DrugBank_DB12615	DB12615	DrugBank	https://go.drugbank.com/drugs/DB12615	Plazomicin
DrugBank_DB02938	DB02938	DrugBank	https://go.drugbank.com/drugs/DB02938	Heptanoic Acid
DrugBank_DB11541	DB11541	DrugBank	https://go.drugbank.com/drugs/DB11541	Ractopamine
DrugBank_DB13606	DB13606	DrugBank	https://go.drugbank.com/drugs/DB13606	Phenazocine
DrugBank_DB07700	DB07700	DrugBank	https://go.drugbank.com/drugs/DB07700	3-carboxamido-1,3,5(10)-estratrien-17(r)-spiro-2'(5',5'-dimethyl-6'oxo)tetrahydropyran
DrugBank_DB07081	DB07081	DrugBank	https://go.drugbank.com/drugs/DB07081	(2r)-4-[(8r)-8-methyl-2-(trifluoromethyl)-5,6-dihydro[1,2,4]triazolo[1,5-a]pyrazin-7(8h)-yl]-4-oxo-1-(2,4,5-trifluorophenyl)butan-2-amine
DrugBank_DB01201	DB01201	DrugBank	https://go.drugbank.com/drugs/DB01201	Rifapentine
DrugBank_DB00321	DB00321	DrugBank	https://go.drugbank.com/drugs/DB00321	Amitriptyline
DrugBank_DB05016	DB05016	DrugBank	https://go.drugbank.com/drugs/DB05016	Ataluren
DrugBank_DB00537	DB00537	DrugBank	https://go.drugbank.com/drugs/DB00537	Ciprofloxacin
DrugBank_DB13255	DB13255	DrugBank	https://go.drugbank.com/drugs/DB13255	Propatyl Nitrate
DrugBank_DB05449	DB05449	DrugBank	https://go.drugbank.com/drugs/DB05449	Fm-vp4
DrugBank_DB07247	DB07247	DrugBank	https://go.drugbank.com/drugs/DB07247	[2'-hydroxy-3'-(1h-pyrrolo[3,2-c]pyridin-2-yl)-biphenyl-3-ylmethyl]-urea
DrugBank_DB10394	DB10394	DrugBank	https://go.drugbank.com/drugs/DB10394	Phleum Pratense Pollen
DrugBank_DB11543	DB11543	DrugBank	https://go.drugbank.com/drugs/DB11543	Romifidine
DrugBank_DB07668	DB07668	DrugBank	https://go.drugbank.com/drugs/DB07668	3-(4-diethylamino-2-hydroxy-phenyl)-2-methyl-propionic Acid
DrugBank_DB13077	DB13077	DrugBank	https://go.drugbank.com/drugs/DB13077	Lcb01-0371
DrugBank_DB11639	DB11639	DrugBank	https://go.drugbank.com/drugs/DB11639	Dibotermin Alfa
DrugBank_DB03889	DB03889	DrugBank	https://go.drugbank.com/drugs/DB03889	S-(n-hydroxy-n-bromophenylcarbamoyl)glutathione
DrugBank_DB05332	DB05332	DrugBank	https://go.drugbank.com/drugs/DB05332	Romiplostim
DrugBank_DB15444	DB15444	DrugBank	https://go.drugbank.com/drugs/DB15444	Elexacaftor
DrugBank_DB13409	DB13409	DrugBank	https://go.drugbank.com/drugs/DB13409	Rokitamycin
DrugBank_DB07092	DB07092	DrugBank	https://go.drugbank.com/drugs/DB07092	(2s,3s)-3-amino-4-(3,3-difluoropyrrolidin-1-yl)-n,n-dimethyl-4-oxo-2-(trans-4-[1,2,4]triazolo[1,5-a]pyridin-6-ylcyclohexyl)butanamide
DrugBank_DB02958	DB02958	DrugBank	https://go.drugbank.com/drugs/DB02958	Selenomethionine Selenoxide
DrugBank_DB02090	DB02090	DrugBank	https://go.drugbank.com/drugs/DB02090	A Disubstituted Succinyl Caprolactam Hydroxymate Mmp3inhibitor
DrugBank_DB06472	DB06472	DrugBank	https://go.drugbank.com/drugs/DB06472	Fradafiban
DrugBank_DB02419	DB02419	DrugBank	https://go.drugbank.com/drugs/DB02419	Ethyl Oxo(piperidin-1-yl)acetate
DrugBank_DB04843	DB04843	DrugBank	https://go.drugbank.com/drugs/DB04843	Mepenzolate
DrugBank_DB04573	DB04573	DrugBank	https://go.drugbank.com/drugs/DB04573	Estriol
DrugBank_DB08868	DB08868	DrugBank	https://go.drugbank.com/drugs/DB08868	Fingolimod
DrugBank_DB04544	DB04544	DrugBank	https://go.drugbank.com/drugs/DB04544	1-deoxy-1-acetylamino-beta-d-gluco-2-heptulopyranosonamide
DrugBank_DB12799	DB12799	DrugBank	https://go.drugbank.com/drugs/DB12799	Laniquidar
DrugBank_DB08984	DB08984	DrugBank	https://go.drugbank.com/drugs/DB08984	Etofenamate
DrugBank_DB00827	DB00827	DrugBank	https://go.drugbank.com/drugs/DB00827	Cinoxacin
DrugBank_DB11074	DB11074	DrugBank	https://go.drugbank.com/drugs/DB11074	Dimethicone
DrugBank_DB09123	DB09123	DrugBank	https://go.drugbank.com/drugs/DB09123	Dienogest
DrugBank_DB03382	DB03382	DrugBank	https://go.drugbank.com/drugs/DB03382	S-oxy-l-cysteine
DrugBank_DB08441	DB08441	DrugBank	https://go.drugbank.com/drugs/DB08441	6-bromo-13-thia-2,4,8,12,19-pentaazatricyclo[12.3.1.1~3,7~]nonadeca-1(18),3(19),4,6,14,16-hexaene 13,13-dioxide
DrugBank_DB14003	DB14003	DrugBank	https://go.drugbank.com/drugs/DB14003	Alpha-tocopherol Acetate
DrugBank_DB00547	DB00547	DrugBank	https://go.drugbank.com/drugs/DB00547	Desoximetasone
DrugBank_DB00354	DB00354	DrugBank	https://go.drugbank.com/drugs/DB00354	Buclizine
DrugBank_DB01746	DB01746	DrugBank	https://go.drugbank.com/drugs/DB01746	D-leucine
DrugBank_DB06678	DB06678	DrugBank	https://go.drugbank.com/drugs/DB06678	Esmirtazapine
DrugBank_DB00330	DB00330	DrugBank	https://go.drugbank.com/drugs/DB00330	Ethambutol
DrugBank_DB03104	DB03104	DrugBank	https://go.drugbank.com/drugs/DB03104	2-[4-[(z)-2-acetamido-3-oxo-3-[[(3s)-2-oxo-1-[(4-phenylphenyl)methyl]azepan-3-yl]amino]prop-1-enyl]-2-formylphenyl]acetic Acid
DrugBank_DB11826	DB11826	DrugBank	https://go.drugbank.com/drugs/DB11826	Lampalizumab
DrugBank_DB14646	DB14646	DrugBank	https://go.drugbank.com/drugs/DB14646	Prednisone Acetate
DrugBank_DB07029	DB07029	DrugBank	https://go.drugbank.com/drugs/DB07029	4-(1,3-benzodioxol-5-yloxy)-2-[4-(1h-imidazol-1-yl)phenoxy]-6-methylpyrimidine
DrugBank_DB01242	DB01242	DrugBank	https://go.drugbank.com/drugs/DB01242	Clomipramine
DrugBank_DB09020	DB09020	DrugBank	https://go.drugbank.com/drugs/DB09020	Bisacodyl
DrugBank_DB01037	DB01037	DrugBank	https://go.drugbank.com/drugs/DB01037	Selegiline
DrugBank_DB13170	DB13170	DrugBank	https://go.drugbank.com/drugs/DB13170	Plecanatide
DrugBank_DB11744	DB11744	DrugBank	https://go.drugbank.com/drugs/DB11744	Epetraborole
DrugBank_DB08098	DB08098	DrugBank	https://go.drugbank.com/drugs/DB08098	{[5-(5-nitro-2-furyl)-1,3,4-oxadiazol-2-yl]thio}acetic Acid
DrugBank_DB13406	DB13406	DrugBank	https://go.drugbank.com/drugs/DB13406	Carbutamide
DrugBank_DB04920	DB04920	DrugBank	https://go.drugbank.com/drugs/DB04920	Clevidipine
DrugBank_DB13926	DB13926	DrugBank	https://go.drugbank.com/drugs/DB13926	Cenegermin
DrugBank_DB00955	DB00955	DrugBank	https://go.drugbank.com/drugs/DB00955	Netilmicin
DrugBank_DB04858	DB04858	DrugBank	https://go.drugbank.com/drugs/DB04858	Tirapazamine
DrugBank_DB01272	DB01272	DrugBank	https://go.drugbank.com/drugs/DB01272	Alglucosidase Alfa
DrugBank_DB08299	DB08299	DrugBank	https://go.drugbank.com/drugs/DB08299	4-[8-(3-nitrophenyl)-1,7-naphthyridin-6-yl]benzoic Acid
DrugBank_DB04853	DB04853	DrugBank	https://go.drugbank.com/drugs/DB04853	Binodenoson
DrugBank_DB07842	DB07842	DrugBank	https://go.drugbank.com/drugs/DB07842	(2s)-2-(4-ethylphenoxy)-3-phenylpropanoic Acid
DrugBank_DB00257	DB00257	DrugBank	https://go.drugbank.com/drugs/DB00257	Clotrimazole
DrugBank_DB09083	DB09083	DrugBank	https://go.drugbank.com/drugs/DB09083	Ivabradine
DrugBank_DB11323	DB11323	DrugBank	https://go.drugbank.com/drugs/DB11323	Glycol Salicylate
DrugBank_DB06144	DB06144	DrugBank	https://go.drugbank.com/drugs/DB06144	Sertindole
DrugBank_DB00705	DB00705	DrugBank	https://go.drugbank.com/drugs/DB00705	Delavirdine
DrugBank_DB12532	DB12532	DrugBank	https://go.drugbank.com/drugs/DB12532	Oxetacaine
DrugBank_DB06408	DB06408	DrugBank	https://go.drugbank.com/drugs/DB06408	Taribavirin
DrugBank_DB12015	DB12015	DrugBank	https://go.drugbank.com/drugs/DB12015	Alpelisib
DrugBank_DB04998	DB04998	DrugBank	https://go.drugbank.com/drugs/DB04998	Agro100
DrugBank_DB09167	DB09167	DrugBank	https://go.drugbank.com/drugs/DB09167	Dosulepin
DrugBank_DB00956	DB00956	DrugBank	https://go.drugbank.com/drugs/DB00956	Hydrocodone
DrugBank_DB13402	DB13402	DrugBank	https://go.drugbank.com/drugs/DB13402	Acetylglycinamide Chloral Hydrate
DrugBank_DB01200	DB01200	DrugBank	https://go.drugbank.com/drugs/DB01200	Bromocriptine
DrugBank_DB00657	DB00657	DrugBank	https://go.drugbank.com/drugs/DB00657	Mecamylamine
DrugBank_DB01264	DB01264	DrugBank	https://go.drugbank.com/drugs/DB01264	Darunavir
DrugBank_DB02908	DB02908	DrugBank	https://go.drugbank.com/drugs/DB02908	Ru78783
DrugBank_DB03092	DB03092	DrugBank	https://go.drugbank.com/drugs/DB03092	5-hydroxymethyl-chonduritol
DrugBank_DB12912	DB12912	DrugBank	https://go.drugbank.com/drugs/DB12912	Nolatrexed
DrugBank_DB01353	DB01353	DrugBank	https://go.drugbank.com/drugs/DB01353	Butobarbital
DrugBank_DB08946	DB08946	DrugBank	https://go.drugbank.com/drugs/DB08946	Iopanoic Acid
DrugBank_DB02001	DB02001	DrugBank	https://go.drugbank.com/drugs/DB02001	5-(4-morpholin-4-yl-phenylsulfanyl)-2,4-quinazolinediamine
DrugBank_DB00778	DB00778	DrugBank	https://go.drugbank.com/drugs/DB00778	Roxithromycin
DrugBank_DB00048	DB00048	DrugBank	https://go.drugbank.com/drugs/DB00048	Collagenase Clostridium Histolyticum
DrugBank_DB01438	DB01438	DrugBank	https://go.drugbank.com/drugs/DB01438	Phenazopyridine
DrugBank_DB00134	DB00134	DrugBank	https://go.drugbank.com/drugs/DB00134	Methionine
DrugBank_DB06305	DB06305	DrugBank	https://go.drugbank.com/drugs/DB06305	Sonepcizumab
DrugBank_DB07054	DB07054	DrugBank	https://go.drugbank.com/drugs/DB07054	(2r)-1-(dimethylamino)-3-{4-[(6-{[2-fluoro-5-(trifluoromethyl)phenyl]amino}pyrimidin-4-yl)amino]phenoxy}propan-2-ol
DrugBank_DB06552	DB06552	DrugBank	https://go.drugbank.com/drugs/DB06552	Rnapc2
DrugBank_DB13934	DB13934	DrugBank	https://go.drugbank.com/drugs/DB13934	Ligandrol
DrugBank_DB07292	DB07292	DrugBank	https://go.drugbank.com/drugs/DB07292	4-(2-amino-1,3-thiazol-4-yl)phenol
DrugBank_DB08783	DB08783	DrugBank	https://go.drugbank.com/drugs/DB08783	(4-{(2s)-2-[(tert-butoxycarbonyl)amino]-3-methoxy-3-oxopropyl}phenyl)methaneseleninic Acid
DrugBank_DB00052	DB00052	DrugBank	https://go.drugbank.com/drugs/DB00052	Somatotropin
DrugBank_DB14035	DB14035	DrugBank	https://go.drugbank.com/drugs/DB14035	Englitazone
DrugBank_DB02490	DB02490	DrugBank	https://go.drugbank.com/drugs/DB02490	(diaminomethyl-methyl-amino)-acetic Acid
DrugBank_DB01955	DB01955	DrugBank	https://go.drugbank.com/drugs/DB01955	1,4-butanediol
DrugBank_DB07618	DB07618	DrugBank	https://go.drugbank.com/drugs/DB07618	2-(4-(aminomethyl)piperidin-1-yl)-n-(3_cyclohexyl-4-oxo-2,4-dihydroindeno[1,2-c]pyrazol-5-yl)acetamide
DrugBank_DB09149	DB09149	DrugBank	https://go.drugbank.com/drugs/DB09149	Florbetapir (18f)
DrugBank_DB02095	DB02095	DrugBank	https://go.drugbank.com/drugs/DB02095	Isatin
DrugBank_DB01960	DB01960	DrugBank	https://go.drugbank.com/drugs/DB01960	7-methyl-7,8-dihydroguanosine-5'-diphosphate
DrugBank_DB00302	DB00302	DrugBank	https://go.drugbank.com/drugs/DB00302	Tranexamic Acid
DrugBank_DB05217	DB05217	DrugBank	https://go.drugbank.com/drugs/DB05217	Gmx1777
DrugBank_DB06728	DB06728	DrugBank	https://go.drugbank.com/drugs/DB06728	Aniline
DrugBank_DB05214	DB05214	DrugBank	https://go.drugbank.com/drugs/DB05214	Kd7040
DrugBank_DB13143	DB13143	DrugBank	https://go.drugbank.com/drugs/DB13143	Methallenestril
DrugBank_DB13432	DB13432	DrugBank	https://go.drugbank.com/drugs/DB13432	Lonazolac
DrugBank_DB07469	DB07469	DrugBank	https://go.drugbank.com/drugs/DB07469	(3as)-3a-hydroxy-7-methyl-1-phenyl-1,2,3,3a-tetrahydro-4h-pyrrolo[2,3-b]quinolin-4-one
DrugBank_DB00291	DB00291	DrugBank	https://go.drugbank.com/drugs/DB00291	Chlorambucil
DrugBank_DB03206	DB03206	DrugBank	https://go.drugbank.com/drugs/DB03206	Duvoglustat
DrugBank_DB08402	DB08402	DrugBank	https://go.drugbank.com/drugs/DB08402	2-[(2,4-dichlorobenzoyl)amino]-5-(pyrimidin-2-yloxy)benzoic Acid
DrugBank_DB01772	DB01772	DrugBank	https://go.drugbank.com/drugs/DB01772	3-[3-(2,3-dihydroxy-propylamino)-phenyl]-4-(5-fluoro-1-methyl-1h-indol-3-yl)-pyrrole-2,5-dione
DrugBank_DB00790	DB00790	DrugBank	https://go.drugbank.com/drugs/DB00790	Perindopril
DrugBank_DB04448	DB04448	DrugBank	https://go.drugbank.com/drugs/DB04448	2,4-difluorobenzyl Alcohol 2,4-difluoro-1-(hydroxymethyl)benzene
DrugBank_DB14845	DB14845	DrugBank	https://go.drugbank.com/drugs/DB14845	Filgotinib
DrugBank_DB15488	DB15488	DrugBank	https://go.drugbank.com/drugs/DB15488	Echinacoside
DrugBank_DB10532	DB10532	DrugBank	https://go.drugbank.com/drugs/DB10532	Garlic
DrugBank_DB11397	DB11397	DrugBank	https://go.drugbank.com/drugs/DB11397	Dichlorvos
DrugBank_DB11831	DB11831	DrugBank	https://go.drugbank.com/drugs/DB11831	Dinitrochlorobenzene
DrugBank_DB05099	DB05099	DrugBank	https://go.drugbank.com/drugs/DB05099	Ancrod
DrugBank_DB06692	DB06692	DrugBank	https://go.drugbank.com/drugs/DB06692	Aprotinin
DrugBank_DB04785	DB04785	DrugBank	https://go.drugbank.com/drugs/DB04785	Streptolydigin
DrugBank_DB01625	DB01625	DrugBank	https://go.drugbank.com/drugs/DB01625	Isopropamide
DrugBank_DB02401	DB02401	DrugBank	https://go.drugbank.com/drugs/DB02401	4-hydroxy-1,2,5-oxadiazole-3-carboxylic Acid
DrugBank_DB00804	DB00804	DrugBank	https://go.drugbank.com/drugs/DB00804	Dicyclomine
DrugBank_DB01571	DB01571	DrugBank	https://go.drugbank.com/drugs/DB01571	3-methylfentanyl
DrugBank_DB04622	DB04622	DrugBank	https://go.drugbank.com/drugs/DB04622	N-acetylhistamine
DrugBank_DB01357	DB01357	DrugBank	https://go.drugbank.com/drugs/DB01357	Mestranol
DrugBank_DB03338	DB03338	DrugBank	https://go.drugbank.com/drugs/DB03338	Heptyl Glucoside
DrugBank_DB00253	DB00253	DrugBank	https://go.drugbank.com/drugs/DB00253	Medrysone
DrugBank_DB02936	DB02936	DrugBank	https://go.drugbank.com/drugs/DB02936	4-(1-benzyl-3-carbamoylmethyl-2-methyl-1h-indol-5-yloxy)-butyric Acid
DrugBank_DB08612	DB08612	DrugBank	https://go.drugbank.com/drugs/DB08612	1,1,1-trifluoro-3-(octylthio)acetone
DrugBank_DB12036	DB12036	DrugBank	https://go.drugbank.com/drugs/DB12036	Naquotinib
DrugBank_DB00886	DB00886	DrugBank	https://go.drugbank.com/drugs/DB00886	Omapatrilat
DrugBank_DB03856	DB03856	DrugBank	https://go.drugbank.com/drugs/DB03856	L-eflornithine
DrugBank_DB07662	DB07662	DrugBank	https://go.drugbank.com/drugs/DB07662	Pd-168393
DrugBank_DB12104	DB12104	DrugBank	https://go.drugbank.com/drugs/DB12104	Tarextumab
DrugBank_DB09348	DB09348	DrugBank	https://go.drugbank.com/drugs/DB09348	Propiolactone
DrugBank_DB00163	DB00163	DrugBank	https://go.drugbank.com/drugs/DB00163	Vitamin E
DrugBank_DB06420	DB06420	DrugBank	https://go.drugbank.com/drugs/DB06420	Annamycin
DrugBank_DB06205	DB06205	DrugBank	https://go.drugbank.com/drugs/DB06205	Hyaluronidase (human Recombinant)
DrugBank_DB01260	DB01260	DrugBank	https://go.drugbank.com/drugs/DB01260	Desonide
DrugBank_DB12775	DB12775	DrugBank	https://go.drugbank.com/drugs/DB12775	Abituzumab
DrugBank_DB03754	DB03754	DrugBank	https://go.drugbank.com/drugs/DB03754	Tromethamine
DrugBank_DB13489	DB13489	DrugBank	https://go.drugbank.com/drugs/DB13489	Bamipine
DrugBank_DB00815	DB00815	DrugBank	https://go.drugbank.com/drugs/DB00815	Sodium Lauryl Sulfate
DrugBank_DB06209	DB06209	DrugBank	https://go.drugbank.com/drugs/DB06209	Prasugrel
DrugBank_DB14723	DB14723	DrugBank	https://go.drugbank.com/drugs/DB14723	Larotrectinib
DrugBank_DB15172	DB15172	DrugBank	https://go.drugbank.com/drugs/DB15172	Suvratoxumab
DrugBank_DB13841	DB13841	DrugBank	https://go.drugbank.com/drugs/DB13841	Clopenthixol
DrugBank_DB00445	DB00445	DrugBank	https://go.drugbank.com/drugs/DB00445	Epirubicin
DrugBank_DB06853	DB06853	DrugBank	https://go.drugbank.com/drugs/DB06853	N-cycloheptylglycyl-n-(4-carbamimidoylbenzyl)-l-prolinamide
DrugBank_DB13155	DB13155	DrugBank	https://go.drugbank.com/drugs/DB13155	Esculin
DrugBank_DB01236	DB01236	DrugBank	https://go.drugbank.com/drugs/DB01236	Sevoflurane
DrugBank_DB04392	DB04392	DrugBank	https://go.drugbank.com/drugs/DB04392	Bishydroxy[2h-1-benzopyran-2-one,1,2-benzopyrone]
DrugBank_DB08147	DB08147	DrugBank	https://go.drugbank.com/drugs/DB08147	4-[3-(dibenzylamino)phenyl]-2,4-dioxobutanoic Acid
DrugBank_DB03337	DB03337	DrugBank	https://go.drugbank.com/drugs/DB03337	1-(2-amidinophenyl)-3-(phenoxyphenyl)urea
DrugBank_DB02308	DB02308	DrugBank	https://go.drugbank.com/drugs/DB02308	4-(1,3,2-dioxaborolan-2-yloxy)butan-1-aminium
DrugBank_DB07075	DB07075	DrugBank	https://go.drugbank.com/drugs/DB07075	3-(5-{[4-(aminomethyl)piperidin-1-yl]methyl}-1h-indol-2-yl)-1h-indazole-6-carbonitrile
DrugBank_DB01990	DB01990	DrugBank	https://go.drugbank.com/drugs/DB01990	Cholesterol Sulfate
DrugBank_DB08263	DB08263	DrugBank	https://go.drugbank.com/drugs/DB08263	N-(carboxycarbonyl)-d-phenylalanine
DrugBank_DB01323	DB01323	DrugBank	https://go.drugbank.com/drugs/DB01323	St. John's Wort
DrugBank_DB08877	DB08877	DrugBank	https://go.drugbank.com/drugs/DB08877	Ruxolitinib
DrugBank_DB14543	DB14543	DrugBank	https://go.drugbank.com/drugs/DB14543	Hydrocortisone Probutate
DrugBank_DB01835	DB01835	DrugBank	https://go.drugbank.com/drugs/DB01835	4r-fluoro-n6-ethanimidoyl-l-lysine
DrugBank_DB06433	DB06433	DrugBank	https://go.drugbank.com/drugs/DB06433	Tezacitabine
DrugBank_DB13695	DB13695	DrugBank	https://go.drugbank.com/drugs/DB13695	Penthienate
DrugBank_DB06094	DB06094	DrugBank	https://go.drugbank.com/drugs/DB06094	Apatorsen
DrugBank_DB11051	DB11051	DrugBank	https://go.drugbank.com/drugs/DB11051	Azficel-t
DrugBank_DB07848	DB07848	DrugBank	https://go.drugbank.com/drugs/DB07848	5-chloro-n-{(3s)-1-[(2s)-1-(4-morpholinyl)-1-oxo-2-propanyl]-2-oxo-3-pyrrolidinyl}-1h-indole-2-sulfonamide
DrugBank_DB04232	DB04232	DrugBank	https://go.drugbank.com/drugs/DB04232	N-hydroxy-1-(4-methoxyphenyl)sulfonyl-4-benzyloxycarbonyl-piperazine-2-carboxamide
DrugBank_DB14895	DB14895	DrugBank	https://go.drugbank.com/drugs/DB14895	Vibegron
DrugBank_DB13044	DB13044	DrugBank	https://go.drugbank.com/drugs/DB13044	Gossypol
DrugBank_DB04881	DB04881	DrugBank	https://go.drugbank.com/drugs/DB04881	Elacridar
DrugBank_DB02271	DB02271	DrugBank	https://go.drugbank.com/drugs/DB02271	S-(2-oxo)pentadecylcoa
DrugBank_DB11239	DB11239	DrugBank	https://go.drugbank.com/drugs/DB11239	Aluminum Sulfate
DrugBank_DB13691	DB13691	DrugBank	https://go.drugbank.com/drugs/DB13691	Acetyldigoxin
DrugBank_DB06358	DB06358	DrugBank	https://go.drugbank.com/drugs/DB06358	Iclaprim
DrugBank_DB14877	DB14877	DrugBank	https://go.drugbank.com/drugs/DB14877	Lintuzumab
DrugBank_DB00260	DB00260	DrugBank	https://go.drugbank.com/drugs/DB00260	Cycloserine
DrugBank_DB06448	DB06448	DrugBank	https://go.drugbank.com/drugs/DB06448	Lonafarnib
DrugBank_DB01756	DB01756	DrugBank	https://go.drugbank.com/drugs/DB01756	4-phospho-l-threonic Acid
DrugBank_DB13401	DB13401	DrugBank	https://go.drugbank.com/drugs/DB13401	Metildigoxin
DrugBank_DB11944	DB11944	DrugBank	https://go.drugbank.com/drugs/DB11944	Ingavirin
DrugBank_DB09403	DB09403	DrugBank	https://go.drugbank.com/drugs/DB09403	Iocetamic Acid
DrugBank_DB13868	DB13868	DrugBank	https://go.drugbank.com/drugs/DB13868	Adefovir
DrugBank_DB03013	DB03013	DrugBank	https://go.drugbank.com/drugs/DB03013	N-acetyl-beta-d-glucosaminyl-(1->4)-n-acetyl-beta-d-glucosamine
DrugBank_DB04510	DB04510	DrugBank	https://go.drugbank.com/drugs/DB04510	3-phospho-d-glyceric Acid
DrugBank_DB07223	DB07223	DrugBank	https://go.drugbank.com/drugs/DB07223	Methyl N-({(2s,3s)-3-[(propylamino)carbonyl]oxiran-2-yl}carbonyl)-l-isoleucyl-l-prolinate
DrugBank_DB12781	DB12781	DrugBank	https://go.drugbank.com/drugs/DB12781	Balaglitazone
DrugBank_DB07940	DB07940	DrugBank	https://go.drugbank.com/drugs/DB07940	9-(3-iodobenzylamino)-1,2,3,4-tetrahydroacridine
DrugBank_DB07992	DB07992	DrugBank	https://go.drugbank.com/drugs/DB07992	Indoxyl Sulfate
DrugBank_DB02773	DB02773	DrugBank	https://go.drugbank.com/drugs/DB02773	(3-chloro-4-propoxy-phenyl)-acetic Acid
DrugBank_DB06492	DB06492	DrugBank	https://go.drugbank.com/drugs/DB06492	Mirococept
DrugBank_DB06021	DB06021	DrugBank	https://go.drugbank.com/drugs/DB06021	Av-412
DrugBank_DB00494	DB00494	DrugBank	https://go.drugbank.com/drugs/DB00494	Entacapone
DrugBank_DB00397	DB00397	DrugBank	https://go.drugbank.com/drugs/DB00397	Phenylpropanolamine
DrugBank_DB06587	DB06587	DrugBank	https://go.drugbank.com/drugs/DB06587	Mitemcinal
DrugBank_DB02211	DB02211	DrugBank	https://go.drugbank.com/drugs/DB02211	(r)-n-methyl-n-2-propynyl-1-indanamine
DrugBank_DB12110	DB12110	DrugBank	https://go.drugbank.com/drugs/DB12110	M-chlorophenylpiperazine
DrugBank_DB03980	DB03980	DrugBank	https://go.drugbank.com/drugs/DB03980	4-(fluorophenyl)-1-cyclopropylmethyl-5-(2-amino-4-pyrimidinyl)imidazole
DrugBank_DB11455	DB11455	DrugBank	https://go.drugbank.com/drugs/DB11455	Robenacoxib
DrugBank_DB04059	DB04059	DrugBank	https://go.drugbank.com/drugs/DB04059	8-(pyrimidin-2-ylamino)naphthalene-2-carboximidamide
DrugBank_DB08981	DB08981	DrugBank	https://go.drugbank.com/drugs/DB08981	Fenbufen
DrugBank_DB13165	DB13165	DrugBank	https://go.drugbank.com/drugs/DB13165	Ripasudil
DrugBank_DB14063	DB14063	DrugBank	https://go.drugbank.com/drugs/DB14063	Dexverapamil
DrugBank_DB11510	DB11510	DrugBank	https://go.drugbank.com/drugs/DB11510	Deslorelin
DrugBank_DB12148	DB12148	DrugBank	https://go.drugbank.com/drugs/DB12148	Menatetrenone
DrugBank_DB11154	DB11154	DrugBank	https://go.drugbank.com/drugs/DB11154	Zinc Citrate
DrugBank_DB14518	DB14518	DrugBank	https://go.drugbank.com/drugs/DB14518	Aluminum Acetate
DrugBank_DB14011	DB14011	DrugBank	https://go.drugbank.com/drugs/DB14011	Nabiximols
DrugBank_DB03451	DB03451	DrugBank	https://go.drugbank.com/drugs/DB03451	Lexacalcitol
DrugBank_DB13814	DB13814	DrugBank	https://go.drugbank.com/drugs/DB13814	Talampicillin
DrugBank_DB03673	DB03673	DrugBank	https://go.drugbank.com/drugs/DB03673	Beta-2-thienyl-l-alanine
DrugBank_DB04017	DB04017	DrugBank	https://go.drugbank.com/drugs/DB04017	Clorgiline
DrugBank_DB06729	DB06729	DrugBank	https://go.drugbank.com/drugs/DB06729	Sulfaphenazole
DrugBank_DB05166	DB05166	DrugBank	https://go.drugbank.com/drugs/DB05166	Apd668
DrugBank_DB01263	DB01263	DrugBank	https://go.drugbank.com/drugs/DB01263	Posaconazole
DrugBank_DB00526	DB00526	DrugBank	https://go.drugbank.com/drugs/DB00526	Oxaliplatin
DrugBank_DB13597	DB13597	DrugBank	https://go.drugbank.com/drugs/DB13597	Moroxydine
DrugBank_DB04585	DB04585	DrugBank	https://go.drugbank.com/drugs/DB04585	Dehydro-2(s)-amino-6-boronohexanoic Acid
DrugBank_DB03167	DB03167	DrugBank	https://go.drugbank.com/drugs/DB03167	Pentabromophenol
DrugBank_DB05867	DB05867	DrugBank	https://go.drugbank.com/drugs/DB05867	99mtc-14 F7 Mab
DrugBank_DB12248	DB12248	DrugBank	https://go.drugbank.com/drugs/DB12248	Tulobuterol
DrugBank_DB08285	DB08285	DrugBank	https://go.drugbank.com/drugs/DB08285	(2r)-2-{[4-(benzylamino)-8-(1-methylethyl)pyrazolo[1,5-a][1,3,5]triazin-2-yl]amino}butan-1-ol
DrugBank_DB03554	DB03554	DrugBank	https://go.drugbank.com/drugs/DB03554	5-iodouracil
DrugBank_DB03194	DB03194	DrugBank	https://go.drugbank.com/drugs/DB03194	Methyl Beta-l-fucopyranoside
DrugBank_DB03485	DB03485	DrugBank	https://go.drugbank.com/drugs/DB03485	Alpha-d-fucopyranose
DrugBank_DB12073	DB12073	DrugBank	https://go.drugbank.com/drugs/DB12073	Albaconazole
DrugBank_DB04903	DB04903	DrugBank	https://go.drugbank.com/drugs/DB04903	Pagoclone
DrugBank_DB03782	DB03782	DrugBank	https://go.drugbank.com/drugs/DB03782	N-(1-adamantyl)-n'-(4-guanidinobenzyl)urea
DrugBank_DB03403	DB03403	DrugBank	https://go.drugbank.com/drugs/DB03403	Cytidine-5'-monophosphate
DrugBank_DB00716	DB00716	DrugBank	https://go.drugbank.com/drugs/DB00716	Nedocromil
DrugBank_DB00843	DB00843	DrugBank	https://go.drugbank.com/drugs/DB00843	Donepezil
DrugBank_DB13074	DB13074	DrugBank	https://go.drugbank.com/drugs/DB13074	Macimorelin
DrugBank_DB08802	DB08802	DrugBank	https://go.drugbank.com/drugs/DB08802	Isothipendyl
DrugBank_DB01033	DB01033	DrugBank	https://go.drugbank.com/drugs/DB01033	Mercaptopurine
DrugBank_DB08799	DB08799	DrugBank	https://go.drugbank.com/drugs/DB08799	Antazoline
DrugBank_DB07514	DB07514	DrugBank	https://go.drugbank.com/drugs/DB07514	3-(2-aminoquinazolin-6-yl)-1-(3,3-dimethylindolin-6-yl)-4-methylpyridin-2(1h)-one
DrugBank_DB05006	DB05006	DrugBank	https://go.drugbank.com/drugs/DB05006	Adecatumumab
DrugBank_DB14634	DB14634	DrugBank	https://go.drugbank.com/drugs/DB14634	Fluprednidene Acetate
DrugBank_DB00567	DB00567	DrugBank	https://go.drugbank.com/drugs/DB00567	Cephalexin
DrugBank_DB13504	DB13504	DrugBank	https://go.drugbank.com/drugs/DB13504	Cefetamet
DrugBank_DB04468	DB04468	DrugBank	https://go.drugbank.com/drugs/DB04468	Afimoxifene
DrugBank_DB11328	DB11328	DrugBank	https://go.drugbank.com/drugs/DB11328	Tetradecyl Hydrogen Sulfate (ester)
DrugBank_DB03448	DB03448	DrugBank	https://go.drugbank.com/drugs/DB03448	2'-deoxyuridine 3'-monophosphate
DrugBank_DB00058	DB00058	DrugBank	https://go.drugbank.com/drugs/DB00058	Alpha-1-proteinase Inhibitor
DrugBank_DB06201	DB06201	DrugBank	https://go.drugbank.com/drugs/DB06201	Rufinamide
DrugBank_DB11891	DB11891	DrugBank	https://go.drugbank.com/drugs/DB11891	Cudc-907
DrugBank_DB11873	DB11873	DrugBank	https://go.drugbank.com/drugs/DB11873	Verinurad
DrugBank_DB02463	DB02463	DrugBank	https://go.drugbank.com/drugs/DB02463	2-(2-hydroxy-phenyl)-1h-indole-5-carboxamidine
DrugBank_DB04381	DB04381	DrugBank	https://go.drugbank.com/drugs/DB04381	Crotonaldehyde
DrugBank_DB06043	DB06043	DrugBank	https://go.drugbank.com/drugs/DB06043	Olaratumab
DrugBank_DB04856	DB04856	DrugBank	https://go.drugbank.com/drugs/DB04856	Dexloxiglumide
DrugBank_DB00523	DB00523	DrugBank	https://go.drugbank.com/drugs/DB00523	Alitretinoin
DrugBank_DB00002	DB00002	DrugBank	https://go.drugbank.com/drugs/DB00002	Cetuximab
DrugBank_DB14020	DB14020	DrugBank	https://go.drugbank.com/drugs/DB14020	Benzoin
DrugBank_DB02715	DB02715	DrugBank	https://go.drugbank.com/drugs/DB02715	Compound 18
DrugBank_DB04638	DB04638	DrugBank	https://go.drugbank.com/drugs/DB04638	2,5-di-tert-butylhydroquinone
DrugBank_DB03283	DB03283	DrugBank	https://go.drugbank.com/drugs/DB03283	Beta-l-fucose
DrugBank_DB00687	DB00687	DrugBank	https://go.drugbank.com/drugs/DB00687	Fludrocortisone
DrugBank_DB03921	DB03921	DrugBank	https://go.drugbank.com/drugs/DB03921	4-(3-pyridin-2-yl-1h-pyrazol-4-yl)quinoline
DrugBank_DB08101	DB08101	DrugBank	https://go.drugbank.com/drugs/DB08101	2,6-dibromo-4-[(e)-2-phenylethenyl]phenol
DrugBank_DB01554	DB01554	DrugBank	https://go.drugbank.com/drugs/DB01554	Bolandiol
DrugBank_DB06947	DB06947	DrugBank	https://go.drugbank.com/drugs/DB06947	1-[(2r)-2-aminobutanoyl]-n-(4-carbamimidoylbenzyl)-l-prolinamide
DrugBank_DB09338	DB09338	DrugBank	https://go.drugbank.com/drugs/DB09338	Mersalyl
DrugBank_DB02236	DB02236	DrugBank	https://go.drugbank.com/drugs/DB02236	Glycinamide Ribonucleotide
DrugBank_DB08800	DB08800	DrugBank	https://go.drugbank.com/drugs/DB08800	Chloropyramine
DrugBank_DB12708	DB12708	DrugBank	https://go.drugbank.com/drugs/DB12708	Sulprostone
DrugBank_DB00746	DB00746	DrugBank	https://go.drugbank.com/drugs/DB00746	Deferoxamine
DrugBank_DB02596	DB02596	DrugBank	https://go.drugbank.com/drugs/DB02596	Alpha,beta-methyleneadenosine 5'-triphosphate
DrugBank_DB13754	DB13754	DrugBank	https://go.drugbank.com/drugs/DB13754	Mephenoxalone
DrugBank_DB09370	DB09370	DrugBank	https://go.drugbank.com/drugs/DB09370	Sodium Phosphate P 32
DrugBank_DB07731	DB07731	DrugBank	https://go.drugbank.com/drugs/DB07731	Can-508
DrugBank_DB15258	DB15258	DrugBank	https://go.drugbank.com/drugs/DB15258	Imlifidase
DrugBank_DB03273	DB03273	DrugBank	https://go.drugbank.com/drugs/DB03273	3'-oxo-adenosine
DrugBank_DB00857	DB00857	DrugBank	https://go.drugbank.com/drugs/DB00857	Terbinafine
DrugBank_DB01675	DB01675	DrugBank	https://go.drugbank.com/drugs/DB01675	Methacrylyl-coenzyme A
DrugBank_DB07567	DB07567	DrugBank	https://go.drugbank.com/drugs/DB07567	(2r,3r,4s)-3-(4-hydroxyphenyl)-4-methyl-2-[4-(2-pyrrolidin-1-ylethoxy)phenyl]chroman-6-ol
DrugBank_DB07270	DB07270	DrugBank	https://go.drugbank.com/drugs/DB07270	N-[7-(3-aminophenyl)-5-methoxy-1,3-benzoxazol-2-yl]-2,5-dichlorobenzenesulfonamide
DrugBank_DB05950	DB05950	DrugBank	https://go.drugbank.com/drugs/DB05950	Contulakin-g
DrugBank_DB13877	DB13877	DrugBank	https://go.drugbank.com/drugs/DB13877	Iniparib
DrugBank_DB06642	DB06642	DrugBank	https://go.drugbank.com/drugs/DB06642	Bevasiranib
DrugBank_DB12978	DB12978	DrugBank	https://go.drugbank.com/drugs/DB12978	Pexidartinib
DrugBank_DB07831	DB07831	DrugBank	https://go.drugbank.com/drugs/DB07831	2-{[(6-oxo-1,6-dihydropyridin-3-yl)methyl]amino}-n-[4-propyl-3-(trifluoromethyl)phenyl]benzamide
DrugBank_DB01349	DB01349	DrugBank	https://go.drugbank.com/drugs/DB01349	Tasosartan
DrugBank_DB06393	DB06393	DrugBank	https://go.drugbank.com/drugs/DB06393	Xaliproden
DrugBank_DB00580	DB00580	DrugBank	https://go.drugbank.com/drugs/DB00580	Valdecoxib
DrugBank_DB07835	DB07835	DrugBank	https://go.drugbank.com/drugs/DB07835	N~3~-cyclopropyl-n~4~'-(cyclopropylmethyl)-6-methylbiphenyl-3,4'-dicarboxamide
DrugBank_DB04559	DB04559	DrugBank	https://go.drugbank.com/drugs/DB04559	N-(chlorophenyl)-n'-hydroxyguanidine
DrugBank_DB01217	DB01217	DrugBank	https://go.drugbank.com/drugs/DB01217	Anastrozole
DrugBank_DB11294	DB11294	DrugBank	https://go.drugbank.com/drugs/DB11294	Coccidioides Immitis Spherule
DrugBank_DB00614	DB00614	DrugBank	https://go.drugbank.com/drugs/DB00614	Furazolidone
DrugBank_DB11097	DB11097	DrugBank	https://go.drugbank.com/drugs/DB11097	Plantago Seed
DrugBank_DB01063	DB01063	DrugBank	https://go.drugbank.com/drugs/DB01063	Acetophenazine
DrugBank_DB14733	DB14733	DrugBank	https://go.drugbank.com/drugs/DB14733	Ceftobiprole Medocaril
DrugBank_DB01095	DB01095	DrugBank	https://go.drugbank.com/drugs/DB01095	Fluvastatin
DrugBank_DB04885	DB04885	DrugBank	https://go.drugbank.com/drugs/DB04885	Cilansetron
DrugBank_DB00699	DB00699	DrugBank	https://go.drugbank.com/drugs/DB00699	Nicergoline
DrugBank_DB11850	DB11850	DrugBank	https://go.drugbank.com/drugs/DB11850	Ublituximab
DrugBank_DB14919	DB14919	DrugBank	https://go.drugbank.com/drugs/DB14919	Rozanolixizumab
DrugBank_DB06994	DB06994	DrugBank	https://go.drugbank.com/drugs/DB06994	(2s,3s)-3-{3-[2-chloro-4-(methylsulfonyl)phenyl]-1,2,4-oxadiazol-5-yl}-1-cyclopentylidene-4-cyclopropyl-1-fluorobutan-2-amine
DrugBank_DB03477	DB03477	DrugBank	https://go.drugbank.com/drugs/DB03477	1-phenylsulfonamide-3-trifluoromethyl-5-parabromophenylpyrazole
DrugBank_DB03950	DB03950	DrugBank	https://go.drugbank.com/drugs/DB03950	(s)-n-(3-indol-1-yl-2-methyl-propyl)-4-sulfamoyl-benzamide
DrugBank_DB04864	DB04864	DrugBank	https://go.drugbank.com/drugs/DB04864	Huperzine A
DrugBank_DB04859	DB04859	DrugBank	https://go.drugbank.com/drugs/DB04859	Zanapezil
DrugBank_DB12577	DB12577	DrugBank	https://go.drugbank.com/drugs/DB12577	Fosbretabulin
DrugBank_DB04453	DB04453	DrugBank	https://go.drugbank.com/drugs/DB04453	4-o-(4,6-dideoxy-4-{[4-[(4-o-hexopyranosylhexopyranosyl)oxy]-5,6-dihydroxy-3-(hydroxymethyl)cyclohex-2-en-1-yl]amino}hexopyranosyl)hexopyranose
DrugBank_DB09069	DB09069	DrugBank	https://go.drugbank.com/drugs/DB09069	Trimetazidine
DrugBank_DB06861	DB06861	DrugBank	https://go.drugbank.com/drugs/DB06861	6-(2-hydroxy-cyclopentyl)-7-oxo-heptanamidine
DrugBank_DB13241	DB13241	DrugBank	https://go.drugbank.com/drugs/DB13241	Begelomab
DrugBank_DB08210	DB08210	DrugBank	https://go.drugbank.com/drugs/DB08210	2-amino-4-fluoro-5-[(1-methyl-1h-imidazol-2-yl)sulfanyl]-n-(1,3-thiazol-2-yl)benzamide
DrugBank_DB12874	DB12874	DrugBank	https://go.drugbank.com/drugs/DB12874	Quizartinib
DrugBank_DB13676	DB13676	DrugBank	https://go.drugbank.com/drugs/DB13676	Mosapramine
DrugBank_DB12290	DB12290	DrugBank	https://go.drugbank.com/drugs/DB12290	Puerarin
DrugBank_DB06749	DB06749	DrugBank	https://go.drugbank.com/drugs/DB06749	Ginsenoside Rb1
DrugBank_DB01961	DB01961	DrugBank	https://go.drugbank.com/drugs/DB01961	Cytidine 3'-monophosphate
DrugBank_DB02299	DB02299	DrugBank	https://go.drugbank.com/drugs/DB02299	Arginineamide
DrugBank_DB00286	DB00286	DrugBank	https://go.drugbank.com/drugs/DB00286	Conjugated Estrogens
DrugBank_DB01218	DB01218	DrugBank	https://go.drugbank.com/drugs/DB01218	Halofantrine
DrugBank_DB07156	DB07156	DrugBank	https://go.drugbank.com/drugs/DB07156	(4z)-6-bromo-4-({[4-(pyrrolidin-1-ylmethyl)phenyl]amino}methylidene)isoquinoline-1,3(2h,4h)-dione
DrugBank_DB07001	DB07001	DrugBank	https://go.drugbank.com/drugs/DB07001	(3s,5e)-3-propyl-3,4-dihydrothieno[2,3-f][1,4]oxazepin-5(2h)-imine
DrugBank_DB09300	DB09300	DrugBank	https://go.drugbank.com/drugs/DB09300	Butylscopolamine
DrugBank_DB04615	DB04615	DrugBank	https://go.drugbank.com/drugs/DB04615	(s)-tacrine(10)-hupyridone
DrugBank_DB03556	DB03556	DrugBank	https://go.drugbank.com/drugs/DB03556	2-(2-{2-[2-(2-{2-[2-(2-ethoxy-ethoxy)-ethoxy]-ethoxy}-ethoxy)-ethoxy]-ethoxy}-ethoxy)-ethanol, Polyethyleneglycol Peg400
DrugBank_DB13284	DB13284	DrugBank	https://go.drugbank.com/drugs/DB13284	Meticrane
DrugBank_DB05920	DB05920	DrugBank	https://go.drugbank.com/drugs/DB05920	Rta 744
DrugBank_DB14056	DB14056	DrugBank	https://go.drugbank.com/drugs/DB14056	Nigericin
DrugBank_DB07431	DB07431	DrugBank	https://go.drugbank.com/drugs/DB07431	(3r)-3-(aminomethyl)-9-methoxy-1,2,3,4-tetrahydro-5h-[1]benzothieno[3,2-e][1,4]diazepin-5-one
DrugBank_DB02108	DB02108	DrugBank	https://go.drugbank.com/drugs/DB02108	2-aminoethanimidic Acid
DrugBank_DB06823	DB06823	DrugBank	https://go.drugbank.com/drugs/DB06823	Tiopronin
DrugBank_DB07987	DB07987	DrugBank	https://go.drugbank.com/drugs/DB07987	[2-(5-mercapto-[1,3,4]thiadiazol-2-ylcarbamoyl)-1-phenyl-ethyl]-carbamic Acid Benzyl Ester
DrugBank_DB12250	DB12250	DrugBank	https://go.drugbank.com/drugs/DB12250	Cixutumumab
DrugBank_DB03546	DB03546	DrugBank	https://go.drugbank.com/drugs/DB03546	N-({4-[(1r)-4-[(2r,4s,5s)-2,4-diamino-6-oxohexahydropyrimidin-5-yl]-1-(2,2,2-trifluoro-1,1-dihydroxyethyl)butyl]phenyl}carbonyl)-l-glutamic Acid
DrugBank_DB08246	DB08246	DrugBank	https://go.drugbank.com/drugs/DB08246	(2s)-4-(2,5-difluorophenyl)-n,n-dimethyl-2-phenyl-2,5-dihydro-1h-pyrrole-1-carboxamide
DrugBank_DB00669	DB00669	DrugBank	https://go.drugbank.com/drugs/DB00669	Sumatriptan
DrugBank_DB08019	DB08019	DrugBank	https://go.drugbank.com/drugs/DB08019	N-{(3r,4s)-4-[(6-amino-4-methylpyridin-2-yl)methyl]pyrrolidin-3-yl}-n'-(3-chlorobenzyl)ethane-1,2-diamine
DrugBank_DB11760	DB11760	DrugBank	https://go.drugbank.com/drugs/DB11760	Talazoparib
DrugBank_DB08191	DB08191	DrugBank	https://go.drugbank.com/drugs/DB08191	4-(5-phenyl-1h-pyrrolo[2,3-b]pyridin-3-yl)benzoic Acid
DrugBank_DB05395	DB05395	DrugBank	https://go.drugbank.com/drugs/DB05395	Amibegron
DrugBank_DB08413	DB08413	DrugBank	https://go.drugbank.com/drugs/DB08413	Methyl-phosphonic Acid Mono-(4-nitro-phenyl) Ester
DrugBank_DB07388	DB07388	DrugBank	https://go.drugbank.com/drugs/DB07388	Ethyl 4-[(4-methylpyridin-2-yl)amino]piperidine-1-carboxylate
DrugBank_DB12945	DB12945	DrugBank	https://go.drugbank.com/drugs/DB12945	Dihydralazine
DrugBank_DB01880	DB01880	DrugBank	https://go.drugbank.com/drugs/DB01880	3,4-dihydroxycinnamic Acid
DrugBank_DB04978	DB04978	DrugBank	https://go.drugbank.com/drugs/DB04978	Sp1049c
DrugBank_DB07735	DB07735	DrugBank	https://go.drugbank.com/drugs/DB07735	N-[1-(2,6-dimethoxybenzyl)piperidin-4-yl]-4-sulfanylbutanamide
DrugBank_DB13550	DB13550	DrugBank	https://go.drugbank.com/drugs/DB13550	Bifemelane
DrugBank_DB08062	DB08062	DrugBank	https://go.drugbank.com/drugs/DB08062	3-(4-chlorophenyl)-5-(methylthio)-4h-1,2,4-triazole
DrugBank_DB12499	DB12499	DrugBank	https://go.drugbank.com/drugs/DB12499	Clascoterone
DrugBank_DB11092	DB11092	DrugBank	https://go.drugbank.com/drugs/DB11092	Stannous Fluoride
DrugBank_DB04681	DB04681	DrugBank	https://go.drugbank.com/drugs/DB04681	Beta-methyllactoside
DrugBank_DB04238	DB04238	DrugBank	https://go.drugbank.com/drugs/DB04238	N-alpha-(2-naphthylsulfonyl)-n-(3-amidino-l-phenylalaninyl)-d-pipecolinic Acid
DrugBank_DB00313	DB00313	DrugBank	https://go.drugbank.com/drugs/DB00313	Valproic Acid
DrugBank_DB15089	DB15089	DrugBank	https://go.drugbank.com/drugs/DB15089	Frovocimab
DrugBank_DB07229	DB07229	DrugBank	https://go.drugbank.com/drugs/DB07229	3-{5-[amino(iminio)methyl]-1h-indol-2-yl}-5-methoxy-1,1'-biphenyl-2-olate
DrugBank_DB02209	DB02209	DrugBank	https://go.drugbank.com/drugs/DB02209	Pyridoxine Phosphate
DrugBank_DB05501	DB05501	DrugBank	https://go.drugbank.com/drugs/DB05501	Amd-070
DrugBank_DB08021	DB08021	DrugBank	https://go.drugbank.com/drugs/DB08021	5-bromo-n-(3-chloro-2-(4-(prop-2-ynyl)piperazin-1-yl)phenyl)furan-2-carboxamide
DrugBank_DB04882	DB04882	DrugBank	https://go.drugbank.com/drugs/DB04882	Edotecarin
DrugBank_DB07849	DB07849	DrugBank	https://go.drugbank.com/drugs/DB07849	S-nonyl-cysteine
DrugBank_DB12555	DB12555	DrugBank	https://go.drugbank.com/drugs/DB12555	Nelotanserin
DrugBank_DB02890	DB02890	DrugBank	https://go.drugbank.com/drugs/DB02890	6-hydroxyuridine-5'-phosphate
DrugBank_DB12645	DB12645	DrugBank	https://go.drugbank.com/drugs/DB12645	Givinostat
DrugBank_DB00109	DB00109	DrugBank	https://go.drugbank.com/drugs/DB00109	Enfuvirtide
DrugBank_DB05191	DB05191	DrugBank	https://go.drugbank.com/drugs/DB05191	Atl146e
DrugBank_DB05146	DB05146	DrugBank	https://go.drugbank.com/drugs/DB05146	Xl820
DrugBank_DB13236	DB13236	DrugBank	https://go.drugbank.com/drugs/DB13236	Stibophen
DrugBank_DB07329	DB07329	DrugBank	https://go.drugbank.com/drugs/DB07329	1-[n-4'-nitrobenzyl-n-4'-carboxybutylamino]methylphosphonic Acid
DrugBank_DB07354	DB07354	DrugBank	https://go.drugbank.com/drugs/DB07354	2,3-dimethoxy-12h-[1,3]dioxolo[5,6]indeno[1,2-c]isoquinolin-6-ium
DrugBank_DB00203	DB00203	DrugBank	https://go.drugbank.com/drugs/DB00203	Sildenafil
DrugBank_DB04101	DB04101	DrugBank	https://go.drugbank.com/drugs/DB04101	N'-[4-(2,4-dimethyl-1,3-thiazol-5-yl)-2-pyrimidinyl]-n-hydroxyimidoformamide
DrugBank_DB01345	DB01345	DrugBank	https://go.drugbank.com/drugs/DB01345	Potassium Cation
DrugBank_DB07629	DB07629	DrugBank	https://go.drugbank.com/drugs/DB07629	N-((1r,2s)-2-(5-chloro-1h-indole-2-carboxamido)cyclohexyl)-5-methyl-4,5,6,7-tetrahydrothiazolo[5,4-c]pyridine-2-carboxamide
DrugBank_DB03061	DB03061	DrugBank	https://go.drugbank.com/drugs/DB03061	(r)-n-(1-methyl-hexyl)-formamide
DrugBank_DB08607	DB08607	DrugBank	https://go.drugbank.com/drugs/DB08607	(5r)-5-(4-{[(2r)-6-hydroxy-2,5,7,8-tetramethyl-3,4-dihydro-2h-chromen-2-yl]methoxy}benzyl)-1,3-thiazolidine-2,4-dione
