compound_id	external_id	source	url	name
Compound::DB00014	DB00014	DrugBank	https://go.drugbank.com/drugs/DB00014	Goserelin
Compound::DB00035	DB00035	DrugBank	https://go.drugbank.com/drugs/DB00035	Desmopressin
Compound::DB00050	DB00050	DrugBank	https://go.drugbank.com/drugs/DB00050	Cetrorelix
Compound::DB00091	DB00091	DrugBank	https://go.drugbank.com/drugs/DB00091	Cyclosporine
Compound::DB00093	DB00093	DrugBank	https://go.drugbank.com/drugs/DB00093	Felypressin
Compound::DB00104	DB00104	DrugBank	https://go.drugbank.com/drugs/DB00104	Octreotide
Compound::DB00115	DB00115	DrugBank	https://go.drugbank.com/drugs/DB00115	Cyanocobalamin
Compound::DB00116	DB00116	DrugBank	https://go.drugbank.com/drugs/DB00116	Tetrahydrofolic Acid
Compound::DB00117	DB00117	DrugBank	https://go.drugbank.com/drugs/DB00117	L-histidine
Compound::DB00118	DB00118	DrugBank	https://go.drugbank.com/drugs/DB00118	S-adenosylmethionine
Compound::DB00119	DB00119	DrugBank	https://go.drugbank.com/drugs/DB00119	Pyruvic Acid
Compound::DB00120	DB00120	DrugBank	https://go.drugbank.com/drugs/DB00120	L-phenylalanine
Compound::DB00121	DB00121	DrugBank	https://go.drugbank.com/drugs/DB00121	Biotin
Compound::DB00122	DB00122	DrugBank	https://go.drugbank.com/drugs/DB00122	Choline
Compound::DB00123	DB00123	DrugBank	https://go.drugbank.com/drugs/DB00123	L-lysine
Compound::DB00125	DB00125	DrugBank	https://go.drugbank.com/drugs/DB00125	L-arginine
Compound::DB00126	DB00126	DrugBank	https://go.drugbank.com/drugs/DB00126	Vitamin C
Compound::DB00127	DB00127	DrugBank	https://go.drugbank.com/drugs/DB00127	Spermine
Compound::DB00128	DB00128	DrugBank	https://go.drugbank.com/drugs/DB00128	L-aspartic Acid
Compound::DB00129	DB00129	DrugBank	https://go.drugbank.com/drugs/DB00129	L-ornithine
Compound::DB00130	DB00130	DrugBank	https://go.drugbank.com/drugs/DB00130	L-glutamine
Compound::DB00131	DB00131	DrugBank	https://go.drugbank.com/drugs/DB00131	Adenosine Monophosphate
Compound::DB00132	DB00132	DrugBank	https://go.drugbank.com/drugs/DB00132	Alpha-linolenic Acid
Compound::DB00133	DB00133	DrugBank	https://go.drugbank.com/drugs/DB00133	L-serine
Compound::DB00134	DB00134	DrugBank	https://go.drugbank.com/drugs/DB00134	L-methionine
Compound::DB00135	DB00135	DrugBank	https://go.drugbank.com/drugs/DB00135	L-tyrosine
Compound::DB00136	DB00136	DrugBank	https://go.drugbank.com/drugs/DB00136	Calcitriol
Compound::DB00137	DB00137	DrugBank	https://go.drugbank.com/drugs/DB00137	Xanthophyll
Compound::DB00138	DB00138	DrugBank	https://go.drugbank.com/drugs/DB00138	L-cystine
Compound::DB00139	DB00139	DrugBank	https://go.drugbank.com/drugs/DB00139	Succinic Acid
Compound::DB00140	DB00140	DrugBank	https://go.drugbank.com/drugs/DB00140	Riboflavin
Compound::DB00141	DB00141	DrugBank	https://go.drugbank.com/drugs/DB00141	N-acetyl-d-glucosamine
Compound::DB00143	DB00143	DrugBank	https://go.drugbank.com/drugs/DB00143	Glutathione
Compound::DB00144	DB00144	DrugBank	https://go.drugbank.com/drugs/DB00144	Phosphatidylserine
Compound::DB00145	DB00145	DrugBank	https://go.drugbank.com/drugs/DB00145	Glycine
Compound::DB00146	DB00146	DrugBank	https://go.drugbank.com/drugs/DB00146	Calcidiol
Compound::DB00147	DB00147	DrugBank	https://go.drugbank.com/drugs/DB00147	Pyridoxal
Compound::DB00148	DB00148	DrugBank	https://go.drugbank.com/drugs/DB00148	Creatine
Compound::DB00149	DB00149	DrugBank	https://go.drugbank.com/drugs/DB00149	L-leucine
Compound::DB00150	DB00150	DrugBank	https://go.drugbank.com/drugs/DB00150	L-tryptophan
Compound::DB00151	DB00151	DrugBank	https://go.drugbank.com/drugs/DB00151	L-cysteine
Compound::DB00152	DB00152	DrugBank	https://go.drugbank.com/drugs/DB00152	Thiamine
Compound::DB00153	DB00153	DrugBank	https://go.drugbank.com/drugs/DB00153	Ergocalciferol
Compound::DB00154	DB00154	DrugBank	https://go.drugbank.com/drugs/DB00154	Dihomo-gamma-linolenic Acid
Compound::DB00155	DB00155	DrugBank	https://go.drugbank.com/drugs/DB00155	L-citrulline
Compound::DB00156	DB00156	DrugBank	https://go.drugbank.com/drugs/DB00156	L-threonine
Compound::DB00158	DB00158	DrugBank	https://go.drugbank.com/drugs/DB00158	Folic Acid
Compound::DB00159	DB00159	DrugBank	https://go.drugbank.com/drugs/DB00159	Icosapent
Compound::DB00160	DB00160	DrugBank	https://go.drugbank.com/drugs/DB00160	L-alanine
Compound::DB00161	DB00161	DrugBank	https://go.drugbank.com/drugs/DB00161	L-valine
Compound::DB00162	DB00162	DrugBank	https://go.drugbank.com/drugs/DB00162	Vitamin A
Compound::DB00163	DB00163	DrugBank	https://go.drugbank.com/drugs/DB00163	Vitamin E
Compound::DB00165	DB00165	DrugBank	https://go.drugbank.com/drugs/DB00165	Pyridoxine
Compound::DB00166	DB00166	DrugBank	https://go.drugbank.com/drugs/DB00166	Lipoic Acid
Compound::DB00167	DB00167	DrugBank	https://go.drugbank.com/drugs/DB00167	L-isoleucine
Compound::DB00168	DB00168	DrugBank	https://go.drugbank.com/drugs/DB00168	Aspartame
Compound::DB00169	DB00169	DrugBank	https://go.drugbank.com/drugs/DB00169	Cholecalciferol
Compound::DB00170	DB00170	DrugBank	https://go.drugbank.com/drugs/DB00170	Menadione
Compound::DB00171	DB00171	DrugBank	https://go.drugbank.com/drugs/DB00171	Adenosine Triphosphate
Compound::DB00172	DB00172	DrugBank	https://go.drugbank.com/drugs/DB00172	L-proline
Compound::DB00173	DB00173	DrugBank	https://go.drugbank.com/drugs/DB00173	Adenine
Compound::DB00174	DB00174	DrugBank	https://go.drugbank.com/drugs/DB00174	L-asparagine
Compound::DB00175	DB00175	DrugBank	https://go.drugbank.com/drugs/DB00175	Pravastatin
Compound::DB00176	DB00176	DrugBank	https://go.drugbank.com/drugs/DB00176	Fluvoxamine
Compound::DB00177	DB00177	DrugBank	https://go.drugbank.com/drugs/DB00177	Valsartan
Compound::DB00178	DB00178	DrugBank	https://go.drugbank.com/drugs/DB00178	Ramipril
Compound::DB00179	DB00179	DrugBank	https://go.drugbank.com/drugs/DB00179	Masoprocol
Compound::DB00180	DB00180	DrugBank	https://go.drugbank.com/drugs/DB00180	Flunisolide
Compound::DB00181	DB00181	DrugBank	https://go.drugbank.com/drugs/DB00181	Baclofen
Compound::DB00182	DB00182	DrugBank	https://go.drugbank.com/drugs/DB00182	Amphetamine
Compound::DB00183	DB00183	DrugBank	https://go.drugbank.com/drugs/DB00183	Pentagastrin
Compound::DB00184	DB00184	DrugBank	https://go.drugbank.com/drugs/DB00184	Nicotine
Compound::DB00185	DB00185	DrugBank	https://go.drugbank.com/drugs/DB00185	Cevimeline
Compound::DB00186	DB00186	DrugBank	https://go.drugbank.com/drugs/DB00186	Lorazepam
Compound::DB00187	DB00187	DrugBank	https://go.drugbank.com/drugs/DB00187	Esmolol
Compound::DB00188	DB00188	DrugBank	https://go.drugbank.com/drugs/DB00188	Bortezomib
Compound::DB00189	DB00189	DrugBank	https://go.drugbank.com/drugs/DB00189	Ethchlorvynol
Compound::DB00190	DB00190	DrugBank	https://go.drugbank.com/drugs/DB00190	Carbidopa
Compound::DB00191	DB00191	DrugBank	https://go.drugbank.com/drugs/DB00191	Phentermine
Compound::DB00192	DB00192	DrugBank	https://go.drugbank.com/drugs/DB00192	Indecainide
Compound::DB00193	DB00193	DrugBank	https://go.drugbank.com/drugs/DB00193	Tramadol
Compound::DB00194	DB00194	DrugBank	https://go.drugbank.com/drugs/DB00194	Vidarabine
Compound::DB00195	DB00195	DrugBank	https://go.drugbank.com/drugs/DB00195	Betaxolol
Compound::DB00196	DB00196	DrugBank	https://go.drugbank.com/drugs/DB00196	Fluconazole
Compound::DB00198	DB00198	DrugBank	https://go.drugbank.com/drugs/DB00198	Oseltamivir
Compound::DB00199	DB00199	DrugBank	https://go.drugbank.com/drugs/DB00199	Erythromycin
Compound::DB00200	DB00200	DrugBank	https://go.drugbank.com/drugs/DB00200	Hydroxocobalamin
Compound::DB00201	DB00201	DrugBank	https://go.drugbank.com/drugs/DB00201	Caffeine
Compound::DB00202	DB00202	DrugBank	https://go.drugbank.com/drugs/DB00202	Succinylcholine
Compound::DB00203	DB00203	DrugBank	https://go.drugbank.com/drugs/DB00203	Sildenafil
Compound::DB00204	DB00204	DrugBank	https://go.drugbank.com/drugs/DB00204	Dofetilide
Compound::DB00205	DB00205	DrugBank	https://go.drugbank.com/drugs/DB00205	Pyrimethamine
Compound::DB00206	DB00206	DrugBank	https://go.drugbank.com/drugs/DB00206	Reserpine
Compound::DB00207	DB00207	DrugBank	https://go.drugbank.com/drugs/DB00207	Azithromycin
Compound::DB00208	DB00208	DrugBank	https://go.drugbank.com/drugs/DB00208	Ticlopidine
Compound::DB00209	DB00209	DrugBank	https://go.drugbank.com/drugs/DB00209	Trospium
Compound::DB00210	DB00210	DrugBank	https://go.drugbank.com/drugs/DB00210	Adapalene
Compound::DB00211	DB00211	DrugBank	https://go.drugbank.com/drugs/DB00211	Midodrine
Compound::DB00212	DB00212	DrugBank	https://go.drugbank.com/drugs/DB00212	Remikiren
Compound::DB00213	DB00213	DrugBank	https://go.drugbank.com/drugs/DB00213	Pantoprazole
Compound::DB00214	DB00214	DrugBank	https://go.drugbank.com/drugs/DB00214	Torasemide
Compound::DB00215	DB00215	DrugBank	https://go.drugbank.com/drugs/DB00215	Citalopram
Compound::DB00216	DB00216	DrugBank	https://go.drugbank.com/drugs/DB00216	Eletriptan
Compound::DB00217	DB00217	DrugBank	https://go.drugbank.com/drugs/DB00217	Bethanidine
Compound::DB00218	DB00218	DrugBank	https://go.drugbank.com/drugs/DB00218	Moxifloxacin
Compound::DB00219	DB00219	DrugBank	https://go.drugbank.com/drugs/DB00219	Oxyphenonium
Compound::DB00220	DB00220	DrugBank	https://go.drugbank.com/drugs/DB00220	Nelfinavir
Compound::DB00221	DB00221	DrugBank	https://go.drugbank.com/drugs/DB00221	Isoetarine
Compound::DB00222	DB00222	DrugBank	https://go.drugbank.com/drugs/DB00222	Glimepiride
Compound::DB00223	DB00223	DrugBank	https://go.drugbank.com/drugs/DB00223	Diflorasone
Compound::DB00224	DB00224	DrugBank	https://go.drugbank.com/drugs/DB00224	Indinavir
Compound::DB00225	DB00225	DrugBank	https://go.drugbank.com/drugs/DB00225	Gadodiamide
Compound::DB00226	DB00226	DrugBank	https://go.drugbank.com/drugs/DB00226	Guanadrel
Compound::DB00227	DB00227	DrugBank	https://go.drugbank.com/drugs/DB00227	Lovastatin
Compound::DB00228	DB00228	DrugBank	https://go.drugbank.com/drugs/DB00228	Enflurane
Compound::DB00229	DB00229	DrugBank	https://go.drugbank.com/drugs/DB00229	Cefotiam
Compound::DB00230	DB00230	DrugBank	https://go.drugbank.com/drugs/DB00230	Pregabalin
Compound::DB00231	DB00231	DrugBank	https://go.drugbank.com/drugs/DB00231	Temazepam
Compound::DB00232	DB00232	DrugBank	https://go.drugbank.com/drugs/DB00232	Methyclothiazide
Compound::DB00233	DB00233	DrugBank	https://go.drugbank.com/drugs/DB00233	Aminosalicylic Acid
Compound::DB00234	DB00234	DrugBank	https://go.drugbank.com/drugs/DB00234	Reboxetine
Compound::DB00235	DB00235	DrugBank	https://go.drugbank.com/drugs/DB00235	Milrinone
Compound::DB00236	DB00236	DrugBank	https://go.drugbank.com/drugs/DB00236	Pipobroman
Compound::DB00237	DB00237	DrugBank	https://go.drugbank.com/drugs/DB00237	Butabarbital
Compound::DB00238	DB00238	DrugBank	https://go.drugbank.com/drugs/DB00238	Nevirapine
Compound::DB00239	DB00239	DrugBank	https://go.drugbank.com/drugs/DB00239	Oxiconazole
Compound::DB00240	DB00240	DrugBank	https://go.drugbank.com/drugs/DB00240	Alclometasone
Compound::DB00241	DB00241	DrugBank	https://go.drugbank.com/drugs/DB00241	Butalbital
Compound::DB00242	DB00242	DrugBank	https://go.drugbank.com/drugs/DB00242	Cladribine
Compound::DB00243	DB00243	DrugBank	https://go.drugbank.com/drugs/DB00243	Ranolazine
Compound::DB00244	DB00244	DrugBank	https://go.drugbank.com/drugs/DB00244	Mesalazine
Compound::DB00245	DB00245	DrugBank	https://go.drugbank.com/drugs/DB00245	Benzatropine
Compound::DB00246	DB00246	DrugBank	https://go.drugbank.com/drugs/DB00246	Ziprasidone
Compound::DB00247	DB00247	DrugBank	https://go.drugbank.com/drugs/DB00247	Methysergide
Compound::DB00248	DB00248	DrugBank	https://go.drugbank.com/drugs/DB00248	Cabergoline
Compound::DB00249	DB00249	DrugBank	https://go.drugbank.com/drugs/DB00249	Idoxuridine
Compound::DB00250	DB00250	DrugBank	https://go.drugbank.com/drugs/DB00250	Dapsone
Compound::DB00251	DB00251	DrugBank	https://go.drugbank.com/drugs/DB00251	Terconazole
Compound::DB00252	DB00252	DrugBank	https://go.drugbank.com/drugs/DB00252	Phenytoin
Compound::DB00253	DB00253	DrugBank	https://go.drugbank.com/drugs/DB00253	Medrysone
Compound::DB00254	DB00254	DrugBank	https://go.drugbank.com/drugs/DB00254	Doxycycline
Compound::DB00255	DB00255	DrugBank	https://go.drugbank.com/drugs/DB00255	Diethylstilbestrol
Compound::DB00256	DB00256	DrugBank	https://go.drugbank.com/drugs/DB00256	Lymecycline
Compound::DB00257	DB00257	DrugBank	https://go.drugbank.com/drugs/DB00257	Clotrimazole
Compound::DB00258	DB00258	DrugBank	https://go.drugbank.com/drugs/DB00258	Calcium Acetate
Compound::DB00259	DB00259	DrugBank	https://go.drugbank.com/drugs/DB00259	Sulfanilamide
Compound::DB00260	DB00260	DrugBank	https://go.drugbank.com/drugs/DB00260	Cycloserine
Compound::DB00261	DB00261	DrugBank	https://go.drugbank.com/drugs/DB00261	Anagrelide
Compound::DB00262	DB00262	DrugBank	https://go.drugbank.com/drugs/DB00262	Carmustine
Compound::DB00263	DB00263	DrugBank	https://go.drugbank.com/drugs/DB00263	Sulfisoxazole
Compound::DB00264	DB00264	DrugBank	https://go.drugbank.com/drugs/DB00264	Metoprolol
Compound::DB00265	DB00265	DrugBank	https://go.drugbank.com/drugs/DB00265	Crotamiton
Compound::DB00266	DB00266	DrugBank	https://go.drugbank.com/drugs/DB00266	Dicoumarol
Compound::DB00267	DB00267	DrugBank	https://go.drugbank.com/drugs/DB00267	Cefmenoxime
Compound::DB00268	DB00268	DrugBank	https://go.drugbank.com/drugs/DB00268	Ropinirole
Compound::DB00270	DB00270	DrugBank	https://go.drugbank.com/drugs/DB00270	Isradipine
Compound::DB00271	DB00271	DrugBank	https://go.drugbank.com/drugs/DB00271	Diatrizoate
Compound::DB00272	DB00272	DrugBank	https://go.drugbank.com/drugs/DB00272	Betazole
Compound::DB00273	DB00273	DrugBank	https://go.drugbank.com/drugs/DB00273	Topiramate
Compound::DB00274	DB00274	DrugBank	https://go.drugbank.com/drugs/DB00274	Cefmetazole
Compound::DB00275	DB00275	DrugBank	https://go.drugbank.com/drugs/DB00275	Olmesartan
Compound::DB00276	DB00276	DrugBank	https://go.drugbank.com/drugs/DB00276	Amsacrine
Compound::DB00277	DB00277	DrugBank	https://go.drugbank.com/drugs/DB00277	Theophylline
Compound::DB00278	DB00278	DrugBank	https://go.drugbank.com/drugs/DB00278	Argatroban
Compound::DB00279	DB00279	DrugBank	https://go.drugbank.com/drugs/DB00279	Liothyronine
Compound::DB00280	DB00280	DrugBank	https://go.drugbank.com/drugs/DB00280	Disopyramide
Compound::DB00281	DB00281	DrugBank	https://go.drugbank.com/drugs/DB00281	Lidocaine
Compound::DB00282	DB00282	DrugBank	https://go.drugbank.com/drugs/DB00282	Pamidronate
Compound::DB00283	DB00283	DrugBank	https://go.drugbank.com/drugs/DB00283	Clemastine
Compound::DB00284	DB00284	DrugBank	https://go.drugbank.com/drugs/DB00284	Acarbose
Compound::DB00285	DB00285	DrugBank	https://go.drugbank.com/drugs/DB00285	Venlafaxine
Compound::DB00286	DB00286	DrugBank	https://go.drugbank.com/drugs/DB00286	Conjugated Estrogens
Compound::DB00287	DB00287	DrugBank	https://go.drugbank.com/drugs/DB00287	Travoprost
Compound::DB00288	DB00288	DrugBank	https://go.drugbank.com/drugs/DB00288	Amcinonide
Compound::DB00289	DB00289	DrugBank	https://go.drugbank.com/drugs/DB00289	Atomoxetine
Compound::DB00290	DB00290	DrugBank	https://go.drugbank.com/drugs/DB00290	Bleomycin
Compound::DB00291	DB00291	DrugBank	https://go.drugbank.com/drugs/DB00291	Chlorambucil
Compound::DB00292	DB00292	DrugBank	https://go.drugbank.com/drugs/DB00292	Etomidate
Compound::DB00293	DB00293	DrugBank	https://go.drugbank.com/drugs/DB00293	Raltitrexed
Compound::DB00294	DB00294	DrugBank	https://go.drugbank.com/drugs/DB00294	Etonogestrel
Compound::DB00295	DB00295	DrugBank	https://go.drugbank.com/drugs/DB00295	Morphine
Compound::DB00296	DB00296	DrugBank	https://go.drugbank.com/drugs/DB00296	Ropivacaine
Compound::DB00297	DB00297	DrugBank	https://go.drugbank.com/drugs/DB00297	Bupivacaine
Compound::DB00298	DB00298	DrugBank	https://go.drugbank.com/drugs/DB00298	Dapiprazole
Compound::DB00299	DB00299	DrugBank	https://go.drugbank.com/drugs/DB00299	Penciclovir
Compound::DB00300	DB00300	DrugBank	https://go.drugbank.com/drugs/DB00300	Tenofovir
Compound::DB00301	DB00301	DrugBank	https://go.drugbank.com/drugs/DB00301	Flucloxacillin
Compound::DB00302	DB00302	DrugBank	https://go.drugbank.com/drugs/DB00302	Tranexamic Acid
Compound::DB00303	DB00303	DrugBank	https://go.drugbank.com/drugs/DB00303	Ertapenem
Compound::DB00304	DB00304	DrugBank	https://go.drugbank.com/drugs/DB00304	Desogestrel
Compound::DB00305	DB00305	DrugBank	https://go.drugbank.com/drugs/DB00305	Mitomycin
Compound::DB00306	DB00306	DrugBank	https://go.drugbank.com/drugs/DB00306	Talbutal
Compound::DB00307	DB00307	DrugBank	https://go.drugbank.com/drugs/DB00307	Bexarotene
Compound::DB00308	DB00308	DrugBank	https://go.drugbank.com/drugs/DB00308	Ibutilide
Compound::DB00309	DB00309	DrugBank	https://go.drugbank.com/drugs/DB00309	Vindesine
Compound::DB00310	DB00310	DrugBank	https://go.drugbank.com/drugs/DB00310	Chlorthalidone
Compound::DB00312	DB00312	DrugBank	https://go.drugbank.com/drugs/DB00312	Pentobarbital
Compound::DB00313	DB00313	DrugBank	https://go.drugbank.com/drugs/DB00313	Valproic Acid
Compound::DB00314	DB00314	DrugBank	https://go.drugbank.com/drugs/DB00314	Capreomycin
Compound::DB00315	DB00315	DrugBank	https://go.drugbank.com/drugs/DB00315	Zolmitriptan
Compound::DB00316	DB00316	DrugBank	https://go.drugbank.com/drugs/DB00316	Acetaminophen
Compound::DB00317	DB00317	DrugBank	https://go.drugbank.com/drugs/DB00317	Gefitinib
Compound::DB00318	DB00318	DrugBank	https://go.drugbank.com/drugs/DB00318	Codeine
Compound::DB00319	DB00319	DrugBank	https://go.drugbank.com/drugs/DB00319	Piperacillin
Compound::DB00320	DB00320	DrugBank	https://go.drugbank.com/drugs/DB00320	Dihydroergotamine
Compound::DB00321	DB00321	DrugBank	https://go.drugbank.com/drugs/DB00321	Amitriptyline
Compound::DB00322	DB00322	DrugBank	https://go.drugbank.com/drugs/DB00322	Floxuridine
Compound::DB00323	DB00323	DrugBank	https://go.drugbank.com/drugs/DB00323	Tolcapone
Compound::DB00324	DB00324	DrugBank	https://go.drugbank.com/drugs/DB00324	Fluorometholone
Compound::DB00325	DB00325	DrugBank	https://go.drugbank.com/drugs/DB00325	Nitroprusside
Compound::DB00326	DB00326	DrugBank	https://go.drugbank.com/drugs/DB00326	Calcium Gluceptate
Compound::DB00327	DB00327	DrugBank	https://go.drugbank.com/drugs/DB00327	Hydromorphone
Compound::DB00328	DB00328	DrugBank	https://go.drugbank.com/drugs/DB00328	Indomethacin
Compound::DB00330	DB00330	DrugBank	https://go.drugbank.com/drugs/DB00330	Ethambutol
Compound::DB00331	DB00331	DrugBank	https://go.drugbank.com/drugs/DB00331	Metformin
Compound::DB00332	DB00332	DrugBank	https://go.drugbank.com/drugs/DB00332	Ipratropium Bromide
Compound::DB00333	DB00333	DrugBank	https://go.drugbank.com/drugs/DB00333	Methadone
Compound::DB00334	DB00334	DrugBank	https://go.drugbank.com/drugs/DB00334	Olanzapine
Compound::DB00335	DB00335	DrugBank	https://go.drugbank.com/drugs/DB00335	Atenolol
Compound::DB00336	DB00336	DrugBank	https://go.drugbank.com/drugs/DB00336	Nitrofural
Compound::DB00337	DB00337	DrugBank	https://go.drugbank.com/drugs/DB00337	Pimecrolimus
Compound::DB00338	DB00338	DrugBank	https://go.drugbank.com/drugs/DB00338	Omeprazole
Compound::DB00339	DB00339	DrugBank	https://go.drugbank.com/drugs/DB00339	Pyrazinamide
Compound::DB00340	DB00340	DrugBank	https://go.drugbank.com/drugs/DB00340	Metixene
Compound::DB00341	DB00341	DrugBank	https://go.drugbank.com/drugs/DB00341	Cetirizine
Compound::DB00343	DB00343	DrugBank	https://go.drugbank.com/drugs/DB00343	Diltiazem
Compound::DB00344	DB00344	DrugBank	https://go.drugbank.com/drugs/DB00344	Protriptyline
Compound::DB00345	DB00345	DrugBank	https://go.drugbank.com/drugs/DB00345	Aminohippurate
Compound::DB00346	DB00346	DrugBank	https://go.drugbank.com/drugs/DB00346	Alfuzosin
Compound::DB00347	DB00347	DrugBank	https://go.drugbank.com/drugs/DB00347	Trimethadione
Compound::DB00348	DB00348	DrugBank	https://go.drugbank.com/drugs/DB00348	Nitisinone
Compound::DB00349	DB00349	DrugBank	https://go.drugbank.com/drugs/DB00349	Clobazam
Compound::DB00350	DB00350	DrugBank	https://go.drugbank.com/drugs/DB00350	Minoxidil
Compound::DB00351	DB00351	DrugBank	https://go.drugbank.com/drugs/DB00351	Megestrol Acetate
Compound::DB00352	DB00352	DrugBank	https://go.drugbank.com/drugs/DB00352	Tioguanine
Compound::DB00353	DB00353	DrugBank	https://go.drugbank.com/drugs/DB00353	Methylergometrine
Compound::DB00354	DB00354	DrugBank	https://go.drugbank.com/drugs/DB00354	Buclizine
Compound::DB00355	DB00355	DrugBank	https://go.drugbank.com/drugs/DB00355	Aztreonam
Compound::DB00356	DB00356	DrugBank	https://go.drugbank.com/drugs/DB00356	Chlorzoxazone
Compound::DB00357	DB00357	DrugBank	https://go.drugbank.com/drugs/DB00357	Aminoglutethimide
Compound::DB00358	DB00358	DrugBank	https://go.drugbank.com/drugs/DB00358	Mefloquine
Compound::DB00359	DB00359	DrugBank	https://go.drugbank.com/drugs/DB00359	Sulfadiazine
Compound::DB00360	DB00360	DrugBank	https://go.drugbank.com/drugs/DB00360	Tetrahydrobiopterin
Compound::DB00361	DB00361	DrugBank	https://go.drugbank.com/drugs/DB00361	Vinorelbine
Compound::DB00362	DB00362	DrugBank	https://go.drugbank.com/drugs/DB00362	Anidulafungin
Compound::DB00363	DB00363	DrugBank	https://go.drugbank.com/drugs/DB00363	Clozapine
Compound::DB00364	DB00364	DrugBank	https://go.drugbank.com/drugs/DB00364	Sucralfate
Compound::DB00366	DB00366	DrugBank	https://go.drugbank.com/drugs/DB00366	Doxylamine
Compound::DB00367	DB00367	DrugBank	https://go.drugbank.com/drugs/DB00367	Levonorgestrel
Compound::DB00368	DB00368	DrugBank	https://go.drugbank.com/drugs/DB00368	Norepinephrine
Compound::DB00369	DB00369	DrugBank	https://go.drugbank.com/drugs/DB00369	Cidofovir
Compound::DB00370	DB00370	DrugBank	https://go.drugbank.com/drugs/DB00370	Mirtazapine
Compound::DB00371	DB00371	DrugBank	https://go.drugbank.com/drugs/DB00371	Meprobamate
Compound::DB00373	DB00373	DrugBank	https://go.drugbank.com/drugs/DB00373	Timolol
Compound::DB00374	DB00374	DrugBank	https://go.drugbank.com/drugs/DB00374	Treprostinil
Compound::DB00375	DB00375	DrugBank	https://go.drugbank.com/drugs/DB00375	Colestipol
Compound::DB00376	DB00376	DrugBank	https://go.drugbank.com/drugs/DB00376	Trihexyphenidyl
Compound::DB00377	DB00377	DrugBank	https://go.drugbank.com/drugs/DB00377	Palonosetron
Compound::DB00378	DB00378	DrugBank	https://go.drugbank.com/drugs/DB00378	Dydrogesterone
Compound::DB00379	DB00379	DrugBank	https://go.drugbank.com/drugs/DB00379	Mexiletine
Compound::DB00380	DB00380	DrugBank	https://go.drugbank.com/drugs/DB00380	Dexrazoxane
Compound::DB00381	DB00381	DrugBank	https://go.drugbank.com/drugs/DB00381	Amlodipine
Compound::DB00383	DB00383	DrugBank	https://go.drugbank.com/drugs/DB00383	Oxyphencyclimine
Compound::DB00384	DB00384	DrugBank	https://go.drugbank.com/drugs/DB00384	Triamterene
Compound::DB00385	DB00385	DrugBank	https://go.drugbank.com/drugs/DB00385	Valrubicin
Compound::DB00387	DB00387	DrugBank	https://go.drugbank.com/drugs/DB00387	Procyclidine
Compound::DB00388	DB00388	DrugBank	https://go.drugbank.com/drugs/DB00388	Phenylephrine
Compound::DB00389	DB00389	DrugBank	https://go.drugbank.com/drugs/DB00389	Carbimazole
Compound::DB00390	DB00390	DrugBank	https://go.drugbank.com/drugs/DB00390	Digoxin
Compound::DB00391	DB00391	DrugBank	https://go.drugbank.com/drugs/DB00391	Sulpiride
Compound::DB00392	DB00392	DrugBank	https://go.drugbank.com/drugs/DB00392	Ethopropazine
Compound::DB00393	DB00393	DrugBank	https://go.drugbank.com/drugs/DB00393	Nimodipine
Compound::DB00394	DB00394	DrugBank	https://go.drugbank.com/drugs/DB00394	Beclomethasone
Compound::DB00395	DB00395	DrugBank	https://go.drugbank.com/drugs/DB00395	Carisoprodol
Compound::DB00396	DB00396	DrugBank	https://go.drugbank.com/drugs/DB00396	Progesterone
Compound::DB00397	DB00397	DrugBank	https://go.drugbank.com/drugs/DB00397	Phenylpropanolamine
Compound::DB00398	DB00398	DrugBank	https://go.drugbank.com/drugs/DB00398	Sorafenib
Compound::DB00399	DB00399	DrugBank	https://go.drugbank.com/drugs/DB00399	Zoledronate
Compound::DB00400	DB00400	DrugBank	https://go.drugbank.com/drugs/DB00400	Griseofulvin
Compound::DB00401	DB00401	DrugBank	https://go.drugbank.com/drugs/DB00401	Nisoldipine
Compound::DB00402	DB00402	DrugBank	https://go.drugbank.com/drugs/DB00402	Eszopiclone
Compound::DB00403	DB00403	DrugBank	https://go.drugbank.com/drugs/DB00403	Ceruletide
Compound::DB00404	DB00404	DrugBank	https://go.drugbank.com/drugs/DB00404	Alprazolam
Compound::DB00405	DB00405	DrugBank	https://go.drugbank.com/drugs/DB00405	Dexbrompheniramine
Compound::DB00406	DB00406	DrugBank	https://go.drugbank.com/drugs/DB00406	Gentian Violet
Compound::DB00407	DB00407	DrugBank	https://go.drugbank.com/drugs/DB00407	Ardeparin
Compound::DB00408	DB00408	DrugBank	https://go.drugbank.com/drugs/DB00408	Loxapine
Compound::DB00409	DB00409	DrugBank	https://go.drugbank.com/drugs/DB00409	Remoxipride
Compound::DB00410	DB00410	DrugBank	https://go.drugbank.com/drugs/DB00410	Mupirocin
Compound::DB00411	DB00411	DrugBank	https://go.drugbank.com/drugs/DB00411	Carbachol
Compound::DB00412	DB00412	DrugBank	https://go.drugbank.com/drugs/DB00412	Rosiglitazone
Compound::DB00413	DB00413	DrugBank	https://go.drugbank.com/drugs/DB00413	Pramipexole
Compound::DB00415	DB00415	DrugBank	https://go.drugbank.com/drugs/DB00415	Ampicillin
Compound::DB00417	DB00417	DrugBank	https://go.drugbank.com/drugs/DB00417	Penicillin V
Compound::DB00418	DB00418	DrugBank	https://go.drugbank.com/drugs/DB00418	Secobarbital
Compound::DB00419	DB00419	DrugBank	https://go.drugbank.com/drugs/DB00419	Miglustat
Compound::DB00420	DB00420	DrugBank	https://go.drugbank.com/drugs/DB00420	Promazine
Compound::DB00421	DB00421	DrugBank	https://go.drugbank.com/drugs/DB00421	Spironolactone
Compound::DB00422	DB00422	DrugBank	https://go.drugbank.com/drugs/DB00422	Methylphenidate
Compound::DB00423	DB00423	DrugBank	https://go.drugbank.com/drugs/DB00423	Methocarbamol
Compound::DB00424	DB00424	DrugBank	https://go.drugbank.com/drugs/DB00424	Hyoscyamine
Compound::DB00425	DB00425	DrugBank	https://go.drugbank.com/drugs/DB00425	Zolpidem
Compound::DB00426	DB00426	DrugBank	https://go.drugbank.com/drugs/DB00426	Famciclovir
Compound::DB00427	DB00427	DrugBank	https://go.drugbank.com/drugs/DB00427	Triprolidine
Compound::DB00428	DB00428	DrugBank	https://go.drugbank.com/drugs/DB00428	Streptozocin
Compound::DB00429	DB00429	DrugBank	https://go.drugbank.com/drugs/DB00429	Carboprost Tromethamine
Compound::DB00430	DB00430	DrugBank	https://go.drugbank.com/drugs/DB00430	Cefpiramide
Compound::DB00431	DB00431	DrugBank	https://go.drugbank.com/drugs/DB00431	Lindane
Compound::DB00432	DB00432	DrugBank	https://go.drugbank.com/drugs/DB00432	Trifluridine
Compound::DB00433	DB00433	DrugBank	https://go.drugbank.com/drugs/DB00433	Prochlorperazine
Compound::DB00434	DB00434	DrugBank	https://go.drugbank.com/drugs/DB00434	Cyproheptadine
Compound::DB00435	DB00435	DrugBank	https://go.drugbank.com/drugs/DB00435	Nitric Oxide
Compound::DB00436	DB00436	DrugBank	https://go.drugbank.com/drugs/DB00436	Bendroflumethiazide
Compound::DB00437	DB00437	DrugBank	https://go.drugbank.com/drugs/DB00437	Allopurinol
Compound::DB00438	DB00438	DrugBank	https://go.drugbank.com/drugs/DB00438	Ceftazidime
Compound::DB00440	DB00440	DrugBank	https://go.drugbank.com/drugs/DB00440	Trimethoprim
Compound::DB00441	DB00441	DrugBank	https://go.drugbank.com/drugs/DB00441	Gemcitabine
Compound::DB00442	DB00442	DrugBank	https://go.drugbank.com/drugs/DB00442	Entecavir
Compound::DB00443	DB00443	DrugBank	https://go.drugbank.com/drugs/DB00443	Betamethasone
Compound::DB00444	DB00444	DrugBank	https://go.drugbank.com/drugs/DB00444	Teniposide
Compound::DB00445	DB00445	DrugBank	https://go.drugbank.com/drugs/DB00445	Epirubicin
Compound::DB00446	DB00446	DrugBank	https://go.drugbank.com/drugs/DB00446	Chloramphenicol
Compound::DB00448	DB00448	DrugBank	https://go.drugbank.com/drugs/DB00448	Lansoprazole
Compound::DB00449	DB00449	DrugBank	https://go.drugbank.com/drugs/DB00449	Dipivefrin
Compound::DB00450	DB00450	DrugBank	https://go.drugbank.com/drugs/DB00450	Droperidol
Compound::DB00451	DB00451	DrugBank	https://go.drugbank.com/drugs/DB00451	Levothyroxine
Compound::DB00452	DB00452	DrugBank	https://go.drugbank.com/drugs/DB00452	Framycetin
Compound::DB00453	DB00453	DrugBank	https://go.drugbank.com/drugs/DB00453	Clomocycline
Compound::DB00454	DB00454	DrugBank	https://go.drugbank.com/drugs/DB00454	Pethidine
Compound::DB00455	DB00455	DrugBank	https://go.drugbank.com/drugs/DB00455	Loratadine
Compound::DB00456	DB00456	DrugBank	https://go.drugbank.com/drugs/DB00456	Cefalotin
Compound::DB00457	DB00457	DrugBank	https://go.drugbank.com/drugs/DB00457	Prazosin
Compound::DB00458	DB00458	DrugBank	https://go.drugbank.com/drugs/DB00458	Imipramine
Compound::DB00459	DB00459	DrugBank	https://go.drugbank.com/drugs/DB00459	Acitretin
Compound::DB00460	DB00460	DrugBank	https://go.drugbank.com/drugs/DB00460	Verteporfin
Compound::DB00461	DB00461	DrugBank	https://go.drugbank.com/drugs/DB00461	Nabumetone
Compound::DB00462	DB00462	DrugBank	https://go.drugbank.com/drugs/DB00462	Methylscopolamine Bromide
Compound::DB00464	DB00464	DrugBank	https://go.drugbank.com/drugs/DB00464	Sodium Tetradecyl Sulfate
Compound::DB00465	DB00465	DrugBank	https://go.drugbank.com/drugs/DB00465	Ketorolac
Compound::DB00467	DB00467	DrugBank	https://go.drugbank.com/drugs/DB00467	Enoxacin
Compound::DB00468	DB00468	DrugBank	https://go.drugbank.com/drugs/DB00468	Quinine
Compound::DB00469	DB00469	DrugBank	https://go.drugbank.com/drugs/DB00469	Tenoxicam
Compound::DB00470	DB00470	DrugBank	https://go.drugbank.com/drugs/DB00470	Dronabinol
Compound::DB00471	DB00471	DrugBank	https://go.drugbank.com/drugs/DB00471	Montelukast
Compound::DB00472	DB00472	DrugBank	https://go.drugbank.com/drugs/DB00472	Fluoxetine
Compound::DB00473	DB00473	DrugBank	https://go.drugbank.com/drugs/DB00473	Hexylcaine
Compound::DB00474	DB00474	DrugBank	https://go.drugbank.com/drugs/DB00474	Methohexital
Compound::DB00475	DB00475	DrugBank	https://go.drugbank.com/drugs/DB00475	Chlordiazepoxide
Compound::DB00476	DB00476	DrugBank	https://go.drugbank.com/drugs/DB00476	Duloxetine
Compound::DB00477	DB00477	DrugBank	https://go.drugbank.com/drugs/DB00477	Chlorpromazine
Compound::DB00478	DB00478	DrugBank	https://go.drugbank.com/drugs/DB00478	Rimantadine
Compound::DB00479	DB00479	DrugBank	https://go.drugbank.com/drugs/DB00479	Amikacin
Compound::DB00480	DB00480	DrugBank	https://go.drugbank.com/drugs/DB00480	Lenalidomide
Compound::DB00481	DB00481	DrugBank	https://go.drugbank.com/drugs/DB00481	Raloxifene
Compound::DB00482	DB00482	DrugBank	https://go.drugbank.com/drugs/DB00482	Celecoxib
Compound::DB00483	DB00483	DrugBank	https://go.drugbank.com/drugs/DB00483	Gallamine Triethiodide
Compound::DB00484	DB00484	DrugBank	https://go.drugbank.com/drugs/DB00484	Brimonidine
Compound::DB00485	DB00485	DrugBank	https://go.drugbank.com/drugs/DB00485	Dicloxacillin
Compound::DB00486	DB00486	DrugBank	https://go.drugbank.com/drugs/DB00486	Nabilone
Compound::DB00487	DB00487	DrugBank	https://go.drugbank.com/drugs/DB00487	Pefloxacin
Compound::DB00488	DB00488	DrugBank	https://go.drugbank.com/drugs/DB00488	Altretamine
Compound::DB00489	DB00489	DrugBank	https://go.drugbank.com/drugs/DB00489	Sotalol
Compound::DB00490	DB00490	DrugBank	https://go.drugbank.com/drugs/DB00490	Buspirone
Compound::DB00491	DB00491	DrugBank	https://go.drugbank.com/drugs/DB00491	Miglitol
Compound::DB00492	DB00492	DrugBank	https://go.drugbank.com/drugs/DB00492	Fosinopril
Compound::DB00493	DB00493	DrugBank	https://go.drugbank.com/drugs/DB00493	Cefotaxime
Compound::DB00494	DB00494	DrugBank	https://go.drugbank.com/drugs/DB00494	Entacapone
Compound::DB00495	DB00495	DrugBank	https://go.drugbank.com/drugs/DB00495	Zidovudine
Compound::DB00496	DB00496	DrugBank	https://go.drugbank.com/drugs/DB00496	Darifenacin
Compound::DB00497	DB00497	DrugBank	https://go.drugbank.com/drugs/DB00497	Oxycodone
Compound::DB00498	DB00498	DrugBank	https://go.drugbank.com/drugs/DB00498	Phenindione
Compound::DB00499	DB00499	DrugBank	https://go.drugbank.com/drugs/DB00499	Flutamide
Compound::DB00500	DB00500	DrugBank	https://go.drugbank.com/drugs/DB00500	Tolmetin
Compound::DB00501	DB00501	DrugBank	https://go.drugbank.com/drugs/DB00501	Cimetidine
Compound::DB00502	DB00502	DrugBank	https://go.drugbank.com/drugs/DB00502	Haloperidol
Compound::DB00503	DB00503	DrugBank	https://go.drugbank.com/drugs/DB00503	Ritonavir
Compound::DB00504	DB00504	DrugBank	https://go.drugbank.com/drugs/DB00504	Levallorphan
Compound::DB00507	DB00507	DrugBank	https://go.drugbank.com/drugs/DB00507	Nitazoxanide
Compound::DB00508	DB00508	DrugBank	https://go.drugbank.com/drugs/DB00508	Triflupromazine
Compound::DB00509	DB00509	DrugBank	https://go.drugbank.com/drugs/DB00509	Dextrothyroxine
Compound::DB00511	DB00511	DrugBank	https://go.drugbank.com/drugs/DB00511	Acetyldigitoxin
Compound::DB00512	DB00512	DrugBank	https://go.drugbank.com/drugs/DB00512	Vancomycin
Compound::DB00513	DB00513	DrugBank	https://go.drugbank.com/drugs/DB00513	Aminocaproic Acid
Compound::DB00514	DB00514	DrugBank	https://go.drugbank.com/drugs/DB00514	Dextromethorphan
Compound::DB00515	DB00515	DrugBank	https://go.drugbank.com/drugs/DB00515	Cisplatin
Compound::DB00516	DB00516	DrugBank	https://go.drugbank.com/drugs/DB00516	Bentoquatam
Compound::DB00517	DB00517	DrugBank	https://go.drugbank.com/drugs/DB00517	Anisotropine Methylbromide
Compound::DB00518	DB00518	DrugBank	https://go.drugbank.com/drugs/DB00518	Albendazole
Compound::DB00519	DB00519	DrugBank	https://go.drugbank.com/drugs/DB00519	Trandolapril
Compound::DB00520	DB00520	DrugBank	https://go.drugbank.com/drugs/DB00520	Caspofungin
Compound::DB00521	DB00521	DrugBank	https://go.drugbank.com/drugs/DB00521	Carteolol
Compound::DB00523	DB00523	DrugBank	https://go.drugbank.com/drugs/DB00523	Alitretinoin
Compound::DB00524	DB00524	DrugBank	https://go.drugbank.com/drugs/DB00524	Metolazone
Compound::DB00525	DB00525	DrugBank	https://go.drugbank.com/drugs/DB00525	Tolnaftate
Compound::DB00526	DB00526	DrugBank	https://go.drugbank.com/drugs/DB00526	Oxaliplatin
Compound::DB00527	DB00527	DrugBank	https://go.drugbank.com/drugs/DB00527	Cinchocaine
Compound::DB00528	DB00528	DrugBank	https://go.drugbank.com/drugs/DB00528	Lercanidipine
Compound::DB00529	DB00529	DrugBank	https://go.drugbank.com/drugs/DB00529	Foscarnet
Compound::DB00530	DB00530	DrugBank	https://go.drugbank.com/drugs/DB00530	Erlotinib
Compound::DB00531	DB00531	DrugBank	https://go.drugbank.com/drugs/DB00531	Cyclophosphamide
Compound::DB00534	DB00534	DrugBank	https://go.drugbank.com/drugs/DB00534	Chlormerodrin
Compound::DB00535	DB00535	DrugBank	https://go.drugbank.com/drugs/DB00535	Cefdinir
Compound::DB00536	DB00536	DrugBank	https://go.drugbank.com/drugs/DB00536	Guanidine
Compound::DB00537	DB00537	DrugBank	https://go.drugbank.com/drugs/DB00537	Ciprofloxacin
Compound::DB00538	DB00538	DrugBank	https://go.drugbank.com/drugs/DB00538	Gadoversetamide
Compound::DB00539	DB00539	DrugBank	https://go.drugbank.com/drugs/DB00539	Toremifene
Compound::DB00540	DB00540	DrugBank	https://go.drugbank.com/drugs/DB00540	Nortriptyline
Compound::DB00541	DB00541	DrugBank	https://go.drugbank.com/drugs/DB00541	Vincristine
Compound::DB00542	DB00542	DrugBank	https://go.drugbank.com/drugs/DB00542	Benazepril
Compound::DB00543	DB00543	DrugBank	https://go.drugbank.com/drugs/DB00543	Amoxapine
Compound::DB00544	DB00544	DrugBank	https://go.drugbank.com/drugs/DB00544	Fluorouracil
Compound::DB00545	DB00545	DrugBank	https://go.drugbank.com/drugs/DB00545	Pyridostigmine
Compound::DB00546	DB00546	DrugBank	https://go.drugbank.com/drugs/DB00546	Adinazolam
Compound::DB00547	DB00547	DrugBank	https://go.drugbank.com/drugs/DB00547	Desoximetasone
Compound::DB00548	DB00548	DrugBank	https://go.drugbank.com/drugs/DB00548	Azelaic Acid
Compound::DB00549	DB00549	DrugBank	https://go.drugbank.com/drugs/DB00549	Zafirlukast
Compound::DB00550	DB00550	DrugBank	https://go.drugbank.com/drugs/DB00550	Propylthiouracil
Compound::DB00551	DB00551	DrugBank	https://go.drugbank.com/drugs/DB00551	Acetohydroxamic Acid
Compound::DB00552	DB00552	DrugBank	https://go.drugbank.com/drugs/DB00552	Pentostatin
Compound::DB00553	DB00553	DrugBank	https://go.drugbank.com/drugs/DB00553	Methoxsalen
Compound::DB00554	DB00554	DrugBank	https://go.drugbank.com/drugs/DB00554	Piroxicam
Compound::DB00555	DB00555	DrugBank	https://go.drugbank.com/drugs/DB00555	Lamotrigine
Compound::DB00556	DB00556	DrugBank	https://go.drugbank.com/drugs/DB00556	Perflutren
Compound::DB00557	DB00557	DrugBank	https://go.drugbank.com/drugs/DB00557	Hydroxyzine
Compound::DB00558	DB00558	DrugBank	https://go.drugbank.com/drugs/DB00558	Zanamivir
Compound::DB00559	DB00559	DrugBank	https://go.drugbank.com/drugs/DB00559	Bosentan
Compound::DB00560	DB00560	DrugBank	https://go.drugbank.com/drugs/DB00560	Tigecycline
Compound::DB00561	DB00561	DrugBank	https://go.drugbank.com/drugs/DB00561	Doxapram
Compound::DB00562	DB00562	DrugBank	https://go.drugbank.com/drugs/DB00562	Benzthiazide
Compound::DB00563	DB00563	DrugBank	https://go.drugbank.com/drugs/DB00563	Methotrexate
Compound::DB00564	DB00564	DrugBank	https://go.drugbank.com/drugs/DB00564	Carbamazepine
Compound::DB00565	DB00565	DrugBank	https://go.drugbank.com/drugs/DB00565	Cisatracurium Besylate
Compound::DB00566	DB00566	DrugBank	https://go.drugbank.com/drugs/DB00566	Succimer
Compound::DB00567	DB00567	DrugBank	https://go.drugbank.com/drugs/DB00567	Cephalexin
Compound::DB00568	DB00568	DrugBank	https://go.drugbank.com/drugs/DB00568	Cinnarizine
Compound::DB00569	DB00569	DrugBank	https://go.drugbank.com/drugs/DB00569	Fondaparinux Sodium
Compound::DB00570	DB00570	DrugBank	https://go.drugbank.com/drugs/DB00570	Vinblastine
Compound::DB00571	DB00571	DrugBank	https://go.drugbank.com/drugs/DB00571	Propranolol
Compound::DB00572	DB00572	DrugBank	https://go.drugbank.com/drugs/DB00572	Atropine
Compound::DB00573	DB00573	DrugBank	https://go.drugbank.com/drugs/DB00573	Fenoprofen
Compound::DB00575	DB00575	DrugBank	https://go.drugbank.com/drugs/DB00575	Clonidine
Compound::DB00576	DB00576	DrugBank	https://go.drugbank.com/drugs/DB00576	Sulfamethizole
Compound::DB00577	DB00577	DrugBank	https://go.drugbank.com/drugs/DB00577	Valaciclovir
Compound::DB00578	DB00578	DrugBank	https://go.drugbank.com/drugs/DB00578	Carbenicillin
Compound::DB00579	DB00579	DrugBank	https://go.drugbank.com/drugs/DB00579	Mazindol
Compound::DB00581	DB00581	DrugBank	https://go.drugbank.com/drugs/DB00581	Lactulose
Compound::DB00582	DB00582	DrugBank	https://go.drugbank.com/drugs/DB00582	Voriconazole
Compound::DB00583	DB00583	DrugBank	https://go.drugbank.com/drugs/DB00583	L-carnitine
Compound::DB00584	DB00584	DrugBank	https://go.drugbank.com/drugs/DB00584	Enalapril
Compound::DB00585	DB00585	DrugBank	https://go.drugbank.com/drugs/DB00585	Nizatidine
Compound::DB00586	DB00586	DrugBank	https://go.drugbank.com/drugs/DB00586	Diclofenac
Compound::DB00587	DB00587	DrugBank	https://go.drugbank.com/drugs/DB00587	Cinalukast
Compound::DB00588	DB00588	DrugBank	https://go.drugbank.com/drugs/DB00588	Fluticasone Propionate
Compound::DB00589	DB00589	DrugBank	https://go.drugbank.com/drugs/DB00589	Lisuride
Compound::DB00590	DB00590	DrugBank	https://go.drugbank.com/drugs/DB00590	Doxazosin
Compound::DB00591	DB00591	DrugBank	https://go.drugbank.com/drugs/DB00591	Fluocinolone Acetonide
Compound::DB00592	DB00592	DrugBank	https://go.drugbank.com/drugs/DB00592	Piperazine
Compound::DB00593	DB00593	DrugBank	https://go.drugbank.com/drugs/DB00593	Ethosuximide
Compound::DB00594	DB00594	DrugBank	https://go.drugbank.com/drugs/DB00594	Amiloride
Compound::DB00595	DB00595	DrugBank	https://go.drugbank.com/drugs/DB00595	Oxytetracycline
Compound::DB00596	DB00596	DrugBank	https://go.drugbank.com/drugs/DB00596	Halobetasol Propionate
Compound::DB00597	DB00597	DrugBank	https://go.drugbank.com/drugs/DB00597	Gadoteridol
Compound::DB00598	DB00598	DrugBank	https://go.drugbank.com/drugs/DB00598	Labetalol
Compound::DB00599	DB00599	DrugBank	https://go.drugbank.com/drugs/DB00599	Thiopental
Compound::DB00600	DB00600	DrugBank	https://go.drugbank.com/drugs/DB00600	Monobenzone
Compound::DB00601	DB00601	DrugBank	https://go.drugbank.com/drugs/DB00601	Linezolid
Compound::DB00602	DB00602	DrugBank	https://go.drugbank.com/drugs/DB00602	Ivermectin
Compound::DB00603	DB00603	DrugBank	https://go.drugbank.com/drugs/DB00603	Medroxyprogesterone Acetate
Compound::DB00604	DB00604	DrugBank	https://go.drugbank.com/drugs/DB00604	Cisapride
Compound::DB00605	DB00605	DrugBank	https://go.drugbank.com/drugs/DB00605	Sulindac
Compound::DB00606	DB00606	DrugBank	https://go.drugbank.com/drugs/DB00606	Cyclothiazide
Compound::DB00607	DB00607	DrugBank	https://go.drugbank.com/drugs/DB00607	Nafcillin
Compound::DB00608	DB00608	DrugBank	https://go.drugbank.com/drugs/DB00608	Chloroquine
Compound::DB00609	DB00609	DrugBank	https://go.drugbank.com/drugs/DB00609	Ethionamide
Compound::DB00610	DB00610	DrugBank	https://go.drugbank.com/drugs/DB00610	Metaraminol
Compound::DB00611	DB00611	DrugBank	https://go.drugbank.com/drugs/DB00611	Butorphanol
Compound::DB00612	DB00612	DrugBank	https://go.drugbank.com/drugs/DB00612	Bisoprolol
Compound::DB00613	DB00613	DrugBank	https://go.drugbank.com/drugs/DB00613	Amodiaquine
Compound::DB00614	DB00614	DrugBank	https://go.drugbank.com/drugs/DB00614	Furazolidone
Compound::DB00615	DB00615	DrugBank	https://go.drugbank.com/drugs/DB00615	Rifabutin
Compound::DB00616	DB00616	DrugBank	https://go.drugbank.com/drugs/DB00616	Candoxatril
Compound::DB00617	DB00617	DrugBank	https://go.drugbank.com/drugs/DB00617	Paramethadione
Compound::DB00618	DB00618	DrugBank	https://go.drugbank.com/drugs/DB00618	Demeclocycline
Compound::DB00619	DB00619	DrugBank	https://go.drugbank.com/drugs/DB00619	Imatinib
Compound::DB00620	DB00620	DrugBank	https://go.drugbank.com/drugs/DB00620	Triamcinolone
Compound::DB00621	DB00621	DrugBank	https://go.drugbank.com/drugs/DB00621	Oxandrolone
Compound::DB00622	DB00622	DrugBank	https://go.drugbank.com/drugs/DB00622	Nicardipine
Compound::DB00623	DB00623	DrugBank	https://go.drugbank.com/drugs/DB00623	Fluphenazine
Compound::DB00624	DB00624	DrugBank	https://go.drugbank.com/drugs/DB00624	Testosterone
Compound::DB00625	DB00625	DrugBank	https://go.drugbank.com/drugs/DB00625	Efavirenz
Compound::DB00626	DB00626	DrugBank	https://go.drugbank.com/drugs/DB00626	Bacitracin
Compound::DB00627	DB00627	DrugBank	https://go.drugbank.com/drugs/DB00627	Niacin
Compound::DB00628	DB00628	DrugBank	https://go.drugbank.com/drugs/DB00628	Clorazepate
Compound::DB00629	DB00629	DrugBank	https://go.drugbank.com/drugs/DB00629	Guanabenz
Compound::DB00630	DB00630	DrugBank	https://go.drugbank.com/drugs/DB00630	Alendronate
Compound::DB00631	DB00631	DrugBank	https://go.drugbank.com/drugs/DB00631	Clofarabine
Compound::DB00632	DB00632	DrugBank	https://go.drugbank.com/drugs/DB00632	Docosanol
Compound::DB00633	DB00633	DrugBank	https://go.drugbank.com/drugs/DB00633	Dexmedetomidine
Compound::DB00634	DB00634	DrugBank	https://go.drugbank.com/drugs/DB00634	Sulfacetamide
Compound::DB00635	DB00635	DrugBank	https://go.drugbank.com/drugs/DB00635	Prednisone
Compound::DB00636	DB00636	DrugBank	https://go.drugbank.com/drugs/DB00636	Clofibrate
Compound::DB00637	DB00637	DrugBank	https://go.drugbank.com/drugs/DB00637	Astemizole
Compound::DB00638	DB00638	DrugBank	https://go.drugbank.com/drugs/DB00638	Inulin
Compound::DB00639	DB00639	DrugBank	https://go.drugbank.com/drugs/DB00639	Butoconazole
Compound::DB00640	DB00640	DrugBank	https://go.drugbank.com/drugs/DB00640	Adenosine
Compound::DB00641	DB00641	DrugBank	https://go.drugbank.com/drugs/DB00641	Simvastatin
Compound::DB00642	DB00642	DrugBank	https://go.drugbank.com/drugs/DB00642	Pemetrexed
Compound::DB00643	DB00643	DrugBank	https://go.drugbank.com/drugs/DB00643	Mebendazole
Compound::DB00644	DB00644	DrugBank	https://go.drugbank.com/drugs/DB00644	Gonadorelin
Compound::DB00645	DB00645	DrugBank	https://go.drugbank.com/drugs/DB00645	Dyclonine
Compound::DB00646	DB00646	DrugBank	https://go.drugbank.com/drugs/DB00646	Nystatin
Compound::DB00647	DB00647	DrugBank	https://go.drugbank.com/drugs/DB00647	Dextropropoxyphene
Compound::DB00648	DB00648	DrugBank	https://go.drugbank.com/drugs/DB00648	Mitotane
Compound::DB00649	DB00649	DrugBank	https://go.drugbank.com/drugs/DB00649	Stavudine
Compound::DB00650	DB00650	DrugBank	https://go.drugbank.com/drugs/DB00650	Leucovorin
Compound::DB00651	DB00651	DrugBank	https://go.drugbank.com/drugs/DB00651	Dyphylline
Compound::DB00652	DB00652	DrugBank	https://go.drugbank.com/drugs/DB00652	Pentazocine
Compound::DB00653	DB00653	DrugBank	https://go.drugbank.com/drugs/DB00653	Magnesium Sulfate
Compound::DB00654	DB00654	DrugBank	https://go.drugbank.com/drugs/DB00654	Latanoprost
Compound::DB00655	DB00655	DrugBank	https://go.drugbank.com/drugs/DB00655	Estrone
Compound::DB00656	DB00656	DrugBank	https://go.drugbank.com/drugs/DB00656	Trazodone
Compound::DB00657	DB00657	DrugBank	https://go.drugbank.com/drugs/DB00657	Mecamylamine
Compound::DB00658	DB00658	DrugBank	https://go.drugbank.com/drugs/DB00658	Sevelamer
Compound::DB00659	DB00659	DrugBank	https://go.drugbank.com/drugs/DB00659	Acamprosate
Compound::DB00660	DB00660	DrugBank	https://go.drugbank.com/drugs/DB00660	Metaxalone
Compound::DB00661	DB00661	DrugBank	https://go.drugbank.com/drugs/DB00661	Verapamil
Compound::DB00662	DB00662	DrugBank	https://go.drugbank.com/drugs/DB00662	Trimethobenzamide
Compound::DB00663	DB00663	DrugBank	https://go.drugbank.com/drugs/DB00663	Flumethasone Pivalate
Compound::DB00664	DB00664	DrugBank	https://go.drugbank.com/drugs/DB00664	Sulfametopyrazine
Compound::DB00665	DB00665	DrugBank	https://go.drugbank.com/drugs/DB00665	Nilutamide
Compound::DB00666	DB00666	DrugBank	https://go.drugbank.com/drugs/DB00666	Nafarelin
Compound::DB00667	DB00667	DrugBank	https://go.drugbank.com/drugs/DB00667	Histamine Phosphate
Compound::DB00668	DB00668	DrugBank	https://go.drugbank.com/drugs/DB00668	Epinephrine
Compound::DB00669	DB00669	DrugBank	https://go.drugbank.com/drugs/DB00669	Sumatriptan
Compound::DB00670	DB00670	DrugBank	https://go.drugbank.com/drugs/DB00670	Pirenzepine
Compound::DB00671	DB00671	DrugBank	https://go.drugbank.com/drugs/DB00671	Cefixime
Compound::DB00672	DB00672	DrugBank	https://go.drugbank.com/drugs/DB00672	Chlorpropamide
Compound::DB00673	DB00673	DrugBank	https://go.drugbank.com/drugs/DB00673	Aprepitant
Compound::DB00674	DB00674	DrugBank	https://go.drugbank.com/drugs/DB00674	Galantamine
Compound::DB00675	DB00675	DrugBank	https://go.drugbank.com/drugs/DB00675	Tamoxifen
Compound::DB00676	DB00676	DrugBank	https://go.drugbank.com/drugs/DB00676	Benzyl Benzoate
Compound::DB00677	DB00677	DrugBank	https://go.drugbank.com/drugs/DB00677	Isoflurophate
Compound::DB00678	DB00678	DrugBank	https://go.drugbank.com/drugs/DB00678	Losartan
Compound::DB00679	DB00679	DrugBank	https://go.drugbank.com/drugs/DB00679	Thioridazine
Compound::DB00680	DB00680	DrugBank	https://go.drugbank.com/drugs/DB00680	Moricizine
Compound::DB00681	DB00681	DrugBank	https://go.drugbank.com/drugs/DB00681	Amphotericin B
Compound::DB00682	DB00682	DrugBank	https://go.drugbank.com/drugs/DB00682	Warfarin
Compound::DB00683	DB00683	DrugBank	https://go.drugbank.com/drugs/DB00683	Midazolam
Compound::DB00684	DB00684	DrugBank	https://go.drugbank.com/drugs/DB00684	Tobramycin
Compound::DB00685	DB00685	DrugBank	https://go.drugbank.com/drugs/DB00685	Trovafloxacin
Compound::DB00686	DB00686	DrugBank	https://go.drugbank.com/drugs/DB00686	Pentosan Polysulfate
Compound::DB00687	DB00687	DrugBank	https://go.drugbank.com/drugs/DB00687	Fludrocortisone
Compound::DB00688	DB00688	DrugBank	https://go.drugbank.com/drugs/DB00688	Mycophenolate Mofetil
Compound::DB00689	DB00689	DrugBank	https://go.drugbank.com/drugs/DB00689	Cephaloglycin
Compound::DB00690	DB00690	DrugBank	https://go.drugbank.com/drugs/DB00690	Flurazepam
Compound::DB00691	DB00691	DrugBank	https://go.drugbank.com/drugs/DB00691	Moexipril
Compound::DB00692	DB00692	DrugBank	https://go.drugbank.com/drugs/DB00692	Phentolamine
Compound::DB00693	DB00693	DrugBank	https://go.drugbank.com/drugs/DB00693	Fluorescein
Compound::DB00694	DB00694	DrugBank	https://go.drugbank.com/drugs/DB00694	Daunorubicin
Compound::DB00695	DB00695	DrugBank	https://go.drugbank.com/drugs/DB00695	Furosemide
Compound::DB00696	DB00696	DrugBank	https://go.drugbank.com/drugs/DB00696	Ergotamine
Compound::DB00697	DB00697	DrugBank	https://go.drugbank.com/drugs/DB00697	Tizanidine
Compound::DB00698	DB00698	DrugBank	https://go.drugbank.com/drugs/DB00698	Nitrofurantoin
Compound::DB00699	DB00699	DrugBank	https://go.drugbank.com/drugs/DB00699	Nicergoline
Compound::DB00700	DB00700	DrugBank	https://go.drugbank.com/drugs/DB00700	Eplerenone
Compound::DB00701	DB00701	DrugBank	https://go.drugbank.com/drugs/DB00701	Amprenavir
Compound::DB00703	DB00703	DrugBank	https://go.drugbank.com/drugs/DB00703	Methazolamide
Compound::DB00704	DB00704	DrugBank	https://go.drugbank.com/drugs/DB00704	Naltrexone
Compound::DB00705	DB00705	DrugBank	https://go.drugbank.com/drugs/DB00705	Delavirdine
Compound::DB00706	DB00706	DrugBank	https://go.drugbank.com/drugs/DB00706	Tamsulosin
Compound::DB00707	DB00707	DrugBank	https://go.drugbank.com/drugs/DB00707	Porfimer
Compound::DB00708	DB00708	DrugBank	https://go.drugbank.com/drugs/DB00708	Sufentanil
Compound::DB00709	DB00709	DrugBank	https://go.drugbank.com/drugs/DB00709	Lamivudine
Compound::DB00710	DB00710	DrugBank	https://go.drugbank.com/drugs/DB00710	Ibandronate
Compound::DB00711	DB00711	DrugBank	https://go.drugbank.com/drugs/DB00711	Diethylcarbamazine
Compound::DB00712	DB00712	DrugBank	https://go.drugbank.com/drugs/DB00712	Flurbiprofen
Compound::DB00713	DB00713	DrugBank	https://go.drugbank.com/drugs/DB00713	Oxacillin
Compound::DB00714	DB00714	DrugBank	https://go.drugbank.com/drugs/DB00714	Apomorphine
Compound::DB00715	DB00715	DrugBank	https://go.drugbank.com/drugs/DB00715	Paroxetine
Compound::DB00716	DB00716	DrugBank	https://go.drugbank.com/drugs/DB00716	Nedocromil
Compound::DB00717	DB00717	DrugBank	https://go.drugbank.com/drugs/DB00717	Norethindrone
Compound::DB00718	DB00718	DrugBank	https://go.drugbank.com/drugs/DB00718	Adefovir Dipivoxil
Compound::DB00719	DB00719	DrugBank	https://go.drugbank.com/drugs/DB00719	Azatadine
Compound::DB00720	DB00720	DrugBank	https://go.drugbank.com/drugs/DB00720	Clodronate
Compound::DB00721	DB00721	DrugBank	https://go.drugbank.com/drugs/DB00721	Procaine
Compound::DB00722	DB00722	DrugBank	https://go.drugbank.com/drugs/DB00722	Lisinopril
Compound::DB00723	DB00723	DrugBank	https://go.drugbank.com/drugs/DB00723	Methoxamine
Compound::DB00724	DB00724	DrugBank	https://go.drugbank.com/drugs/DB00724	Imiquimod
Compound::DB00725	DB00725	DrugBank	https://go.drugbank.com/drugs/DB00725	Homatropine Methylbromide
Compound::DB00726	DB00726	DrugBank	https://go.drugbank.com/drugs/DB00726	Trimipramine
Compound::DB00727	DB00727	DrugBank	https://go.drugbank.com/drugs/DB00727	Nitroglycerin
Compound::DB00728	DB00728	DrugBank	https://go.drugbank.com/drugs/DB00728	Rocuronium
Compound::DB00729	DB00729	DrugBank	https://go.drugbank.com/drugs/DB00729	Diphemanil Methylsulfate
Compound::DB00730	DB00730	DrugBank	https://go.drugbank.com/drugs/DB00730	Thiabendazole
Compound::DB00731	DB00731	DrugBank	https://go.drugbank.com/drugs/DB00731	Nateglinide
Compound::DB00732	DB00732	DrugBank	https://go.drugbank.com/drugs/DB00732	Atracurium
Compound::DB00733	DB00733	DrugBank	https://go.drugbank.com/drugs/DB00733	Pralidoxime
Compound::DB00734	DB00734	DrugBank	https://go.drugbank.com/drugs/DB00734	Risperidone
Compound::DB00735	DB00735	DrugBank	https://go.drugbank.com/drugs/DB00735	Naftifine
Compound::DB00736	DB00736	DrugBank	https://go.drugbank.com/drugs/DB00736	Esomeprazole
Compound::DB00737	DB00737	DrugBank	https://go.drugbank.com/drugs/DB00737	Meclizine
Compound::DB00738	DB00738	DrugBank	https://go.drugbank.com/drugs/DB00738	Pentamidine
Compound::DB00739	DB00739	DrugBank	https://go.drugbank.com/drugs/DB00739	Hetacillin
Compound::DB00740	DB00740	DrugBank	https://go.drugbank.com/drugs/DB00740	Riluzole
Compound::DB00741	DB00741	DrugBank	https://go.drugbank.com/drugs/DB00741	Hydrocortisone
Compound::DB00742	DB00742	DrugBank	https://go.drugbank.com/drugs/DB00742	Mannitol
Compound::DB00743	DB00743	DrugBank	https://go.drugbank.com/drugs/DB00743	Gadobenate Dimeglumine
Compound::DB00744	DB00744	DrugBank	https://go.drugbank.com/drugs/DB00744	Zileuton
Compound::DB00745	DB00745	DrugBank	https://go.drugbank.com/drugs/DB00745	Modafinil
Compound::DB00746	DB00746	DrugBank	https://go.drugbank.com/drugs/DB00746	Deferoxamine
Compound::DB00747	DB00747	DrugBank	https://go.drugbank.com/drugs/DB00747	Scopolamine
Compound::DB00748	DB00748	DrugBank	https://go.drugbank.com/drugs/DB00748	Carbinoxamine
Compound::DB00749	DB00749	DrugBank	https://go.drugbank.com/drugs/DB00749	Etodolac
Compound::DB00750	DB00750	DrugBank	https://go.drugbank.com/drugs/DB00750	Prilocaine
Compound::DB00751	DB00751	DrugBank	https://go.drugbank.com/drugs/DB00751	Epinastine
Compound::DB00752	DB00752	DrugBank	https://go.drugbank.com/drugs/DB00752	Tranylcypromine
Compound::DB00753	DB00753	DrugBank	https://go.drugbank.com/drugs/DB00753	Isoflurane
Compound::DB00754	DB00754	DrugBank	https://go.drugbank.com/drugs/DB00754	Ethotoin
Compound::DB00755	DB00755	DrugBank	https://go.drugbank.com/drugs/DB00755	Tretinoin
Compound::DB00756	DB00756	DrugBank	https://go.drugbank.com/drugs/DB00756	Hexachlorophene
Compound::DB00757	DB00757	DrugBank	https://go.drugbank.com/drugs/DB00757	Dolasetron
Compound::DB00758	DB00758	DrugBank	https://go.drugbank.com/drugs/DB00758	Clopidogrel
Compound::DB00759	DB00759	DrugBank	https://go.drugbank.com/drugs/DB00759	Tetracycline
Compound::DB00760	DB00760	DrugBank	https://go.drugbank.com/drugs/DB00760	Meropenem
Compound::DB00761	DB00761	DrugBank	https://go.drugbank.com/drugs/DB00761	Potassium Chloride
Compound::DB00762	DB00762	DrugBank	https://go.drugbank.com/drugs/DB00762	Irinotecan
Compound::DB00763	DB00763	DrugBank	https://go.drugbank.com/drugs/DB00763	Methimazole
Compound::DB00764	DB00764	DrugBank	https://go.drugbank.com/drugs/DB00764	Mometasone
Compound::DB00765	DB00765	DrugBank	https://go.drugbank.com/drugs/DB00765	Metyrosine
Compound::DB00766	DB00766	DrugBank	https://go.drugbank.com/drugs/DB00766	Clavulanate
Compound::DB00768	DB00768	DrugBank	https://go.drugbank.com/drugs/DB00768	Olopatadine
Compound::DB00769	DB00769	DrugBank	https://go.drugbank.com/drugs/DB00769	Hydrocortamate
Compound::DB00770	DB00770	DrugBank	https://go.drugbank.com/drugs/DB00770	Alprostadil
Compound::DB00771	DB00771	DrugBank	https://go.drugbank.com/drugs/DB00771	Clidinium
Compound::DB00772	DB00772	DrugBank	https://go.drugbank.com/drugs/DB00772	Malathion
Compound::DB00773	DB00773	DrugBank	https://go.drugbank.com/drugs/DB00773	Etoposide
Compound::DB00774	DB00774	DrugBank	https://go.drugbank.com/drugs/DB00774	Hydroflumethiazide
Compound::DB00775	DB00775	DrugBank	https://go.drugbank.com/drugs/DB00775	Tirofiban
Compound::DB00776	DB00776	DrugBank	https://go.drugbank.com/drugs/DB00776	Oxcarbazepine
Compound::DB00777	DB00777	DrugBank	https://go.drugbank.com/drugs/DB00777	Propiomazine
Compound::DB00778	DB00778	DrugBank	https://go.drugbank.com/drugs/DB00778	Roxithromycin
Compound::DB00779	DB00779	DrugBank	https://go.drugbank.com/drugs/DB00779	Nalidixic Acid
Compound::DB00780	DB00780	DrugBank	https://go.drugbank.com/drugs/DB00780	Phenelzine
Compound::DB00781	DB00781	DrugBank	https://go.drugbank.com/drugs/DB00781	Polymyxin B Sulfate
Compound::DB00782	DB00782	DrugBank	https://go.drugbank.com/drugs/DB00782	Propantheline
Compound::DB00783	DB00783	DrugBank	https://go.drugbank.com/drugs/DB00783	Estradiol
Compound::DB00784	DB00784	DrugBank	https://go.drugbank.com/drugs/DB00784	Mefenamic Acid
Compound::DB00786	DB00786	DrugBank	https://go.drugbank.com/drugs/DB00786	Marimastat
Compound::DB00787	DB00787	DrugBank	https://go.drugbank.com/drugs/DB00787	Aciclovir
Compound::DB00788	DB00788	DrugBank	https://go.drugbank.com/drugs/DB00788	Naproxen
Compound::DB00789	DB00789	DrugBank	https://go.drugbank.com/drugs/DB00789	Gadopentetate Dimeglumine
Compound::DB00790	DB00790	DrugBank	https://go.drugbank.com/drugs/DB00790	Perindopril
Compound::DB00791	DB00791	DrugBank	https://go.drugbank.com/drugs/DB00791	Uracil Mustard
Compound::DB00792	DB00792	DrugBank	https://go.drugbank.com/drugs/DB00792	Tripelennamine
Compound::DB00793	DB00793	DrugBank	https://go.drugbank.com/drugs/DB00793	Haloprogin
Compound::DB00794	DB00794	DrugBank	https://go.drugbank.com/drugs/DB00794	Primidone
Compound::DB00795	DB00795	DrugBank	https://go.drugbank.com/drugs/DB00795	Sulfasalazine
Compound::DB00796	DB00796	DrugBank	https://go.drugbank.com/drugs/DB00796	Candesartan
Compound::DB00797	DB00797	DrugBank	https://go.drugbank.com/drugs/DB00797	Tolazoline
Compound::DB00798	DB00798	DrugBank	https://go.drugbank.com/drugs/DB00798	Gentamicin
Compound::DB00799	DB00799	DrugBank	https://go.drugbank.com/drugs/DB00799	Tazarotene
Compound::DB00800	DB00800	DrugBank	https://go.drugbank.com/drugs/DB00800	Fenoldopam
Compound::DB00801	DB00801	DrugBank	https://go.drugbank.com/drugs/DB00801	Halazepam
Compound::DB00802	DB00802	DrugBank	https://go.drugbank.com/drugs/DB00802	Alfentanil
Compound::DB00803	DB00803	DrugBank	https://go.drugbank.com/drugs/DB00803	Colistin
Compound::DB00804	DB00804	DrugBank	https://go.drugbank.com/drugs/DB00804	Dicyclomine
Compound::DB00805	DB00805	DrugBank	https://go.drugbank.com/drugs/DB00805	Minaprine
Compound::DB00806	DB00806	DrugBank	https://go.drugbank.com/drugs/DB00806	Pentoxifylline
Compound::DB00807	DB00807	DrugBank	https://go.drugbank.com/drugs/DB00807	Proparacaine
Compound::DB00808	DB00808	DrugBank	https://go.drugbank.com/drugs/DB00808	Indapamide
Compound::DB00809	DB00809	DrugBank	https://go.drugbank.com/drugs/DB00809	Tropicamide
Compound::DB00810	DB00810	DrugBank	https://go.drugbank.com/drugs/DB00810	Biperiden
Compound::DB00811	DB00811	DrugBank	https://go.drugbank.com/drugs/DB00811	Ribavirin
Compound::DB00812	DB00812	DrugBank	https://go.drugbank.com/drugs/DB00812	Phenylbutazone
Compound::DB00813	DB00813	DrugBank	https://go.drugbank.com/drugs/DB00813	Fentanyl
Compound::DB00814	DB00814	DrugBank	https://go.drugbank.com/drugs/DB00814	Meloxicam
Compound::DB00815	DB00815	DrugBank	https://go.drugbank.com/drugs/DB00815	Sodium Lauryl Sulfate
Compound::DB00816	DB00816	DrugBank	https://go.drugbank.com/drugs/DB00816	Orciprenaline
Compound::DB00817	DB00817	DrugBank	https://go.drugbank.com/drugs/DB00817	Rosoxacin
Compound::DB00818	DB00818	DrugBank	https://go.drugbank.com/drugs/DB00818	Propofol
Compound::DB00819	DB00819	DrugBank	https://go.drugbank.com/drugs/DB00819	Acetazolamide
Compound::DB00820	DB00820	DrugBank	https://go.drugbank.com/drugs/DB00820	Tadalafil
Compound::DB00821	DB00821	DrugBank	https://go.drugbank.com/drugs/DB00821	Carprofen
Compound::DB00822	DB00822	DrugBank	https://go.drugbank.com/drugs/DB00822	Disulfiram
Compound::DB00823	DB00823	DrugBank	https://go.drugbank.com/drugs/DB00823	Ethynodiol
Compound::DB00824	DB00824	DrugBank	https://go.drugbank.com/drugs/DB00824	Enprofylline
Compound::DB00825	DB00825	DrugBank	https://go.drugbank.com/drugs/DB00825	Menthol
Compound::DB00826	DB00826	DrugBank	https://go.drugbank.com/drugs/DB00826	Natamycin
Compound::DB00827	DB00827	DrugBank	https://go.drugbank.com/drugs/DB00827	Cinoxacin
Compound::DB00828	DB00828	DrugBank	https://go.drugbank.com/drugs/DB00828	Fosfomycin
Compound::DB00829	DB00829	DrugBank	https://go.drugbank.com/drugs/DB00829	Diazepam
Compound::DB00830	DB00830	DrugBank	https://go.drugbank.com/drugs/DB00830	Phenmetrazine
Compound::DB00831	DB00831	DrugBank	https://go.drugbank.com/drugs/DB00831	Trifluoperazine
Compound::DB00832	DB00832	DrugBank	https://go.drugbank.com/drugs/DB00832	Phensuximide
Compound::DB00833	DB00833	DrugBank	https://go.drugbank.com/drugs/DB00833	Cefaclor
Compound::DB00834	DB00834	DrugBank	https://go.drugbank.com/drugs/DB00834	Mifepristone
Compound::DB00835	DB00835	DrugBank	https://go.drugbank.com/drugs/DB00835	Brompheniramine
Compound::DB00836	DB00836	DrugBank	https://go.drugbank.com/drugs/DB00836	Loperamide
Compound::DB00837	DB00837	DrugBank	https://go.drugbank.com/drugs/DB00837	Progabide
Compound::DB00838	DB00838	DrugBank	https://go.drugbank.com/drugs/DB00838	Clocortolone
Compound::DB00839	DB00839	DrugBank	https://go.drugbank.com/drugs/DB00839	Tolazamide
Compound::DB00841	DB00841	DrugBank	https://go.drugbank.com/drugs/DB00841	Dobutamine
Compound::DB00842	DB00842	DrugBank	https://go.drugbank.com/drugs/DB00842	Oxazepam
Compound::DB00843	DB00843	DrugBank	https://go.drugbank.com/drugs/DB00843	Donepezil
Compound::DB00844	DB00844	DrugBank	https://go.drugbank.com/drugs/DB00844	Nalbuphine
Compound::DB00845	DB00845	DrugBank	https://go.drugbank.com/drugs/DB00845	Clofazimine
Compound::DB00846	DB00846	DrugBank	https://go.drugbank.com/drugs/DB00846	Flurandrenolide
Compound::DB00847	DB00847	DrugBank	https://go.drugbank.com/drugs/DB00847	Cysteamine
Compound::DB00849	DB00849	DrugBank	https://go.drugbank.com/drugs/DB00849	Methylphenobarbital
Compound::DB00850	DB00850	DrugBank	https://go.drugbank.com/drugs/DB00850	Perphenazine
Compound::DB00851	DB00851	DrugBank	https://go.drugbank.com/drugs/DB00851	Dacarbazine
Compound::DB00852	DB00852	DrugBank	https://go.drugbank.com/drugs/DB00852	Pseudoephedrine
Compound::DB00853	DB00853	DrugBank	https://go.drugbank.com/drugs/DB00853	Temozolomide
Compound::DB00854	DB00854	DrugBank	https://go.drugbank.com/drugs/DB00854	Levorphanol
Compound::DB00855	DB00855	DrugBank	https://go.drugbank.com/drugs/DB00855	Aminolevulinic Acid
Compound::DB00856	DB00856	DrugBank	https://go.drugbank.com/drugs/DB00856	Chlorphenesin
Compound::DB00857	DB00857	DrugBank	https://go.drugbank.com/drugs/DB00857	Terbinafine
Compound::DB00858	DB00858	DrugBank	https://go.drugbank.com/drugs/DB00858	Drostanolone
Compound::DB00859	DB00859	DrugBank	https://go.drugbank.com/drugs/DB00859	Penicillamine
Compound::DB00860	DB00860	DrugBank	https://go.drugbank.com/drugs/DB00860	Prednisolone
Compound::DB00861	DB00861	DrugBank	https://go.drugbank.com/drugs/DB00861	Diflunisal
Compound::DB00862	DB00862	DrugBank	https://go.drugbank.com/drugs/DB00862	Vardenafil
Compound::DB00863	DB00863	DrugBank	https://go.drugbank.com/drugs/DB00863	Ranitidine
Compound::DB00864	DB00864	DrugBank	https://go.drugbank.com/drugs/DB00864	Tacrolimus
Compound::DB00865	DB00865	DrugBank	https://go.drugbank.com/drugs/DB00865	Benzphetamine
Compound::DB00866	DB00866	DrugBank	https://go.drugbank.com/drugs/DB00866	Alprenolol
Compound::DB00867	DB00867	DrugBank	https://go.drugbank.com/drugs/DB00867	Ritodrine
Compound::DB00868	DB00868	DrugBank	https://go.drugbank.com/drugs/DB00868	Benzonatate
Compound::DB00869	DB00869	DrugBank	https://go.drugbank.com/drugs/DB00869	Dorzolamide
Compound::DB00870	DB00870	DrugBank	https://go.drugbank.com/drugs/DB00870	Suprofen
Compound::DB00871	DB00871	DrugBank	https://go.drugbank.com/drugs/DB00871	Terbutaline
Compound::DB00872	DB00872	DrugBank	https://go.drugbank.com/drugs/DB00872	Conivaptan
Compound::DB00873	DB00873	DrugBank	https://go.drugbank.com/drugs/DB00873	Loteprednol
Compound::DB00874	DB00874	DrugBank	https://go.drugbank.com/drugs/DB00874	Guaifenesin
Compound::DB00875	DB00875	DrugBank	https://go.drugbank.com/drugs/DB00875	Flupentixol
Compound::DB00876	DB00876	DrugBank	https://go.drugbank.com/drugs/DB00876	Eprosartan
Compound::DB00877	DB00877	DrugBank	https://go.drugbank.com/drugs/DB00877	Sirolimus
Compound::DB00878	DB00878	DrugBank	https://go.drugbank.com/drugs/DB00878	Chlorhexidine
Compound::DB00879	DB00879	DrugBank	https://go.drugbank.com/drugs/DB00879	Emtricitabine
Compound::DB00880	DB00880	DrugBank	https://go.drugbank.com/drugs/DB00880	Chlorothiazide
Compound::DB00881	DB00881	DrugBank	https://go.drugbank.com/drugs/DB00881	Quinapril
Compound::DB00882	DB00882	DrugBank	https://go.drugbank.com/drugs/DB00882	Clomifene
Compound::DB00883	DB00883	DrugBank	https://go.drugbank.com/drugs/DB00883	Isosorbide Dinitrate
Compound::DB00884	DB00884	DrugBank	https://go.drugbank.com/drugs/DB00884	Risedronate
Compound::DB00885	DB00885	DrugBank	https://go.drugbank.com/drugs/DB00885	Pemirolast
Compound::DB00887	DB00887	DrugBank	https://go.drugbank.com/drugs/DB00887	Bumetanide
Compound::DB00888	DB00888	DrugBank	https://go.drugbank.com/drugs/DB00888	Mechlorethamine
Compound::DB00889	DB00889	DrugBank	https://go.drugbank.com/drugs/DB00889	Granisetron
Compound::DB00890	DB00890	DrugBank	https://go.drugbank.com/drugs/DB00890	Dienestrol
Compound::DB00891	DB00891	DrugBank	https://go.drugbank.com/drugs/DB00891	Sulfapyridine
Compound::DB00892	DB00892	DrugBank	https://go.drugbank.com/drugs/DB00892	Oxybuprocaine
Compound::DB00894	DB00894	DrugBank	https://go.drugbank.com/drugs/DB00894	Testolactone
Compound::DB00895	DB00895	DrugBank	https://go.drugbank.com/drugs/DB00895	Benzylpenicilloyl Polylysine
Compound::DB00896	DB00896	DrugBank	https://go.drugbank.com/drugs/DB00896	Rimexolone
Compound::DB00897	DB00897	DrugBank	https://go.drugbank.com/drugs/DB00897	Triazolam
Compound::DB00898	DB00898	DrugBank	https://go.drugbank.com/drugs/DB00898	Ethanol
Compound::DB00899	DB00899	DrugBank	https://go.drugbank.com/drugs/DB00899	Remifentanil
Compound::DB00900	DB00900	DrugBank	https://go.drugbank.com/drugs/DB00900	Didanosine
Compound::DB00902	DB00902	DrugBank	https://go.drugbank.com/drugs/DB00902	Methdilazine
Compound::DB00903	DB00903	DrugBank	https://go.drugbank.com/drugs/DB00903	Ethacrynic Acid
Compound::DB00904	DB00904	DrugBank	https://go.drugbank.com/drugs/DB00904	Ondansetron
Compound::DB00905	DB00905	DrugBank	https://go.drugbank.com/drugs/DB00905	Bimatoprost
Compound::DB00906	DB00906	DrugBank	https://go.drugbank.com/drugs/DB00906	Tiagabine
Compound::DB00907	DB00907	DrugBank	https://go.drugbank.com/drugs/DB00907	Cocaine
Compound::DB00908	DB00908	DrugBank	https://go.drugbank.com/drugs/DB00908	Quinidine
Compound::DB00909	DB00909	DrugBank	https://go.drugbank.com/drugs/DB00909	Zonisamide
Compound::DB00910	DB00910	DrugBank	https://go.drugbank.com/drugs/DB00910	Paricalcitol
Compound::DB00911	DB00911	DrugBank	https://go.drugbank.com/drugs/DB00911	Tinidazole
Compound::DB00912	DB00912	DrugBank	https://go.drugbank.com/drugs/DB00912	Repaglinide
Compound::DB00913	DB00913	DrugBank	https://go.drugbank.com/drugs/DB00913	Anileridine
Compound::DB00914	DB00914	DrugBank	https://go.drugbank.com/drugs/DB00914	Phenformin
Compound::DB00915	DB00915	DrugBank	https://go.drugbank.com/drugs/DB00915	Amantadine
Compound::DB00916	DB00916	DrugBank	https://go.drugbank.com/drugs/DB00916	Metronidazole
Compound::DB00917	DB00917	DrugBank	https://go.drugbank.com/drugs/DB00917	Dinoprostone
Compound::DB00918	DB00918	DrugBank	https://go.drugbank.com/drugs/DB00918	Almotriptan
Compound::DB00919	DB00919	DrugBank	https://go.drugbank.com/drugs/DB00919	Spectinomycin
Compound::DB00920	DB00920	DrugBank	https://go.drugbank.com/drugs/DB00920	Ketotifen
Compound::DB00921	DB00921	DrugBank	https://go.drugbank.com/drugs/DB00921	Buprenorphine
Compound::DB00922	DB00922	DrugBank	https://go.drugbank.com/drugs/DB00922	Levosimendan
Compound::DB00923	DB00923	DrugBank	https://go.drugbank.com/drugs/DB00923	Ceforanide
Compound::DB00924	DB00924	DrugBank	https://go.drugbank.com/drugs/DB00924	Cyclobenzaprine
Compound::DB00925	DB00925	DrugBank	https://go.drugbank.com/drugs/DB00925	Phenoxybenzamine
Compound::DB00927	DB00927	DrugBank	https://go.drugbank.com/drugs/DB00927	Famotidine
Compound::DB00928	DB00928	DrugBank	https://go.drugbank.com/drugs/DB00928	Azacitidine
Compound::DB00929	DB00929	DrugBank	https://go.drugbank.com/drugs/DB00929	Misoprostol
Compound::DB00931	DB00931	DrugBank	https://go.drugbank.com/drugs/DB00931	Methacycline
Compound::DB00932	DB00932	DrugBank	https://go.drugbank.com/drugs/DB00932	Tipranavir
Compound::DB00933	DB00933	DrugBank	https://go.drugbank.com/drugs/DB00933	Mesoridazine
Compound::DB00934	DB00934	DrugBank	https://go.drugbank.com/drugs/DB00934	Maprotiline
Compound::DB00935	DB00935	DrugBank	https://go.drugbank.com/drugs/DB00935	Oxymetazoline
Compound::DB00936	DB00936	DrugBank	https://go.drugbank.com/drugs/DB00936	Salicylic Acid
Compound::DB00937	DB00937	DrugBank	https://go.drugbank.com/drugs/DB00937	Diethylpropion
Compound::DB00938	DB00938	DrugBank	https://go.drugbank.com/drugs/DB00938	Salmeterol
Compound::DB00939	DB00939	DrugBank	https://go.drugbank.com/drugs/DB00939	Meclofenamic Acid
Compound::DB00940	DB00940	DrugBank	https://go.drugbank.com/drugs/DB00940	Methantheline
Compound::DB00941	DB00941	DrugBank	https://go.drugbank.com/drugs/DB00941	Hexafluronium
Compound::DB00942	DB00942	DrugBank	https://go.drugbank.com/drugs/DB00942	Cycrimine
Compound::DB00943	DB00943	DrugBank	https://go.drugbank.com/drugs/DB00943	Zalcitabine
Compound::DB00944	DB00944	DrugBank	https://go.drugbank.com/drugs/DB00944	Demecarium
Compound::DB00945	DB00945	DrugBank	https://go.drugbank.com/drugs/DB00945	Acetylsalicylic Acid
Compound::DB00946	DB00946	DrugBank	https://go.drugbank.com/drugs/DB00946	Phenprocoumon
Compound::DB00947	DB00947	DrugBank	https://go.drugbank.com/drugs/DB00947	Fulvestrant
Compound::DB00948	DB00948	DrugBank	https://go.drugbank.com/drugs/DB00948	Mezlocillin
Compound::DB00949	DB00949	DrugBank	https://go.drugbank.com/drugs/DB00949	Felbamate
Compound::DB00950	DB00950	DrugBank	https://go.drugbank.com/drugs/DB00950	Fexofenadine
Compound::DB00951	DB00951	DrugBank	https://go.drugbank.com/drugs/DB00951	Isoniazid
Compound::DB00952	DB00952	DrugBank	https://go.drugbank.com/drugs/DB00952	Naratriptan
Compound::DB00953	DB00953	DrugBank	https://go.drugbank.com/drugs/DB00953	Rizatriptan
Compound::DB00954	DB00954	DrugBank	https://go.drugbank.com/drugs/DB00954	Dirithromycin
Compound::DB00955	DB00955	DrugBank	https://go.drugbank.com/drugs/DB00955	Netilmicin
Compound::DB00956	DB00956	DrugBank	https://go.drugbank.com/drugs/DB00956	Hydrocodone
Compound::DB00957	DB00957	DrugBank	https://go.drugbank.com/drugs/DB00957	Norgestimate
Compound::DB00958	DB00958	DrugBank	https://go.drugbank.com/drugs/DB00958	Carboplatin
Compound::DB00959	DB00959	DrugBank	https://go.drugbank.com/drugs/DB00959	Methylprednisolone
Compound::DB00960	DB00960	DrugBank	https://go.drugbank.com/drugs/DB00960	Pindolol
Compound::DB00961	DB00961	DrugBank	https://go.drugbank.com/drugs/DB00961	Mepivacaine
Compound::DB00962	DB00962	DrugBank	https://go.drugbank.com/drugs/DB00962	Zaleplon
Compound::DB00963	DB00963	DrugBank	https://go.drugbank.com/drugs/DB00963	Bromfenac
Compound::DB00964	DB00964	DrugBank	https://go.drugbank.com/drugs/DB00964	Apraclonidine
Compound::DB00966	DB00966	DrugBank	https://go.drugbank.com/drugs/DB00966	Telmisartan
Compound::DB00967	DB00967	DrugBank	https://go.drugbank.com/drugs/DB00967	Desloratadine
Compound::DB00968	DB00968	DrugBank	https://go.drugbank.com/drugs/DB00968	Methyldopa
Compound::DB00969	DB00969	DrugBank	https://go.drugbank.com/drugs/DB00969	Alosetron
Compound::DB00970	DB00970	DrugBank	https://go.drugbank.com/drugs/DB00970	Dactinomycin
Compound::DB00971	DB00971	DrugBank	https://go.drugbank.com/drugs/DB00971	Selenium Sulfide
Compound::DB00972	DB00972	DrugBank	https://go.drugbank.com/drugs/DB00972	Azelastine
Compound::DB00973	DB00973	DrugBank	https://go.drugbank.com/drugs/DB00973	Ezetimibe
Compound::DB00974	DB00974	DrugBank	https://go.drugbank.com/drugs/DB00974	Edetic Acid
Compound::DB00975	DB00975	DrugBank	https://go.drugbank.com/drugs/DB00975	Dipyridamole
Compound::DB00976	DB00976	DrugBank	https://go.drugbank.com/drugs/DB00976	Telithromycin
Compound::DB00977	DB00977	DrugBank	https://go.drugbank.com/drugs/DB00977	Ethinyl Estradiol
Compound::DB00978	DB00978	DrugBank	https://go.drugbank.com/drugs/DB00978	Lomefloxacin
Compound::DB00979	DB00979	DrugBank	https://go.drugbank.com/drugs/DB00979	Cyclopentolate
Compound::DB00980	DB00980	DrugBank	https://go.drugbank.com/drugs/DB00980	Ramelteon
Compound::DB00981	DB00981	DrugBank	https://go.drugbank.com/drugs/DB00981	Physostigmine
Compound::DB00982	DB00982	DrugBank	https://go.drugbank.com/drugs/DB00982	Isotretinoin
Compound::DB00983	DB00983	DrugBank	https://go.drugbank.com/drugs/DB00983	Formoterol
Compound::DB00984	DB00984	DrugBank	https://go.drugbank.com/drugs/DB00984	Nandrolone Phenpropionate
Compound::DB00985	DB00985	DrugBank	https://go.drugbank.com/drugs/DB00985	Dimenhydrinate
Compound::DB00986	DB00986	DrugBank	https://go.drugbank.com/drugs/DB00986	Glycopyrrolate
Compound::DB00987	DB00987	DrugBank	https://go.drugbank.com/drugs/DB00987	Cytarabine
Compound::DB00988	DB00988	DrugBank	https://go.drugbank.com/drugs/DB00988	Dopamine
Compound::DB00989	DB00989	DrugBank	https://go.drugbank.com/drugs/DB00989	Rivastigmine
Compound::DB00990	DB00990	DrugBank	https://go.drugbank.com/drugs/DB00990	Exemestane
Compound::DB00991	DB00991	DrugBank	https://go.drugbank.com/drugs/DB00991	Oxaprozin
Compound::DB00992	DB00992	DrugBank	https://go.drugbank.com/drugs/DB00992	Methyl Aminolevulinate
Compound::DB00993	DB00993	DrugBank	https://go.drugbank.com/drugs/DB00993	Azathioprine
Compound::DB00994	DB00994	DrugBank	https://go.drugbank.com/drugs/DB00994	Neomycin
Compound::DB00995	DB00995	DrugBank	https://go.drugbank.com/drugs/DB00995	Auranofin
Compound::DB00996	DB00996	DrugBank	https://go.drugbank.com/drugs/DB00996	Gabapentin
Compound::DB00997	DB00997	DrugBank	https://go.drugbank.com/drugs/DB00997	Doxorubicin
Compound::DB00998	DB00998	DrugBank	https://go.drugbank.com/drugs/DB00998	Frovatriptan
Compound::DB00999	DB00999	DrugBank	https://go.drugbank.com/drugs/DB00999	Hydrochlorothiazide
Compound::DB01000	DB01000	DrugBank	https://go.drugbank.com/drugs/DB01000	Cyclacillin
Compound::DB01001	DB01001	DrugBank	https://go.drugbank.com/drugs/DB01001	Salbutamol
Compound::DB01002	DB01002	DrugBank	https://go.drugbank.com/drugs/DB01002	Levobupivacaine
Compound::DB01003	DB01003	DrugBank	https://go.drugbank.com/drugs/DB01003	Cromoglicic Acid
Compound::DB01004	DB01004	DrugBank	https://go.drugbank.com/drugs/DB01004	Ganciclovir
Compound::DB01005	DB01005	DrugBank	https://go.drugbank.com/drugs/DB01005	Hydroxyurea
Compound::DB01006	DB01006	DrugBank	https://go.drugbank.com/drugs/DB01006	Letrozole
Compound::DB01007	DB01007	DrugBank	https://go.drugbank.com/drugs/DB01007	Tioconazole
Compound::DB01008	DB01008	DrugBank	https://go.drugbank.com/drugs/DB01008	Busulfan
Compound::DB01009	DB01009	DrugBank	https://go.drugbank.com/drugs/DB01009	Ketoprofen
Compound::DB01010	DB01010	DrugBank	https://go.drugbank.com/drugs/DB01010	Edrophonium
Compound::DB01011	DB01011	DrugBank	https://go.drugbank.com/drugs/DB01011	Metyrapone
Compound::DB01012	DB01012	DrugBank	https://go.drugbank.com/drugs/DB01012	Cinacalcet
Compound::DB01013	DB01013	DrugBank	https://go.drugbank.com/drugs/DB01013	Clobetasol Propionate
Compound::DB01014	DB01014	DrugBank	https://go.drugbank.com/drugs/DB01014	Balsalazide
Compound::DB01015	DB01015	DrugBank	https://go.drugbank.com/drugs/DB01015	Sulfamethoxazole
Compound::DB01016	DB01016	DrugBank	https://go.drugbank.com/drugs/DB01016	Glyburide
Compound::DB01017	DB01017	DrugBank	https://go.drugbank.com/drugs/DB01017	Minocycline
Compound::DB01018	DB01018	DrugBank	https://go.drugbank.com/drugs/DB01018	Guanfacine
Compound::DB01019	DB01019	DrugBank	https://go.drugbank.com/drugs/DB01019	Bethanechol
Compound::DB01020	DB01020	DrugBank	https://go.drugbank.com/drugs/DB01020	Isosorbide Mononitrate
Compound::DB01021	DB01021	DrugBank	https://go.drugbank.com/drugs/DB01021	Trichlormethiazide
Compound::DB01022	DB01022	DrugBank	https://go.drugbank.com/drugs/DB01022	Phylloquinone
Compound::DB01023	DB01023	DrugBank	https://go.drugbank.com/drugs/DB01023	Felodipine
Compound::DB01024	DB01024	DrugBank	https://go.drugbank.com/drugs/DB01024	Mycophenolic Acid
Compound::DB01025	DB01025	DrugBank	https://go.drugbank.com/drugs/DB01025	Amlexanox
Compound::DB01026	DB01026	DrugBank	https://go.drugbank.com/drugs/DB01026	Ketoconazole
Compound::DB01028	DB01028	DrugBank	https://go.drugbank.com/drugs/DB01028	Methoxyflurane
Compound::DB01029	DB01029	DrugBank	https://go.drugbank.com/drugs/DB01029	Irbesartan
Compound::DB01030	DB01030	DrugBank	https://go.drugbank.com/drugs/DB01030	Topotecan
Compound::DB01031	DB01031	DrugBank	https://go.drugbank.com/drugs/DB01031	Ethinamate
Compound::DB01032	DB01032	DrugBank	https://go.drugbank.com/drugs/DB01032	Probenecid
Compound::DB01033	DB01033	DrugBank	https://go.drugbank.com/drugs/DB01033	Mercaptopurine
Compound::DB01034	DB01034	DrugBank	https://go.drugbank.com/drugs/DB01034	Cerulenin
Compound::DB01035	DB01035	DrugBank	https://go.drugbank.com/drugs/DB01035	Procainamide
Compound::DB01036	DB01036	DrugBank	https://go.drugbank.com/drugs/DB01036	Tolterodine
Compound::DB01037	DB01037	DrugBank	https://go.drugbank.com/drugs/DB01037	Selegiline
Compound::DB01039	DB01039	DrugBank	https://go.drugbank.com/drugs/DB01039	Fenofibrate
Compound::DB01040	DB01040	DrugBank	https://go.drugbank.com/drugs/DB01040	Hydroxystilbamidine Isethionate
Compound::DB01041	DB01041	DrugBank	https://go.drugbank.com/drugs/DB01041	Thalidomide
Compound::DB01042	DB01042	DrugBank	https://go.drugbank.com/drugs/DB01042	Melphalan
Compound::DB01043	DB01043	DrugBank	https://go.drugbank.com/drugs/DB01043	Memantine
Compound::DB01044	DB01044	DrugBank	https://go.drugbank.com/drugs/DB01044	Gatifloxacin
Compound::DB01045	DB01045	DrugBank	https://go.drugbank.com/drugs/DB01045	Rifampicin
Compound::DB01046	DB01046	DrugBank	https://go.drugbank.com/drugs/DB01046	Lubiprostone
Compound::DB01047	DB01047	DrugBank	https://go.drugbank.com/drugs/DB01047	Fluocinonide
Compound::DB01048	DB01048	DrugBank	https://go.drugbank.com/drugs/DB01048	Abacavir
Compound::DB01049	DB01049	DrugBank	https://go.drugbank.com/drugs/DB01049	Ergoloid Mesylate
Compound::DB01050	DB01050	DrugBank	https://go.drugbank.com/drugs/DB01050	Ibuprofen
Compound::DB01051	DB01051	DrugBank	https://go.drugbank.com/drugs/DB01051	Novobiocin
Compound::DB01053	DB01053	DrugBank	https://go.drugbank.com/drugs/DB01053	Benzylpenicillin
Compound::DB01054	DB01054	DrugBank	https://go.drugbank.com/drugs/DB01054	Nitrendipine
Compound::DB01055	DB01055	DrugBank	https://go.drugbank.com/drugs/DB01055	Mimosine
Compound::DB01056	DB01056	DrugBank	https://go.drugbank.com/drugs/DB01056	Tocainide
Compound::DB01057	DB01057	DrugBank	https://go.drugbank.com/drugs/DB01057	Echothiophate
Compound::DB01058	DB01058	DrugBank	https://go.drugbank.com/drugs/DB01058	Praziquantel
Compound::DB01059	DB01059	DrugBank	https://go.drugbank.com/drugs/DB01059	Norfloxacin
Compound::DB01060	DB01060	DrugBank	https://go.drugbank.com/drugs/DB01060	Amoxicillin
Compound::DB01061	DB01061	DrugBank	https://go.drugbank.com/drugs/DB01061	Azlocillin
Compound::DB01062	DB01062	DrugBank	https://go.drugbank.com/drugs/DB01062	Oxybutynin
Compound::DB01063	DB01063	DrugBank	https://go.drugbank.com/drugs/DB01063	Acetophenazine
Compound::DB01064	DB01064	DrugBank	https://go.drugbank.com/drugs/DB01064	Isoprenaline
Compound::DB01065	DB01065	DrugBank	https://go.drugbank.com/drugs/DB01065	Melatonin
Compound::DB01066	DB01066	DrugBank	https://go.drugbank.com/drugs/DB01066	Cefditoren
Compound::DB01067	DB01067	DrugBank	https://go.drugbank.com/drugs/DB01067	Glipizide
Compound::DB01068	DB01068	DrugBank	https://go.drugbank.com/drugs/DB01068	Clonazepam
Compound::DB01069	DB01069	DrugBank	https://go.drugbank.com/drugs/DB01069	Promethazine
Compound::DB01070	DB01070	DrugBank	https://go.drugbank.com/drugs/DB01070	Dihydrotachysterol
Compound::DB01071	DB01071	DrugBank	https://go.drugbank.com/drugs/DB01071	Mequitazine
Compound::DB01072	DB01072	DrugBank	https://go.drugbank.com/drugs/DB01072	Atazanavir
Compound::DB01073	DB01073	DrugBank	https://go.drugbank.com/drugs/DB01073	Fludarabine
Compound::DB01074	DB01074	DrugBank	https://go.drugbank.com/drugs/DB01074	Perhexiline
Compound::DB01075	DB01075	DrugBank	https://go.drugbank.com/drugs/DB01075	Diphenhydramine
Compound::DB01076	DB01076	DrugBank	https://go.drugbank.com/drugs/DB01076	Atorvastatin
Compound::DB01077	DB01077	DrugBank	https://go.drugbank.com/drugs/DB01077	Etidronic Acid
Compound::DB01078	DB01078	DrugBank	https://go.drugbank.com/drugs/DB01078	Deslanoside
Compound::DB01080	DB01080	DrugBank	https://go.drugbank.com/drugs/DB01080	Vigabatrin
Compound::DB01081	DB01081	DrugBank	https://go.drugbank.com/drugs/DB01081	Diphenoxylate
Compound::DB01082	DB01082	DrugBank	https://go.drugbank.com/drugs/DB01082	Streptomycin
Compound::DB01083	DB01083	DrugBank	https://go.drugbank.com/drugs/DB01083	Orlistat
Compound::DB01084	DB01084	DrugBank	https://go.drugbank.com/drugs/DB01084	Emedastine
Compound::DB01085	DB01085	DrugBank	https://go.drugbank.com/drugs/DB01085	Pilocarpine
Compound::DB01086	DB01086	DrugBank	https://go.drugbank.com/drugs/DB01086	Benzocaine
Compound::DB01087	DB01087	DrugBank	https://go.drugbank.com/drugs/DB01087	Primaquine
Compound::DB01088	DB01088	DrugBank	https://go.drugbank.com/drugs/DB01088	Iloprost
Compound::DB01089	DB01089	DrugBank	https://go.drugbank.com/drugs/DB01089	Deserpidine
Compound::DB01090	DB01090	DrugBank	https://go.drugbank.com/drugs/DB01090	Pentolinium
Compound::DB01091	DB01091	DrugBank	https://go.drugbank.com/drugs/DB01091	Butenafine
Compound::DB01092	DB01092	DrugBank	https://go.drugbank.com/drugs/DB01092	Ouabain
Compound::DB01093	DB01093	DrugBank	https://go.drugbank.com/drugs/DB01093	Dimethyl Sulfoxide
Compound::DB01094	DB01094	DrugBank	https://go.drugbank.com/drugs/DB01094	Hesperetin
Compound::DB01095	DB01095	DrugBank	https://go.drugbank.com/drugs/DB01095	Fluvastatin
Compound::DB01096	DB01096	DrugBank	https://go.drugbank.com/drugs/DB01096	Oxamniquine
Compound::DB01097	DB01097	DrugBank	https://go.drugbank.com/drugs/DB01097	Leflunomide
Compound::DB01098	DB01098	DrugBank	https://go.drugbank.com/drugs/DB01098	Rosuvastatin
Compound::DB01099	DB01099	DrugBank	https://go.drugbank.com/drugs/DB01099	Flucytosine
Compound::DB01100	DB01100	DrugBank	https://go.drugbank.com/drugs/DB01100	Pimozide
Compound::DB01101	DB01101	DrugBank	https://go.drugbank.com/drugs/DB01101	Capecitabine
Compound::DB01102	DB01102	DrugBank	https://go.drugbank.com/drugs/DB01102	Arbutamine
Compound::DB01103	DB01103	DrugBank	https://go.drugbank.com/drugs/DB01103	Quinacrine
Compound::DB01104	DB01104	DrugBank	https://go.drugbank.com/drugs/DB01104	Sertraline
Compound::DB01105	DB01105	DrugBank	https://go.drugbank.com/drugs/DB01105	Sibutramine
Compound::DB01106	DB01106	DrugBank	https://go.drugbank.com/drugs/DB01106	Levocabastine
Compound::DB01107	DB01107	DrugBank	https://go.drugbank.com/drugs/DB01107	Methyprylon
Compound::DB01108	DB01108	DrugBank	https://go.drugbank.com/drugs/DB01108	Trilostane
Compound::DB01110	DB01110	DrugBank	https://go.drugbank.com/drugs/DB01110	Miconazole
Compound::DB01111	DB01111	DrugBank	https://go.drugbank.com/drugs/DB01111	Colistimethate
Compound::DB01112	DB01112	DrugBank	https://go.drugbank.com/drugs/DB01112	Cefuroxime
Compound::DB01113	DB01113	DrugBank	https://go.drugbank.com/drugs/DB01113	Papaverine
Compound::DB01114	DB01114	DrugBank	https://go.drugbank.com/drugs/DB01114	Chlorphenamine
Compound::DB01115	DB01115	DrugBank	https://go.drugbank.com/drugs/DB01115	Nifedipine
Compound::DB01116	DB01116	DrugBank	https://go.drugbank.com/drugs/DB01116	Trimethaphan
Compound::DB01117	DB01117	DrugBank	https://go.drugbank.com/drugs/DB01117	Atovaquone
Compound::DB01118	DB01118	DrugBank	https://go.drugbank.com/drugs/DB01118	Amiodarone
Compound::DB01119	DB01119	DrugBank	https://go.drugbank.com/drugs/DB01119	Diazoxide
Compound::DB01120	DB01120	DrugBank	https://go.drugbank.com/drugs/DB01120	Gliclazide
Compound::DB01121	DB01121	DrugBank	https://go.drugbank.com/drugs/DB01121	Phenacemide
Compound::DB01122	DB01122	DrugBank	https://go.drugbank.com/drugs/DB01122	Ambenonium
Compound::DB01123	DB01123	DrugBank	https://go.drugbank.com/drugs/DB01123	Proflavine
Compound::DB01124	DB01124	DrugBank	https://go.drugbank.com/drugs/DB01124	Tolbutamide
Compound::DB01125	DB01125	DrugBank	https://go.drugbank.com/drugs/DB01125	Anisindione
Compound::DB01126	DB01126	DrugBank	https://go.drugbank.com/drugs/DB01126	Dutasteride
Compound::DB01127	DB01127	DrugBank	https://go.drugbank.com/drugs/DB01127	Econazole
Compound::DB01128	DB01128	DrugBank	https://go.drugbank.com/drugs/DB01128	Bicalutamide
Compound::DB01129	DB01129	DrugBank	https://go.drugbank.com/drugs/DB01129	Rabeprazole
Compound::DB01130	DB01130	DrugBank	https://go.drugbank.com/drugs/DB01130	Prednicarbate
Compound::DB01131	DB01131	DrugBank	https://go.drugbank.com/drugs/DB01131	Proguanil
Compound::DB01132	DB01132	DrugBank	https://go.drugbank.com/drugs/DB01132	Pioglitazone
Compound::DB01133	DB01133	DrugBank	https://go.drugbank.com/drugs/DB01133	Tiludronate
Compound::DB01135	DB01135	DrugBank	https://go.drugbank.com/drugs/DB01135	Doxacurium Chloride
Compound::DB01136	DB01136	DrugBank	https://go.drugbank.com/drugs/DB01136	Carvedilol
Compound::DB01137	DB01137	DrugBank	https://go.drugbank.com/drugs/DB01137	Levofloxacin
Compound::DB01138	DB01138	DrugBank	https://go.drugbank.com/drugs/DB01138	Sulfinpyrazone
Compound::DB01139	DB01139	DrugBank	https://go.drugbank.com/drugs/DB01139	Cefapirin
Compound::DB01140	DB01140	DrugBank	https://go.drugbank.com/drugs/DB01140	Cefadroxil
Compound::DB01141	DB01141	DrugBank	https://go.drugbank.com/drugs/DB01141	Micafungin
Compound::DB01142	DB01142	DrugBank	https://go.drugbank.com/drugs/DB01142	Doxepin
Compound::DB01143	DB01143	DrugBank	https://go.drugbank.com/drugs/DB01143	Amifostine
Compound::DB01144	DB01144	DrugBank	https://go.drugbank.com/drugs/DB01144	Diclofenamide
Compound::DB01145	DB01145	DrugBank	https://go.drugbank.com/drugs/DB01145	Sulfoxone
Compound::DB01146	DB01146	DrugBank	https://go.drugbank.com/drugs/DB01146	Diphenylpyraline
Compound::DB01147	DB01147	DrugBank	https://go.drugbank.com/drugs/DB01147	Cloxacillin
Compound::DB01148	DB01148	DrugBank	https://go.drugbank.com/drugs/DB01148	Flavoxate
Compound::DB01149	DB01149	DrugBank	https://go.drugbank.com/drugs/DB01149	Nefazodone
Compound::DB01150	DB01150	DrugBank	https://go.drugbank.com/drugs/DB01150	Cefprozil
Compound::DB01151	DB01151	DrugBank	https://go.drugbank.com/drugs/DB01151	Desipramine
Compound::DB01153	DB01153	DrugBank	https://go.drugbank.com/drugs/DB01153	Sertaconazole
Compound::DB01154	DB01154	DrugBank	https://go.drugbank.com/drugs/DB01154	Thiamylal
Compound::DB01155	DB01155	DrugBank	https://go.drugbank.com/drugs/DB01155	Gemifloxacin
Compound::DB01156	DB01156	DrugBank	https://go.drugbank.com/drugs/DB01156	Bupropion
Compound::DB01157	DB01157	DrugBank	https://go.drugbank.com/drugs/DB01157	Trimetrexate
Compound::DB01158	DB01158	DrugBank	https://go.drugbank.com/drugs/DB01158	Bretylium
Compound::DB01159	DB01159	DrugBank	https://go.drugbank.com/drugs/DB01159	Halothane
Compound::DB01160	DB01160	DrugBank	https://go.drugbank.com/drugs/DB01160	Dinoprost Tromethamine
Compound::DB01161	DB01161	DrugBank	https://go.drugbank.com/drugs/DB01161	Chloroprocaine
Compound::DB01162	DB01162	DrugBank	https://go.drugbank.com/drugs/DB01162	Terazosin
Compound::DB01164	DB01164	DrugBank	https://go.drugbank.com/drugs/DB01164	Calcium Chloride
Compound::DB01165	DB01165	DrugBank	https://go.drugbank.com/drugs/DB01165	Ofloxacin
Compound::DB01166	DB01166	DrugBank	https://go.drugbank.com/drugs/DB01166	Cilostazol
Compound::DB01167	DB01167	DrugBank	https://go.drugbank.com/drugs/DB01167	Itraconazole
Compound::DB01168	DB01168	DrugBank	https://go.drugbank.com/drugs/DB01168	Procarbazine
Compound::DB01169	DB01169	DrugBank	https://go.drugbank.com/drugs/DB01169	Arsenic Trioxide
Compound::DB01170	DB01170	DrugBank	https://go.drugbank.com/drugs/DB01170	Guanethidine
Compound::DB01171	DB01171	DrugBank	https://go.drugbank.com/drugs/DB01171	Moclobemide
Compound::DB01172	DB01172	DrugBank	https://go.drugbank.com/drugs/DB01172	Kanamycin
Compound::DB01173	DB01173	DrugBank	https://go.drugbank.com/drugs/DB01173	Orphenadrine
Compound::DB01174	DB01174	DrugBank	https://go.drugbank.com/drugs/DB01174	Phenobarbital
Compound::DB01175	DB01175	DrugBank	https://go.drugbank.com/drugs/DB01175	Escitalopram
Compound::DB01176	DB01176	DrugBank	https://go.drugbank.com/drugs/DB01176	Cyclizine
Compound::DB01177	DB01177	DrugBank	https://go.drugbank.com/drugs/DB01177	Idarubicin
Compound::DB01178	DB01178	DrugBank	https://go.drugbank.com/drugs/DB01178	Chlormezanone
Compound::DB01179	DB01179	DrugBank	https://go.drugbank.com/drugs/DB01179	Podofilox
Compound::DB01180	DB01180	DrugBank	https://go.drugbank.com/drugs/DB01180	Rescinnamine
Compound::DB01181	DB01181	DrugBank	https://go.drugbank.com/drugs/DB01181	Ifosfamide
Compound::DB01182	DB01182	DrugBank	https://go.drugbank.com/drugs/DB01182	Propafenone
Compound::DB01183	DB01183	DrugBank	https://go.drugbank.com/drugs/DB01183	Naloxone
Compound::DB01184	DB01184	DrugBank	https://go.drugbank.com/drugs/DB01184	Domperidone
Compound::DB01185	DB01185	DrugBank	https://go.drugbank.com/drugs/DB01185	Fluoxymesterone
Compound::DB01186	DB01186	DrugBank	https://go.drugbank.com/drugs/DB01186	Pergolide
Compound::DB01187	DB01187	DrugBank	https://go.drugbank.com/drugs/DB01187	Iophendylate
Compound::DB01188	DB01188	DrugBank	https://go.drugbank.com/drugs/DB01188	Ciclopirox
Compound::DB01189	DB01189	DrugBank	https://go.drugbank.com/drugs/DB01189	Desflurane
Compound::DB01190	DB01190	DrugBank	https://go.drugbank.com/drugs/DB01190	Clindamycin
Compound::DB01191	DB01191	DrugBank	https://go.drugbank.com/drugs/DB01191	Dexfenfluramine
Compound::DB01192	DB01192	DrugBank	https://go.drugbank.com/drugs/DB01192	Oxymorphone
Compound::DB01193	DB01193	DrugBank	https://go.drugbank.com/drugs/DB01193	Acebutolol
Compound::DB01194	DB01194	DrugBank	https://go.drugbank.com/drugs/DB01194	Brinzolamide
Compound::DB01195	DB01195	DrugBank	https://go.drugbank.com/drugs/DB01195	Flecainide
Compound::DB01196	DB01196	DrugBank	https://go.drugbank.com/drugs/DB01196	Estramustine
Compound::DB01197	DB01197	DrugBank	https://go.drugbank.com/drugs/DB01197	Captopril
Compound::DB01198	DB01198	DrugBank	https://go.drugbank.com/drugs/DB01198	Zopiclone
Compound::DB01199	DB01199	DrugBank	https://go.drugbank.com/drugs/DB01199	Tubocurarine
Compound::DB01200	DB01200	DrugBank	https://go.drugbank.com/drugs/DB01200	Bromocriptine
Compound::DB01201	DB01201	DrugBank	https://go.drugbank.com/drugs/DB01201	Rifapentine
Compound::DB01202	DB01202	DrugBank	https://go.drugbank.com/drugs/DB01202	Levetiracetam
Compound::DB01203	DB01203	DrugBank	https://go.drugbank.com/drugs/DB01203	Nadolol
Compound::DB01204	DB01204	DrugBank	https://go.drugbank.com/drugs/DB01204	Mitoxantrone
Compound::DB01205	DB01205	DrugBank	https://go.drugbank.com/drugs/DB01205	Flumazenil
Compound::DB01206	DB01206	DrugBank	https://go.drugbank.com/drugs/DB01206	Lomustine
Compound::DB01207	DB01207	DrugBank	https://go.drugbank.com/drugs/DB01207	Ridogrel
Compound::DB01208	DB01208	DrugBank	https://go.drugbank.com/drugs/DB01208	Sparfloxacin
Compound::DB01209	DB01209	DrugBank	https://go.drugbank.com/drugs/DB01209	Dezocine
Compound::DB01210	DB01210	DrugBank	https://go.drugbank.com/drugs/DB01210	Levobunolol
Compound::DB01211	DB01211	DrugBank	https://go.drugbank.com/drugs/DB01211	Clarithromycin
Compound::DB01212	DB01212	DrugBank	https://go.drugbank.com/drugs/DB01212	Ceftriaxone
Compound::DB01213	DB01213	DrugBank	https://go.drugbank.com/drugs/DB01213	Fomepizole
Compound::DB01214	DB01214	DrugBank	https://go.drugbank.com/drugs/DB01214	Metipranolol
Compound::DB01215	DB01215	DrugBank	https://go.drugbank.com/drugs/DB01215	Estazolam
Compound::DB01216	DB01216	DrugBank	https://go.drugbank.com/drugs/DB01216	Finasteride
Compound::DB01217	DB01217	DrugBank	https://go.drugbank.com/drugs/DB01217	Anastrozole
Compound::DB01218	DB01218	DrugBank	https://go.drugbank.com/drugs/DB01218	Halofantrine
Compound::DB01219	DB01219	DrugBank	https://go.drugbank.com/drugs/DB01219	Dantrolene
Compound::DB01220	DB01220	DrugBank	https://go.drugbank.com/drugs/DB01220	Rifaximin
Compound::DB01221	DB01221	DrugBank	https://go.drugbank.com/drugs/DB01221	Ketamine
Compound::DB01222	DB01222	DrugBank	https://go.drugbank.com/drugs/DB01222	Budesonide
Compound::DB01223	DB01223	DrugBank	https://go.drugbank.com/drugs/DB01223	Aminophylline
Compound::DB01224	DB01224	DrugBank	https://go.drugbank.com/drugs/DB01224	Quetiapine
Compound::DB01225	DB01225	DrugBank	https://go.drugbank.com/drugs/DB01225	Enoxaparin
Compound::DB01226	DB01226	DrugBank	https://go.drugbank.com/drugs/DB01226	Mivacurium
Compound::DB01227	DB01227	DrugBank	https://go.drugbank.com/drugs/DB01227	Levomethadyl Acetate
Compound::DB01228	DB01228	DrugBank	https://go.drugbank.com/drugs/DB01228	Encainide
Compound::DB01229	DB01229	DrugBank	https://go.drugbank.com/drugs/DB01229	Paclitaxel
Compound::DB01231	DB01231	DrugBank	https://go.drugbank.com/drugs/DB01231	Diphenidol
Compound::DB01232	DB01232	DrugBank	https://go.drugbank.com/drugs/DB01232	Saquinavir
Compound::DB01233	DB01233	DrugBank	https://go.drugbank.com/drugs/DB01233	Metoclopramide
Compound::DB01234	DB01234	DrugBank	https://go.drugbank.com/drugs/DB01234	Dexamethasone
Compound::DB01235	DB01235	DrugBank	https://go.drugbank.com/drugs/DB01235	L-dopa
Compound::DB01236	DB01236	DrugBank	https://go.drugbank.com/drugs/DB01236	Sevoflurane
Compound::DB01237	DB01237	DrugBank	https://go.drugbank.com/drugs/DB01237	Bromodiphenhydramine
Compound::DB01238	DB01238	DrugBank	https://go.drugbank.com/drugs/DB01238	Aripiprazole
Compound::DB01239	DB01239	DrugBank	https://go.drugbank.com/drugs/DB01239	Chlorprothixene
Compound::DB01240	DB01240	DrugBank	https://go.drugbank.com/drugs/DB01240	Epoprostenol
Compound::DB01241	DB01241	DrugBank	https://go.drugbank.com/drugs/DB01241	Gemfibrozil
Compound::DB01242	DB01242	DrugBank	https://go.drugbank.com/drugs/DB01242	Clomipramine
Compound::DB01243	DB01243	DrugBank	https://go.drugbank.com/drugs/DB01243	Chloroxine
Compound::DB01244	DB01244	DrugBank	https://go.drugbank.com/drugs/DB01244	Bepridil
Compound::DB01245	DB01245	DrugBank	https://go.drugbank.com/drugs/DB01245	Decamethonium
Compound::DB01246	DB01246	DrugBank	https://go.drugbank.com/drugs/DB01246	Alimemazine
Compound::DB01247	DB01247	DrugBank	https://go.drugbank.com/drugs/DB01247	Isocarboxazid
Compound::DB01248	DB01248	DrugBank	https://go.drugbank.com/drugs/DB01248	Docetaxel
Compound::DB01249	DB01249	DrugBank	https://go.drugbank.com/drugs/DB01249	Iodixanol
Compound::DB01250	DB01250	DrugBank	https://go.drugbank.com/drugs/DB01250	Olsalazine
Compound::DB01251	DB01251	DrugBank	https://go.drugbank.com/drugs/DB01251	Gliquidone
Compound::DB01252	DB01252	DrugBank	https://go.drugbank.com/drugs/DB01252	Mitiglinide
Compound::DB01253	DB01253	DrugBank	https://go.drugbank.com/drugs/DB01253	Ergonovine
Compound::DB01254	DB01254	DrugBank	https://go.drugbank.com/drugs/DB01254	Dasatinib
Compound::DB01255	DB01255	DrugBank	https://go.drugbank.com/drugs/DB01255	Lisdexamfetamine
Compound::DB01256	DB01256	DrugBank	https://go.drugbank.com/drugs/DB01256	Retapamulin
Compound::DB01259	DB01259	DrugBank	https://go.drugbank.com/drugs/DB01259	Lapatinib
Compound::DB01260	DB01260	DrugBank	https://go.drugbank.com/drugs/DB01260	Desonide
Compound::DB01261	DB01261	DrugBank	https://go.drugbank.com/drugs/DB01261	Sitagliptin
Compound::DB01262	DB01262	DrugBank	https://go.drugbank.com/drugs/DB01262	Decitabine
Compound::DB01263	DB01263	DrugBank	https://go.drugbank.com/drugs/DB01263	Posaconazole
Compound::DB01264	DB01264	DrugBank	https://go.drugbank.com/drugs/DB01264	Darunavir
Compound::DB01265	DB01265	DrugBank	https://go.drugbank.com/drugs/DB01265	Telbivudine
Compound::DB01267	DB01267	DrugBank	https://go.drugbank.com/drugs/DB01267	Paliperidone
Compound::DB01268	DB01268	DrugBank	https://go.drugbank.com/drugs/DB01268	Sunitinib
Compound::DB01273	DB01273	DrugBank	https://go.drugbank.com/drugs/DB01273	Varenicline
Compound::DB01274	DB01274	DrugBank	https://go.drugbank.com/drugs/DB01274	Arformoterol
Compound::DB01275	DB01275	DrugBank	https://go.drugbank.com/drugs/DB01275	Hydralazine
Compound::DB01280	DB01280	DrugBank	https://go.drugbank.com/drugs/DB01280	Nelarabine
Compound::DB01282	DB01282	DrugBank	https://go.drugbank.com/drugs/DB01282	Carbetocin
Compound::DB01283	DB01283	DrugBank	https://go.drugbank.com/drugs/DB01283	Lumiracoxib
Compound::DB01288	DB01288	DrugBank	https://go.drugbank.com/drugs/DB01288	Fenoterol
Compound::DB01289	DB01289	DrugBank	https://go.drugbank.com/drugs/DB01289	Glisoxepide
Compound::DB01291	DB01291	DrugBank	https://go.drugbank.com/drugs/DB01291	Pirbuterol
Compound::DB01294	DB01294	DrugBank	https://go.drugbank.com/drugs/DB01294	Bismuth Subsalicylate
Compound::DB01295	DB01295	DrugBank	https://go.drugbank.com/drugs/DB01295	Bevantolol
Compound::DB01296	DB01296	DrugBank	https://go.drugbank.com/drugs/DB01296	Glucosamine
Compound::DB01297	DB01297	DrugBank	https://go.drugbank.com/drugs/DB01297	Practolol
Compound::DB01298	DB01298	DrugBank	https://go.drugbank.com/drugs/DB01298	Sulfacytine
Compound::DB01299	DB01299	DrugBank	https://go.drugbank.com/drugs/DB01299	Sulfadoxine
Compound::DB01301	DB01301	DrugBank	https://go.drugbank.com/drugs/DB01301	Rolitetracycline
Compound::DB01303	DB01303	DrugBank	https://go.drugbank.com/drugs/DB01303	Oxtriphylline
Compound::DB01319	DB01319	DrugBank	https://go.drugbank.com/drugs/DB01319	Fosamprenavir
Compound::DB01320	DB01320	DrugBank	https://go.drugbank.com/drugs/DB01320	Fosphenytoin
Compound::DB01321	DB01321	DrugBank	https://go.drugbank.com/drugs/DB01321	Josamycin
Compound::DB01324	DB01324	DrugBank	https://go.drugbank.com/drugs/DB01324	Polythiazide
Compound::DB01325	DB01325	DrugBank	https://go.drugbank.com/drugs/DB01325	Quinethazone
Compound::DB01326	DB01326	DrugBank	https://go.drugbank.com/drugs/DB01326	Cefamandole
Compound::DB01327	DB01327	DrugBank	https://go.drugbank.com/drugs/DB01327	Cefazolin
Compound::DB01328	DB01328	DrugBank	https://go.drugbank.com/drugs/DB01328	Cefonicid
Compound::DB01329	DB01329	DrugBank	https://go.drugbank.com/drugs/DB01329	Cefoperazone
Compound::DB01330	DB01330	DrugBank	https://go.drugbank.com/drugs/DB01330	Cefotetan
Compound::DB01331	DB01331	DrugBank	https://go.drugbank.com/drugs/DB01331	Cefoxitin
Compound::DB01332	DB01332	DrugBank	https://go.drugbank.com/drugs/DB01332	Ceftizoxime
Compound::DB01333	DB01333	DrugBank	https://go.drugbank.com/drugs/DB01333	Cefradine
Compound::DB01336	DB01336	DrugBank	https://go.drugbank.com/drugs/DB01336	Metocurine
Compound::DB01337	DB01337	DrugBank	https://go.drugbank.com/drugs/DB01337	Pancuronium
Compound::DB01338	DB01338	DrugBank	https://go.drugbank.com/drugs/DB01338	Pipecuronium
Compound::DB01339	DB01339	DrugBank	https://go.drugbank.com/drugs/DB01339	Vecuronium
Compound::DB01340	DB01340	DrugBank	https://go.drugbank.com/drugs/DB01340	Cilazapril
Compound::DB01342	DB01342	DrugBank	https://go.drugbank.com/drugs/DB01342	Forasartan
Compound::DB01346	DB01346	DrugBank	https://go.drugbank.com/drugs/DB01346	Quinidine Barbiturate
Compound::DB01347	DB01347	DrugBank	https://go.drugbank.com/drugs/DB01347	Saprisartan
Compound::DB01348	DB01348	DrugBank	https://go.drugbank.com/drugs/DB01348	Spirapril
Compound::DB01349	DB01349	DrugBank	https://go.drugbank.com/drugs/DB01349	Tasosartan
Compound::DB01351	DB01351	DrugBank	https://go.drugbank.com/drugs/DB01351	Amobarbital
Compound::DB01352	DB01352	DrugBank	https://go.drugbank.com/drugs/DB01352	Aprobarbital
Compound::DB01353	DB01353	DrugBank	https://go.drugbank.com/drugs/DB01353	Butethal
Compound::DB01354	DB01354	DrugBank	https://go.drugbank.com/drugs/DB01354	Heptabarbital
Compound::DB01355	DB01355	DrugBank	https://go.drugbank.com/drugs/DB01355	Hexobarbital
Compound::DB01356	DB01356	DrugBank	https://go.drugbank.com/drugs/DB01356	Lithium
Compound::DB01357	DB01357	DrugBank	https://go.drugbank.com/drugs/DB01357	Mestranol
Compound::DB01359	DB01359	DrugBank	https://go.drugbank.com/drugs/DB01359	Penbutolol
Compound::DB01361	DB01361	DrugBank	https://go.drugbank.com/drugs/DB01361	Troleandomycin
Compound::DB01362	DB01362	DrugBank	https://go.drugbank.com/drugs/DB01362	Iohexol
Compound::DB01364	DB01364	DrugBank	https://go.drugbank.com/drugs/DB01364	Ephedrine
Compound::DB01365	DB01365	DrugBank	https://go.drugbank.com/drugs/DB01365	Mephentermine
Compound::DB01366	DB01366	DrugBank	https://go.drugbank.com/drugs/DB01366	Procaterol
Compound::DB01367	DB01367	DrugBank	https://go.drugbank.com/drugs/DB01367	Rasagiline
Compound::DB01369	DB01369	DrugBank	https://go.drugbank.com/drugs/DB01369	Quinupristin
Compound::DB01370	DB01370	DrugBank	https://go.drugbank.com/drugs/DB01370	Aluminium
Compound::DB01375	DB01375	DrugBank	https://go.drugbank.com/drugs/DB01375	Dihydroxyaluminium
Compound::DB01377	DB01377	DrugBank	https://go.drugbank.com/drugs/DB01377	Magnesium Oxide
Compound::DB01380	DB01380	DrugBank	https://go.drugbank.com/drugs/DB01380	Cortisone Acetate
Compound::DB01382	DB01382	DrugBank	https://go.drugbank.com/drugs/DB01382	Glycodiazine
Compound::DB01384	DB01384	DrugBank	https://go.drugbank.com/drugs/DB01384	Paramethasone
Compound::DB01390	DB01390	DrugBank	https://go.drugbank.com/drugs/DB01390	Sodium Bicarbonate
Compound::DB01392	DB01392	DrugBank	https://go.drugbank.com/drugs/DB01392	Yohimbine
Compound::DB01393	DB01393	DrugBank	https://go.drugbank.com/drugs/DB01393	Bezafibrate
Compound::DB01394	DB01394	DrugBank	https://go.drugbank.com/drugs/DB01394	Colchicine
Compound::DB01395	DB01395	DrugBank	https://go.drugbank.com/drugs/DB01395	Drospirenone
Compound::DB01396	DB01396	DrugBank	https://go.drugbank.com/drugs/DB01396	Digitoxin
Compound::DB01397	DB01397	DrugBank	https://go.drugbank.com/drugs/DB01397	Magnesium Salicylate
Compound::DB01398	DB01398	DrugBank	https://go.drugbank.com/drugs/DB01398	Salicylate-sodium
Compound::DB01399	DB01399	DrugBank	https://go.drugbank.com/drugs/DB01399	Salsalate
Compound::DB01400	DB01400	DrugBank	https://go.drugbank.com/drugs/DB01400	Neostigmine
Compound::DB01401	DB01401	DrugBank	https://go.drugbank.com/drugs/DB01401	Trisalicylate-choline
Compound::DB01403	DB01403	DrugBank	https://go.drugbank.com/drugs/DB01403	Methotrimeprazine
Compound::DB01406	DB01406	DrugBank	https://go.drugbank.com/drugs/DB01406	Danazol
Compound::DB01407	DB01407	DrugBank	https://go.drugbank.com/drugs/DB01407	Clenbuterol
Compound::DB01408	DB01408	DrugBank	https://go.drugbank.com/drugs/DB01408	Bambuterol
Compound::DB01409	DB01409	DrugBank	https://go.drugbank.com/drugs/DB01409	Tiotropium
Compound::DB01410	DB01410	DrugBank	https://go.drugbank.com/drugs/DB01410	Ciclesonide
Compound::DB01411	DB01411	DrugBank	https://go.drugbank.com/drugs/DB01411	Pranlukast
Compound::DB01412	DB01412	DrugBank	https://go.drugbank.com/drugs/DB01412	Theobromine
Compound::DB01413	DB01413	DrugBank	https://go.drugbank.com/drugs/DB01413	Cefepime
Compound::DB01414	DB01414	DrugBank	https://go.drugbank.com/drugs/DB01414	Cefacetrile
Compound::DB01415	DB01415	DrugBank	https://go.drugbank.com/drugs/DB01415	Ceftibuten
Compound::DB01416	DB01416	DrugBank	https://go.drugbank.com/drugs/DB01416	Cefpodoxime
Compound::DB01418	DB01418	DrugBank	https://go.drugbank.com/drugs/DB01418	Acenocoumarol
Compound::DB01419	DB01419	DrugBank	https://go.drugbank.com/drugs/DB01419	Antrafenine
Compound::DB01420	DB01420	DrugBank	https://go.drugbank.com/drugs/DB01420	Testosterone Propionate
Compound::DB01421	DB01421	DrugBank	https://go.drugbank.com/drugs/DB01421	Paromomycin
Compound::DB01422	DB01422	DrugBank	https://go.drugbank.com/drugs/DB01422	Nitroxoline
Compound::DB01423	DB01423	DrugBank	https://go.drugbank.com/drugs/DB01423	Stepronin
Compound::DB01424	DB01424	DrugBank	https://go.drugbank.com/drugs/DB01424	Aminophenazone
Compound::DB01425	DB01425	DrugBank	https://go.drugbank.com/drugs/DB01425	Alizapride
Compound::DB01426	DB01426	DrugBank	https://go.drugbank.com/drugs/DB01426	Ajmaline
Compound::DB01427	DB01427	DrugBank	https://go.drugbank.com/drugs/DB01427	Amrinone
Compound::DB01428	DB01428	DrugBank	https://go.drugbank.com/drugs/DB01428	Oxybenzone
Compound::DB01429	DB01429	DrugBank	https://go.drugbank.com/drugs/DB01429	Aprindine
Compound::DB01430	DB01430	DrugBank	https://go.drugbank.com/drugs/DB01430	Almitrine
Compound::DB01431	DB01431	DrugBank	https://go.drugbank.com/drugs/DB01431	Allylestrenol
Compound::DB01433	DB01433	DrugBank	https://go.drugbank.com/drugs/DB01433	Methadyl Acetate
Compound::DB01435	DB01435	DrugBank	https://go.drugbank.com/drugs/DB01435	Antipyrine
Compound::DB01436	DB01436	DrugBank	https://go.drugbank.com/drugs/DB01436	Alfacalcidol
Compound::DB01437	DB01437	DrugBank	https://go.drugbank.com/drugs/DB01437	Glutethimide
Compound::DB01438	DB01438	DrugBank	https://go.drugbank.com/drugs/DB01438	Phenazopyridine
Compound::DB01440	DB01440	DrugBank	https://go.drugbank.com/drugs/DB01440	Gamma Hydroxybutyric Acid
Compound::DB01452	DB01452	DrugBank	https://go.drugbank.com/drugs/DB01452	Heroin
Compound::DB01463	DB01463	DrugBank	https://go.drugbank.com/drugs/DB01463	Fencamfamine
Compound::DB01466	DB01466	DrugBank	https://go.drugbank.com/drugs/DB01466	Ethylmorphine
Compound::DB01482	DB01482	DrugBank	https://go.drugbank.com/drugs/DB01482	Fenethylline
Compound::DB01489	DB01489	DrugBank	https://go.drugbank.com/drugs/DB01489	Camazepam
Compound::DB01501	DB01501	DrugBank	https://go.drugbank.com/drugs/DB01501	Difenoxin
Compound::DB01511	DB01511	DrugBank	https://go.drugbank.com/drugs/DB01511	Delorazepam
Compound::DB01544	DB01544	DrugBank	https://go.drugbank.com/drugs/DB01544	Flunitrazepam
Compound::DB01545	DB01545	DrugBank	https://go.drugbank.com/drugs/DB01545	Ethyl Loflazepate
Compound::DB01550	DB01550	DrugBank	https://go.drugbank.com/drugs/DB01550	Fenproporex
Compound::DB01551	DB01551	DrugBank	https://go.drugbank.com/drugs/DB01551	Dihydrocodeine
Compound::DB01553	DB01553	DrugBank	https://go.drugbank.com/drugs/DB01553	Cloxazolam
Compound::DB01558	DB01558	DrugBank	https://go.drugbank.com/drugs/DB01558	Bromazepam
Compound::DB01559	DB01559	DrugBank	https://go.drugbank.com/drugs/DB01559	Clotiazepam
Compound::DB01567	DB01567	DrugBank	https://go.drugbank.com/drugs/DB01567	Fludiazepam
Compound::DB01576	DB01576	DrugBank	https://go.drugbank.com/drugs/DB01576	Dextroamphetamine
Compound::DB01577	DB01577	DrugBank	https://go.drugbank.com/drugs/DB01577	Methamphetamine
Compound::DB01578	DB01578	DrugBank	https://go.drugbank.com/drugs/DB01578	Metrizamide
Compound::DB01579	DB01579	DrugBank	https://go.drugbank.com/drugs/DB01579	Phendimetrazine
Compound::DB01580	DB01580	DrugBank	https://go.drugbank.com/drugs/DB01580	Oxprenolol
Compound::DB01581	DB01581	DrugBank	https://go.drugbank.com/drugs/DB01581	Sulfamerazine
Compound::DB01582	DB01582	DrugBank	https://go.drugbank.com/drugs/DB01582	Sulfamethazine
Compound::DB01583	DB01583	DrugBank	https://go.drugbank.com/drugs/DB01583	Liotrix
Compound::DB01586	DB01586	DrugBank	https://go.drugbank.com/drugs/DB01586	Ursodeoxycholic Acid
Compound::DB01587	DB01587	DrugBank	https://go.drugbank.com/drugs/DB01587	Ketazolam
Compound::DB01588	DB01588	DrugBank	https://go.drugbank.com/drugs/DB01588	Prazepam
Compound::DB01589	DB01589	DrugBank	https://go.drugbank.com/drugs/DB01589	Quazepam
Compound::DB01590	DB01590	DrugBank	https://go.drugbank.com/drugs/DB01590	Everolimus
Compound::DB01591	DB01591	DrugBank	https://go.drugbank.com/drugs/DB01591	Solifenacin
Compound::DB01592	DB01592	DrugBank	https://go.drugbank.com/drugs/DB01592	Iron
Compound::DB01593	DB01593	DrugBank	https://go.drugbank.com/drugs/DB01593	Zinc
Compound::DB01594	DB01594	DrugBank	https://go.drugbank.com/drugs/DB01594	Cinolazepam
Compound::DB01595	DB01595	DrugBank	https://go.drugbank.com/drugs/DB01595	Nitrazepam
Compound::DB01597	DB01597	DrugBank	https://go.drugbank.com/drugs/DB01597	Cilastatin
Compound::DB01598	DB01598	DrugBank	https://go.drugbank.com/drugs/DB01598	Imipenem
Compound::DB01599	DB01599	DrugBank	https://go.drugbank.com/drugs/DB01599	Probucol
Compound::DB01600	DB01600	DrugBank	https://go.drugbank.com/drugs/DB01600	Tiaprofenic Acid
Compound::DB01601	DB01601	DrugBank	https://go.drugbank.com/drugs/DB01601	Lopinavir
Compound::DB01602	DB01602	DrugBank	https://go.drugbank.com/drugs/DB01602	Bacampicillin
Compound::DB01603	DB01603	DrugBank	https://go.drugbank.com/drugs/DB01603	Meticillin
Compound::DB01604	DB01604	DrugBank	https://go.drugbank.com/drugs/DB01604	Pivampicillin
Compound::DB01605	DB01605	DrugBank	https://go.drugbank.com/drugs/DB01605	Pivmecillinam
Compound::DB01606	DB01606	DrugBank	https://go.drugbank.com/drugs/DB01606	Tazobactam
Compound::DB01607	DB01607	DrugBank	https://go.drugbank.com/drugs/DB01607	Ticarcillin
Compound::DB01608	DB01608	DrugBank	https://go.drugbank.com/drugs/DB01608	Propericiazine
Compound::DB01609	DB01609	DrugBank	https://go.drugbank.com/drugs/DB01609	Deferasirox
Compound::DB01610	DB01610	DrugBank	https://go.drugbank.com/drugs/DB01610	Valganciclovir
Compound::DB01611	DB01611	DrugBank	https://go.drugbank.com/drugs/DB01611	Hydroxychloroquine
Compound::DB01612	DB01612	DrugBank	https://go.drugbank.com/drugs/DB01612	Amyl Nitrite
Compound::DB01613	DB01613	DrugBank	https://go.drugbank.com/drugs/DB01613	Erythrityl Tetranitrate
Compound::DB01614	DB01614	DrugBank	https://go.drugbank.com/drugs/DB01614	Acepromazine
Compound::DB01615	DB01615	DrugBank	https://go.drugbank.com/drugs/DB01615	Aceprometazine
Compound::DB01616	DB01616	DrugBank	https://go.drugbank.com/drugs/DB01616	Alverine
Compound::DB01618	DB01618	DrugBank	https://go.drugbank.com/drugs/DB01618	Molindone
Compound::DB01619	DB01619	DrugBank	https://go.drugbank.com/drugs/DB01619	Phenindamine
Compound::DB01620	DB01620	DrugBank	https://go.drugbank.com/drugs/DB01620	Pheniramine
Compound::DB01621	DB01621	DrugBank	https://go.drugbank.com/drugs/DB01621	Pipotiazine
Compound::DB01622	DB01622	DrugBank	https://go.drugbank.com/drugs/DB01622	Thioproperazine
Compound::DB01623	DB01623	DrugBank	https://go.drugbank.com/drugs/DB01623	Thiothixene
Compound::DB01624	DB01624	DrugBank	https://go.drugbank.com/drugs/DB01624	Zuclopenthixol
Compound::DB01625	DB01625	DrugBank	https://go.drugbank.com/drugs/DB01625	Isopropamide
Compound::DB01626	DB01626	DrugBank	https://go.drugbank.com/drugs/DB01626	Pargyline
Compound::DB01627	DB01627	DrugBank	https://go.drugbank.com/drugs/DB01627	Lincomycin
Compound::DB01628	DB01628	DrugBank	https://go.drugbank.com/drugs/DB01628	Etoricoxib
Compound::DB01656	DB01656	DrugBank	https://go.drugbank.com/drugs/DB01656	Roflumilast
Compound::DB01764	DB01764	DrugBank	https://go.drugbank.com/drugs/DB01764	Dalfopristin
Compound::DB02187	DB02187	DrugBank	https://go.drugbank.com/drugs/DB02187	Equilin
Compound::DB02300	DB02300	DrugBank	https://go.drugbank.com/drugs/DB02300	Calcipotriol
Compound::DB02546	DB02546	DrugBank	https://go.drugbank.com/drugs/DB02546	Vorinostat
Compound::DB02638	DB02638	DrugBank	https://go.drugbank.com/drugs/DB02638	Terlipressin
Compound::DB02703	DB02703	DrugBank	https://go.drugbank.com/drugs/DB02703	Fusidic Acid
Compound::DB02959	DB02959	DrugBank	https://go.drugbank.com/drugs/DB02959	Oxitriptan
Compound::DB03147	DB03147	DrugBank	https://go.drugbank.com/drugs/DB03147	Flavin Adenine Dinucleotide
Compound::DB03166	DB03166	DrugBank	https://go.drugbank.com/drugs/DB03166	Acetic Acid
Compound::DB03255	DB03255	DrugBank	https://go.drugbank.com/drugs/DB03255	Phenol
Compound::DB04552	DB04552	DrugBank	https://go.drugbank.com/drugs/DB04552	Niflumic Acid
Compound::DB04570	DB04570	DrugBank	https://go.drugbank.com/drugs/DB04570	Latamoxef
Compound::DB04571	DB04571	DrugBank	https://go.drugbank.com/drugs/DB04571	Trioxsalen
Compound::DB04572	DB04572	DrugBank	https://go.drugbank.com/drugs/DB04572	Thiotepa
Compound::DB04573	DB04573	DrugBank	https://go.drugbank.com/drugs/DB04573	Estriol
Compound::DB04574	DB04574	DrugBank	https://go.drugbank.com/drugs/DB04574	Estropipate
Compound::DB04575	DB04575	DrugBank	https://go.drugbank.com/drugs/DB04575	Quinestrol
Compound::DB04711	DB04711	DrugBank	https://go.drugbank.com/drugs/DB04711	Iodipamide
Compound::DB04786	DB04786	DrugBank	https://go.drugbank.com/drugs/DB04786	Suramin
Compound::DB04794	DB04794	DrugBank	https://go.drugbank.com/drugs/DB04794	Bifonazole
Compound::DB04835	DB04835	DrugBank	https://go.drugbank.com/drugs/DB04835	Maraviroc
Compound::DB04837	DB04837	DrugBank	https://go.drugbank.com/drugs/DB04837	Clofedanol
Compound::DB04838	DB04838	DrugBank	https://go.drugbank.com/drugs/DB04838	Cyclandelate
Compound::DB04839	DB04839	DrugBank	https://go.drugbank.com/drugs/DB04839	Cyproterone Acetate
Compound::DB04840	DB04840	DrugBank	https://go.drugbank.com/drugs/DB04840	Debrisoquin
Compound::DB04841	DB04841	DrugBank	https://go.drugbank.com/drugs/DB04841	Flunarizine
Compound::DB04842	DB04842	DrugBank	https://go.drugbank.com/drugs/DB04842	Fluspirilene
Compound::DB04843	DB04843	DrugBank	https://go.drugbank.com/drugs/DB04843	Mepenzolate
Compound::DB04844	DB04844	DrugBank	https://go.drugbank.com/drugs/DB04844	Tetrabenazine
Compound::DB04845	DB04845	DrugBank	https://go.drugbank.com/drugs/DB04845	Ixabepilone
Compound::DB04855	DB04855	DrugBank	https://go.drugbank.com/drugs/DB04855	Dronedarone
Compound::DB04861	DB04861	DrugBank	https://go.drugbank.com/drugs/DB04861	Nebivolol
Compound::DB04865	DB04865	DrugBank	https://go.drugbank.com/drugs/DB04865	Homoharringtonine
Compound::DB04868	DB04868	DrugBank	https://go.drugbank.com/drugs/DB04868	Nilotinib
Compound::DB04876	DB04876	DrugBank	https://go.drugbank.com/drugs/DB04876	Vildagliptin
Compound::DB04877	DB04877	DrugBank	https://go.drugbank.com/drugs/DB04877	Voacamine
Compound::DB04878	DB04878	DrugBank	https://go.drugbank.com/drugs/DB04878	Voglibose
Compound::DB04880	DB04880	DrugBank	https://go.drugbank.com/drugs/DB04880	Enoximone
Compound::DB04890	DB04890	DrugBank	https://go.drugbank.com/drugs/DB04890	Bepotastine
Compound::DB04894	DB04894	DrugBank	https://go.drugbank.com/drugs/DB04894	Vapreotide
Compound::DB04896	DB04896	DrugBank	https://go.drugbank.com/drugs/DB04896	Milnacipran
Compound::DB04898	DB04898	DrugBank	https://go.drugbank.com/drugs/DB04898	Ximelagatran
Compound::DB04911	DB04911	DrugBank	https://go.drugbank.com/drugs/DB04911	Oritavancin
Compound::DB04920	DB04920	DrugBank	https://go.drugbank.com/drugs/DB04920	Clevidipine
Compound::DB04930	DB04930	DrugBank	https://go.drugbank.com/drugs/DB04930	Permethrin
Compound::DB04938	DB04938	DrugBank	https://go.drugbank.com/drugs/DB04938	Ospemifene
Compound::DB04942	DB04942	DrugBank	https://go.drugbank.com/drugs/DB04942	Tamibarotene
Compound::DB04946	DB04946	DrugBank	https://go.drugbank.com/drugs/DB04946	Iloperidone
Compound::DB04948	DB04948	DrugBank	https://go.drugbank.com/drugs/DB04948	Lofexidine
Compound::DB04953	DB04953	DrugBank	https://go.drugbank.com/drugs/DB04953	Ezogabine
Compound::DB04967	DB04967	DrugBank	https://go.drugbank.com/drugs/DB04967	Lucanthone
Compound::DB05013	DB05013	DrugBank	https://go.drugbank.com/drugs/DB05013	Ingenol Mebutate
Compound::DB05039	DB05039	DrugBank	https://go.drugbank.com/drugs/DB05039	Indacaterol
Compound::DB05109	DB05109	DrugBank	https://go.drugbank.com/drugs/DB05109	Trabectedin
Compound::DB05245	DB05245	DrugBank	https://go.drugbank.com/drugs/DB05245	Silver Sulfadiazine
Compound::DB05246	DB05246	DrugBank	https://go.drugbank.com/drugs/DB05246	Methsuximide
Compound::DB05260	DB05260	DrugBank	https://go.drugbank.com/drugs/DB05260	Gallium Nitrate
Compound::DB05265	DB05265	DrugBank	https://go.drugbank.com/drugs/DB05265	Ecabet
Compound::DB05266	DB05266	DrugBank	https://go.drugbank.com/drugs/DB05266	Ibudilast
Compound::DB05271	DB05271	DrugBank	https://go.drugbank.com/drugs/DB05271	Rotigotine
Compound::DB05294	DB05294	DrugBank	https://go.drugbank.com/drugs/DB05294	Vandetanib
Compound::DB05389	DB05389	DrugBank	https://go.drugbank.com/drugs/DB05389	Wf10
Compound::DB05521	DB05521	DrugBank	https://go.drugbank.com/drugs/DB05521	Telaprevir
Compound::DB05630	DB05630	DrugBank	https://go.drugbank.com/drugs/DB05630	Sodium Stibogluconate
Compound::DB05812	DB05812	DrugBank	https://go.drugbank.com/drugs/DB05812	Abiraterone
Compound::DB06144	DB06144	DrugBank	https://go.drugbank.com/drugs/DB06144	Sertindole
Compound::DB06147	DB06147	DrugBank	https://go.drugbank.com/drugs/DB06147	Sulfathiazole
Compound::DB06148	DB06148	DrugBank	https://go.drugbank.com/drugs/DB06148	Mianserin
Compound::DB06150	DB06150	DrugBank	https://go.drugbank.com/drugs/DB06150	Sulfadimethoxine
Compound::DB06151	DB06151	DrugBank	https://go.drugbank.com/drugs/DB06151	Acetylcysteine
Compound::DB06155	DB06155	DrugBank	https://go.drugbank.com/drugs/DB06155	Rimonabant
Compound::DB06196	DB06196	DrugBank	https://go.drugbank.com/drugs/DB06196	Icatibant
Compound::DB06201	DB06201	DrugBank	https://go.drugbank.com/drugs/DB06201	Rufinamide
Compound::DB06203	DB06203	DrugBank	https://go.drugbank.com/drugs/DB06203	Alogliptin
Compound::DB06204	DB06204	DrugBank	https://go.drugbank.com/drugs/DB06204	Tapentadol
Compound::DB06207	DB06207	DrugBank	https://go.drugbank.com/drugs/DB06207	Silodosin
Compound::DB06209	DB06209	DrugBank	https://go.drugbank.com/drugs/DB06209	Prasugrel
Compound::DB06210	DB06210	DrugBank	https://go.drugbank.com/drugs/DB06210	Eltrombopag
Compound::DB06212	DB06212	DrugBank	https://go.drugbank.com/drugs/DB06212	Tolvaptan
Compound::DB06213	DB06213	DrugBank	https://go.drugbank.com/drugs/DB06213	Regadenoson
Compound::DB06216	DB06216	DrugBank	https://go.drugbank.com/drugs/DB06216	Asenapine
Compound::DB06218	DB06218	DrugBank	https://go.drugbank.com/drugs/DB06218	Lacosamide
Compound::DB06228	DB06228	DrugBank	https://go.drugbank.com/drugs/DB06228	Rivaroxaban
Compound::DB06237	DB06237	DrugBank	https://go.drugbank.com/drugs/DB06237	Avanafil
Compound::DB06255	DB06255	DrugBank	https://go.drugbank.com/drugs/DB06255	Incadronate
Compound::DB06262	DB06262	DrugBank	https://go.drugbank.com/drugs/DB06262	Droxidopa
Compound::DB06267	DB06267	DrugBank	https://go.drugbank.com/drugs/DB06267	Udenafil
Compound::DB06268	DB06268	DrugBank	https://go.drugbank.com/drugs/DB06268	Sitaxentan
Compound::DB06274	DB06274	DrugBank	https://go.drugbank.com/drugs/DB06274	Alvimopan
Compound::DB06287	DB06287	DrugBank	https://go.drugbank.com/drugs/DB06287	Temsirolimus
Compound::DB06288	DB06288	DrugBank	https://go.drugbank.com/drugs/DB06288	Amisulpride
Compound::DB06290	DB06290	DrugBank	https://go.drugbank.com/drugs/DB06290	Simeprevir
Compound::DB06292	DB06292	DrugBank	https://go.drugbank.com/drugs/DB06292	Dapagliflozin
Compound::DB06335	DB06335	DrugBank	https://go.drugbank.com/drugs/DB06335	Saxagliptin
Compound::DB06402	DB06402	DrugBank	https://go.drugbank.com/drugs/DB06402	Telavancin
Compound::DB06414	DB06414	DrugBank	https://go.drugbank.com/drugs/DB06414	Etravirine
Compound::DB06439	DB06439	DrugBank	https://go.drugbank.com/drugs/DB06439	Tyloxapol
Compound::DB06589	DB06589	DrugBank	https://go.drugbank.com/drugs/DB06589	Pazopanib
Compound::DB06590	DB06590	DrugBank	https://go.drugbank.com/drugs/DB06590	Ceftaroline Fosamil
Compound::DB06594	DB06594	DrugBank	https://go.drugbank.com/drugs/DB06594	Agomelatine
Compound::DB06605	DB06605	DrugBank	https://go.drugbank.com/drugs/DB06605	Apixaban
Compound::DB06614	DB06614	DrugBank	https://go.drugbank.com/drugs/DB06614	Peramivir
Compound::DB06616	DB06616	DrugBank	https://go.drugbank.com/drugs/DB06616	Bosutinib
Compound::DB06623	DB06623	DrugBank	https://go.drugbank.com/drugs/DB06623	Flupirtine
Compound::DB06637	DB06637	DrugBank	https://go.drugbank.com/drugs/DB06637	Dalfampridine
Compound::DB06663	DB06663	DrugBank	https://go.drugbank.com/drugs/DB06663	Pasireotide
Compound::DB06684	DB06684	DrugBank	https://go.drugbank.com/drugs/DB06684	Vilazodone
Compound::DB06689	DB06689	DrugBank	https://go.drugbank.com/drugs/DB06689	Ethanolamine Oleate
Compound::DB06691	DB06691	DrugBank	https://go.drugbank.com/drugs/DB06691	Mepyramine
Compound::DB06694	DB06694	DrugBank	https://go.drugbank.com/drugs/DB06694	Xylometazoline
Compound::DB06695	DB06695	DrugBank	https://go.drugbank.com/drugs/DB06695	Dabigatran Etexilate
Compound::DB06696	DB06696	DrugBank	https://go.drugbank.com/drugs/DB06696	Arbekacin
Compound::DB06697	DB06697	DrugBank	https://go.drugbank.com/drugs/DB06697	Artemether
Compound::DB06698	DB06698	DrugBank	https://go.drugbank.com/drugs/DB06698	Betahistine
Compound::DB06699	DB06699	DrugBank	https://go.drugbank.com/drugs/DB06699	Degarelix
Compound::DB06700	DB06700	DrugBank	https://go.drugbank.com/drugs/DB06700	Desvenlafaxine
Compound::DB06701	DB06701	DrugBank	https://go.drugbank.com/drugs/DB06701	Dexmethylphenidate
Compound::DB06702	DB06702	DrugBank	https://go.drugbank.com/drugs/DB06702	Fesoterodine
Compound::DB06703	DB06703	DrugBank	https://go.drugbank.com/drugs/DB06703	Gadobutrol
Compound::DB06704	DB06704	DrugBank	https://go.drugbank.com/drugs/DB06704	Iobenguane
Compound::DB06705	DB06705	DrugBank	https://go.drugbank.com/drugs/DB06705	Gadofosveset Trisodium
Compound::DB06706	DB06706	DrugBank	https://go.drugbank.com/drugs/DB06706	Isometheptene
Compound::DB06707	DB06707	DrugBank	https://go.drugbank.com/drugs/DB06707	Levonordefrin
Compound::DB06708	DB06708	DrugBank	https://go.drugbank.com/drugs/DB06708	Lumefantrine
Compound::DB06709	DB06709	DrugBank	https://go.drugbank.com/drugs/DB06709	Methacholine
Compound::DB06710	DB06710	DrugBank	https://go.drugbank.com/drugs/DB06710	Methyltestosterone
Compound::DB06711	DB06711	DrugBank	https://go.drugbank.com/drugs/DB06711	Naphazoline
Compound::DB06712	DB06712	DrugBank	https://go.drugbank.com/drugs/DB06712	Nilvadipine
Compound::DB06713	DB06713	DrugBank	https://go.drugbank.com/drugs/DB06713	Norelgestromin
Compound::DB06714	DB06714	DrugBank	https://go.drugbank.com/drugs/DB06714	Propylhexedrine
Compound::DB06715	DB06715	DrugBank	https://go.drugbank.com/drugs/DB06715	Potassium Iodide
Compound::DB06716	DB06716	DrugBank	https://go.drugbank.com/drugs/DB06716	Fospropofol
Compound::DB06717	DB06717	DrugBank	https://go.drugbank.com/drugs/DB06717	Fosaprepitant
Compound::DB06718	DB06718	DrugBank	https://go.drugbank.com/drugs/DB06718	Stanozolol
Compound::DB06723	DB06723	DrugBank	https://go.drugbank.com/drugs/DB06723	Aluminum Hydroxide
Compound::DB06725	DB06725	DrugBank	https://go.drugbank.com/drugs/DB06725	Lornoxicam
Compound::DB06729	DB06729	DrugBank	https://go.drugbank.com/drugs/DB06729	Sulfaphenazole
Compound::DB06730	DB06730	DrugBank	https://go.drugbank.com/drugs/DB06730	Gestodene
Compound::DB06738	DB06738	DrugBank	https://go.drugbank.com/drugs/DB06738	Ketobemidone
Compound::DB06751	DB06751	DrugBank	https://go.drugbank.com/drugs/DB06751	Drotaverine
Compound::DB06766	DB06766	DrugBank	https://go.drugbank.com/drugs/DB06766	Alcaftadine
Compound::DB06768	DB06768	DrugBank	https://go.drugbank.com/drugs/DB06768	Ammonium Lactate
Compound::DB06770	DB06770	DrugBank	https://go.drugbank.com/drugs/DB06770	Benzyl Alcohol
Compound::DB06771	DB06771	DrugBank	https://go.drugbank.com/drugs/DB06771	Besifloxacin
Compound::DB06772	DB06772	DrugBank	https://go.drugbank.com/drugs/DB06772	Cabazitaxel
Compound::DB06775	DB06775	DrugBank	https://go.drugbank.com/drugs/DB06775	Carglumic Acid
Compound::DB06777	DB06777	DrugBank	https://go.drugbank.com/drugs/DB06777	Chenodeoxycholic Acid
Compound::DB06781	DB06781	DrugBank	https://go.drugbank.com/drugs/DB06781	Difluprednate
Compound::DB06782	DB06782	DrugBank	https://go.drugbank.com/drugs/DB06782	Dimercaprol
Compound::DB06795	DB06795	DrugBank	https://go.drugbank.com/drugs/DB06795	Mafenide
Compound::DB06800	DB06800	DrugBank	https://go.drugbank.com/drugs/DB06800	Methylnaltrexone
Compound::DB06802	DB06802	DrugBank	https://go.drugbank.com/drugs/DB06802	Nepafenac
Compound::DB06803	DB06803	DrugBank	https://go.drugbank.com/drugs/DB06803	Niclosamide
Compound::DB06804	DB06804	DrugBank	https://go.drugbank.com/drugs/DB06804	Nonoxynol-9
Compound::DB06809	DB06809	DrugBank	https://go.drugbank.com/drugs/DB06809	Plerixafor
Compound::DB06810	DB06810	DrugBank	https://go.drugbank.com/drugs/DB06810	Plicamycin
Compound::DB06811	DB06811	DrugBank	https://go.drugbank.com/drugs/DB06811	Polidocanol
Compound::DB06813	DB06813	DrugBank	https://go.drugbank.com/drugs/DB06813	Pralatrexate
Compound::DB06817	DB06817	DrugBank	https://go.drugbank.com/drugs/DB06817	Raltegravir
Compound::DB06827	DB06827	DrugBank	https://go.drugbank.com/drugs/DB06827	Viomycin
Compound::DB07402	DB07402	DrugBank	https://go.drugbank.com/drugs/DB07402	Azapropazone
Compound::DB08604	DB08604	DrugBank	https://go.drugbank.com/drugs/DB08604	Triclosan
Compound::DB08792	DB08792	DrugBank	https://go.drugbank.com/drugs/DB08792	Diloxanide
Compound::DB08795	DB08795	DrugBank	https://go.drugbank.com/drugs/DB08795	Azidocillin
Compound::DB08796	DB08796	DrugBank	https://go.drugbank.com/drugs/DB08796	Pipazethate
Compound::DB08797	DB08797	DrugBank	https://go.drugbank.com/drugs/DB08797	Salicylamide
Compound::DB08798	DB08798	DrugBank	https://go.drugbank.com/drugs/DB08798	Sulfamoxole
Compound::DB08799	DB08799	DrugBank	https://go.drugbank.com/drugs/DB08799	Antazoline
Compound::DB08800	DB08800	DrugBank	https://go.drugbank.com/drugs/DB08800	Chloropyramine
Compound::DB08801	DB08801	DrugBank	https://go.drugbank.com/drugs/DB08801	Dimetindene
Compound::DB08802	DB08802	DrugBank	https://go.drugbank.com/drugs/DB08802	Isothipendyl
Compound::DB08803	DB08803	DrugBank	https://go.drugbank.com/drugs/DB08803	Tymazoline
Compound::DB08804	DB08804	DrugBank	https://go.drugbank.com/drugs/DB08804	Nandrolone Decanoate
Compound::DB08806	DB08806	DrugBank	https://go.drugbank.com/drugs/DB08806	Roxatidine Acetate
Compound::DB08807	DB08807	DrugBank	https://go.drugbank.com/drugs/DB08807	Bopindolol
Compound::DB08808	DB08808	DrugBank	https://go.drugbank.com/drugs/DB08808	Bupranolol
Compound::DB08810	DB08810	DrugBank	https://go.drugbank.com/drugs/DB08810	Cinitapride
Compound::DB08811	DB08811	DrugBank	https://go.drugbank.com/drugs/DB08811	Tofisopam
Compound::DB08815	DB08815	DrugBank	https://go.drugbank.com/drugs/DB08815	Lurasidone
Compound::DB08816	DB08816	DrugBank	https://go.drugbank.com/drugs/DB08816	Ticagrelor
Compound::DB08819	DB08819	DrugBank	https://go.drugbank.com/drugs/DB08819	Tafluprost
Compound::DB08820	DB08820	DrugBank	https://go.drugbank.com/drugs/DB08820	Ivacaftor
Compound::DB08822	DB08822	DrugBank	https://go.drugbank.com/drugs/DB08822	Azilsartan Medoxomil
Compound::DB08823	DB08823	DrugBank	https://go.drugbank.com/drugs/DB08823	Spinosad
Compound::DB08824	DB08824	DrugBank	https://go.drugbank.com/drugs/DB08824	Ioflupane I 123
Compound::DB08826	DB08826	DrugBank	https://go.drugbank.com/drugs/DB08826	Deferiprone
Compound::DB08827	DB08827	DrugBank	https://go.drugbank.com/drugs/DB08827	Lomitapide
Compound::DB08828	DB08828	DrugBank	https://go.drugbank.com/drugs/DB08828	Vismodegib
Compound::DB08834	DB08834	DrugBank	https://go.drugbank.com/drugs/DB08834	Tauroursodeoxycholic Acid
Compound::DB08835	DB08835	DrugBank	https://go.drugbank.com/drugs/DB08835	Spaglumic Acid
Compound::DB08842	DB08842	DrugBank	https://go.drugbank.com/drugs/DB08842	Acetylcarnitine
Compound::DB08847	DB08847	DrugBank	https://go.drugbank.com/drugs/DB08847	Hydroxyproline
Compound::DB08860	DB08860	DrugBank	https://go.drugbank.com/drugs/DB08860	Pitavastatin
Compound::DB08864	DB08864	DrugBank	https://go.drugbank.com/drugs/DB08864	Rilpivirine
Compound::DB08865	DB08865	DrugBank	https://go.drugbank.com/drugs/DB08865	Crizotinib
Compound::DB08866	DB08866	DrugBank	https://go.drugbank.com/drugs/DB08866	Estradiol Valerate/dienogest
Compound::DB08868	DB08868	DrugBank	https://go.drugbank.com/drugs/DB08868	Fingolimod
Compound::DB08871	DB08871	DrugBank	https://go.drugbank.com/drugs/DB08871	Eribulin
Compound::DB08873	DB08873	DrugBank	https://go.drugbank.com/drugs/DB08873	Boceprevir
Compound::DB08874	DB08874	DrugBank	https://go.drugbank.com/drugs/DB08874	Fidaxomicin
Compound::DB08877	DB08877	DrugBank	https://go.drugbank.com/drugs/DB08877	Ruxolitinib
Compound::DB08881	DB08881	DrugBank	https://go.drugbank.com/drugs/DB08881	Vemurafenib
Compound::DB08882	DB08882	DrugBank	https://go.drugbank.com/drugs/DB08882	Linagliptin
Compound::DB08884	DB08884	DrugBank	https://go.drugbank.com/drugs/DB08884	Gadoxetate
Compound::DB08887	DB08887	DrugBank	https://go.drugbank.com/drugs/DB08887	Icosapent Ethyl
Compound::DB08889	DB08889	DrugBank	https://go.drugbank.com/drugs/DB08889	Carfilzomib
Compound::DB08890	DB08890	DrugBank	https://go.drugbank.com/drugs/DB08890	Linaclotide
Compound::DB08893	DB08893	DrugBank	https://go.drugbank.com/drugs/DB08893	Mirabegron
Compound::DB08896	DB08896	DrugBank	https://go.drugbank.com/drugs/DB08896	Regorafenib
Compound::DB08897	DB08897	DrugBank	https://go.drugbank.com/drugs/DB08897	Aclidinium
Compound::DB08899	DB08899	DrugBank	https://go.drugbank.com/drugs/DB08899	Enzalutamide
Compound::DB08901	DB08901	DrugBank	https://go.drugbank.com/drugs/DB08901	Ponatinib
Compound::DB08903	DB08903	DrugBank	https://go.drugbank.com/drugs/DB08903	Bedaquiline
Compound::DB08905	DB08905	DrugBank	https://go.drugbank.com/drugs/DB08905	Formestane
Compound::DB08906	DB08906	DrugBank	https://go.drugbank.com/drugs/DB08906	Fluticasone Furoate
Compound::DB08907	DB08907	DrugBank	https://go.drugbank.com/drugs/DB08907	Canagliflozin
Compound::DB08909	DB08909	DrugBank	https://go.drugbank.com/drugs/DB08909	Glycerol Phenylbutyrate
Compound::DB08910	DB08910	DrugBank	https://go.drugbank.com/drugs/DB08910	Pomalidomide
Compound::DB08911	DB08911	DrugBank	https://go.drugbank.com/drugs/DB08911	Trametinib
Compound::DB08912	DB08912	DrugBank	https://go.drugbank.com/drugs/DB08912	Dabrafenib
Compound::DB08913	DB08913	DrugBank	https://go.drugbank.com/drugs/DB08913	Radium Ra 223 Dichloride
Compound::DB08916	DB08916	DrugBank	https://go.drugbank.com/drugs/DB08916	Afatinib
Compound::DB08918	DB08918	DrugBank	https://go.drugbank.com/drugs/DB08918	Levomilnacipran
Compound::DB08924	DB08924	DrugBank	https://go.drugbank.com/drugs/DB08924	Amfecloral
Compound::DB08928	DB08928	DrugBank	https://go.drugbank.com/drugs/DB08928	Arsthinol
Compound::DB08930	DB08930	DrugBank	https://go.drugbank.com/drugs/DB08930	Dolutegravir
Compound::DB08932	DB08932	DrugBank	https://go.drugbank.com/drugs/DB08932	Macitentan
Compound::DB08933	DB08933	DrugBank	https://go.drugbank.com/drugs/DB08933	Luliconazole
Compound::DB08934	DB08934	DrugBank	https://go.drugbank.com/drugs/DB08934	Sofosbuvir
Compound::DB08936	DB08936	DrugBank	https://go.drugbank.com/drugs/DB08936	Chlorcyclizine
Compound::DB08941	DB08941	DrugBank	https://go.drugbank.com/drugs/DB08941	Isoxsuprine
Compound::DB08943	DB08943	DrugBank	https://go.drugbank.com/drugs/DB08943	Isoconazole
Compound::DB08944	DB08944	DrugBank	https://go.drugbank.com/drugs/DB08944	Isoaminile
Compound::DB08946	DB08946	DrugBank	https://go.drugbank.com/drugs/DB08946	Iopanoic Acid
Compound::DB08947	DB08947	DrugBank	https://go.drugbank.com/drugs/DB08947	Iopamidol
Compound::DB08954	DB08954	DrugBank	https://go.drugbank.com/drugs/DB08954	Ifenprodil
Compound::DB08957	DB08957	DrugBank	https://go.drugbank.com/drugs/DB08957	Hexoprenaline
Compound::DB08958	DB08958	DrugBank	https://go.drugbank.com/drugs/DB08958	Hexetidine
Compound::DB08965	DB08965	DrugBank	https://go.drugbank.com/drugs/DB08965	Fusafungine
Compound::DB08966	DB08966	DrugBank	https://go.drugbank.com/drugs/DB08966	Fursultiamine
Compound::DB08967	DB08967	DrugBank	https://go.drugbank.com/drugs/DB08967	Dimetotiazine
Compound::DB08968	DB08968	DrugBank	https://go.drugbank.com/drugs/DB08968	Fominoben
Compound::DB08970	DB08970	DrugBank	https://go.drugbank.com/drugs/DB08970	Fluprednidene Acetate
Compound::DB08971	DB08971	DrugBank	https://go.drugbank.com/drugs/DB08971	Fluocortolone
Compound::DB08974	DB08974	DrugBank	https://go.drugbank.com/drugs/DB08974	Flubendazole
Compound::DB08976	DB08976	DrugBank	https://go.drugbank.com/drugs/DB08976	Floctafenine
Compound::DB08979	DB08979	DrugBank	https://go.drugbank.com/drugs/DB08979	Fenspiride
Compound::DB08981	DB08981	DrugBank	https://go.drugbank.com/drugs/DB08981	Fenbufen
Compound::DB08982	DB08982	DrugBank	https://go.drugbank.com/drugs/DB08982	Etozoline
Compound::DB08983	DB08983	DrugBank	https://go.drugbank.com/drugs/DB08983	Etofibrate
Compound::DB08984	DB08984	DrugBank	https://go.drugbank.com/drugs/DB08984	Etofenamate
Compound::DB08987	DB08987	DrugBank	https://go.drugbank.com/drugs/DB08987	Etidocaine
Compound::DB08990	DB08990	DrugBank	https://go.drugbank.com/drugs/DB08990	Eprazinone
Compound::DB08991	DB08991	DrugBank	https://go.drugbank.com/drugs/DB08991	Epirizole
Compound::DB08992	DB08992	DrugBank	https://go.drugbank.com/drugs/DB08992	Eperisone
Compound::DB08993	DB08993	DrugBank	https://go.drugbank.com/drugs/DB08993	Enviomycin
Compound::DB08994	DB08994	DrugBank	https://go.drugbank.com/drugs/DB08994	Ditazole
Compound::DB08995	DB08995	DrugBank	https://go.drugbank.com/drugs/DB08995	Diosmin
Compound::DB08996	DB08996	DrugBank	https://go.drugbank.com/drugs/DB08996	Dimetacrine
Compound::DB08998	DB08998	DrugBank	https://go.drugbank.com/drugs/DB08998	Demexiptiline
Compound::DB09000	DB09000	DrugBank	https://go.drugbank.com/drugs/DB09000	Cyamemazine
Compound::DB09002	DB09002	DrugBank	https://go.drugbank.com/drugs/DB09002	Cloperastine
Compound::DB09003	DB09003	DrugBank	https://go.drugbank.com/drugs/DB09003	Clocapramine
Compound::DB09006	DB09006	DrugBank	https://go.drugbank.com/drugs/DB09006	Clinofibrate
Compound::DB09008	DB09008	DrugBank	https://go.drugbank.com/drugs/DB09008	Cephaloridine
Compound::DB09009	DB09009	DrugBank	https://go.drugbank.com/drugs/DB09009	Articaine
Compound::DB09014	DB09014	DrugBank	https://go.drugbank.com/drugs/DB09014	Captodiame
Compound::DB09015	DB09015	DrugBank	https://go.drugbank.com/drugs/DB09015	Potassium Canrenoate
Compound::DB09017	DB09017	DrugBank	https://go.drugbank.com/drugs/DB09017	Brotizolam
Compound::DB09018	DB09018	DrugBank	https://go.drugbank.com/drugs/DB09018	Bromopride
Compound::DB09019	DB09019	DrugBank	https://go.drugbank.com/drugs/DB09019	Bromhexine
Compound::DB09020	DB09020	DrugBank	https://go.drugbank.com/drugs/DB09020	Bisacodyl
Compound::DB09028	DB09028	DrugBank	https://go.drugbank.com/drugs/DB09028	Cytisine
